t,veh_ID0,Y0,v0,a0,veh_ID1,Y1,v1,a1,veh_ID2,Y2,v2,a2,veh_ID-1,Y-1,v-1,a-1
1118849261.8,957.0,484.3205464489526,6.782782657954233,0.5475302444685386,982.0,467.652420923345,7.726306792217243,-0.267893590296156,987.0,450.94812436136027,7.9317089033515025,-0.24211885115317908,977.0,493.7945488608824,8.14669840121628,-0.24538234031147982
1118849261.9,957.0,485.0015570065924,6.837428494874503,0.5720994489553024,982.0,468.42372467959234,7.699768332730194,-0.278704563025102,987.0,451.74006002954366,7.907004460347808,-0.22363039891825054,977.0,494.60939735955304,8.150271572213109,-0.4259234585698643
1118849262.0,957.0,485.6880675721929,6.892782817133124,0.5338130920835302,982.0,469.1922956008015,7.67165009144115,-0.3004314931101036,987.0,452.52966767275956,7.885148403940883,-0.18841863531875921,977.0,495.4246766281438,8.155313799583773,0.06466966117287212
1118849262.1,957.0,486.37999806276656,6.945826994303709,0.49840669926998044,982.0,469.957930525236,7.64104839725101,-0.3299060027983232,987.0,453.31726419974575,7.866782135795798,-0.1578379313200947,977.0,496.24052447515356,8.16164314060787,0.0828233669026239
1118849262.2,957.0,487.0770574271098,6.995360292583311,0.46549270576327567,982.0,470.7203570587289,7.60748227262314,-0.3615442666300074,987.0,454.1031287226196,7.850508321680469,-0.17690773492326586,977.0,497.057117830432,8.170223964966624,0.11713611754323713
1118849262.3,957.0,487.7789403417593,7.04229800041007,0.447897482640061,982.0,471.47928020345313,7.570980621838374,-0.39037680109871287,987.0,454.88733396122046,7.833596450333185,-0.2017240278171772,977.0,497.87474165651605,8.182252556742675,0.1631669057545738
1118849262.4,957.0,488.4854224325352,7.087343815108811,0.3933902057610914,982.0,472.234437284826,7.532161005665488,-0.4092935319956717,987.0,455.6696656076812,7.813036478850477,-0.25858329622246545,977.0,498.693758954591,8.198093404721115,0.17882399118341044
1118849262.5,957.0,489.1962437264285,7.129082062732642,0.3519625458237642,982.0,472.98564215195967,7.491936336998725,-0.42437924595240295,987.0,456.4496461211131,7.786573789816408,-0.3338771352736731,977.0,499.5145071960437,8.216871424321322,0.2010831974182965
1118849262.6,957.0,489.9109361650124,7.1647667089612055,0.2852862791749334,982.0,473.73275715004775,7.450363624767348,-0.4423356646657563,987.0,457.2266447657177,7.753399102256817,-0.3773113537770664,977.0,500.33719978079085,8.236980270668589,0.20574859019624117
1118849262.7,957.0,490.62879235227706,7.192357036330087,0.207415920660425,982.0,474.4755721378148,7.40593613055873,-0.48389622171421737,987.0,458.00002483371094,7.714202257620488,-0.43254321816886576,977.0,501.1619011382703,8.257046878891186,0.20022865750792798
1118849262.8,957.0,491.348967669607,7.211149310250833,0.09867427072967273,982.0,475.21370332106795,7.356687534512304,-0.5428468082538468,987.0,458.76926078142543,7.670516696680085,-0.4700537021667074,977.0,501.9885875746315,8.276681848351696,0.19725191778465023
1118849262.9,957.0,492.0706001890569,7.2215010787732545,0.04364091090954144,982.0,475.9466672249406,7.302590542940123,-0.5577056571159749,987.0,459.53398662660726,7.624000206949431,-0.49103365649117603,977.0,502.81725154503505,8.296597559717897,0.2061551557165494
1118849263.0,957.0,492.79293307850156,7.225156710104161,0.006616379497954189,982.0,476.67410438833207,7.246152724869041,-0.564066966242968,987.0,460.29400188241414,7.576304909196422,-0.46327601667628476,977.0,503.64797138229466,8.317799185493305,0.2232990400318872
1118849263.1,957.0,493.51545853384397,7.225352396747962,-0.003926097137424159,982.0,477.39589754285316,7.189710365535301,-0.5577959204236603,987.0,461.0492778040087,7.5292135226745325,-0.44842110576418276,977.0,504.4808748107623,8.340269383842898,0.2318510066086673
1118849263.2,957.0,494.23800864651275,7.2256498566508,0.014627156400665217,982.0,478.11207762980325,7.133891373508057,-0.5516767569365253,987.0,461.7999593890057,7.484418177259571,-0.41882427667027433,977.0,505.31601515797485,8.362537560365881,0.2073050863530241
1118849263.3,957.0,494.96071950731823,7.228567359452216,0.05856669287418624,982.0,478.8227454991236,7.079466012868206,-0.4947664764092754,987.0,462.5463281509383,7.442957061407205,-0.3838698635452866,977.0,506.1532824758209,8.382808796610995,0.18100938338268335
1118849263.4,957.0,495.6839120063569,7.235282621325035,0.10990473588344264,982.0,479.5281713349005,7.029050702690219,-0.4405164660038856,987.0,463.28871929315534,7.404865782930844,-0.35945369078764594,977.0,506.9924471885077,8.400485457119558,0.15760356400137798
1118849263.5,957.0,496.4079726506757,7.245930265028404,0.15722166686568492,982.0,480.22892472383444,6.986017075986397,-0.35782468996988165,987.0,464.02743513867523,7.369451127482705,-0.33756253161105876,977.0,507.83329303523533,8.416431477407054,0.14785735300755437
1118849263.6,957.0,497.13325325801856,7.259681881853193,0.14992647504880133,982.0,480.9257878660363,6.95124576806159,-0.2872375157900177,987.0,464.76270205313716,7.335887161749577,-0.32302920104837385,977.0,508.67571036405747,8.431915099040348,0.14427691436286855
1118849263.7,957.0,497.8599824721183,7.274902400125268,0.15495379532326753,982.0,481.61942172934334,6.921431498050888,-0.309910288246761,987.0,465.4946702374945,7.303476525402546,-0.3148631919821641,977.0,509.5196795454121,8.447468528047677,0.1447121264072689
1118849263.8,957.0,498.5882253819359,7.289955796209261,0.1465788717035826,982.0,482.3100666175484,6.89146626603151,-0.33808952172097784,987.0,466.2234128098353,7.2713749213879195,-0.33239203900895564,977.0,510.36517752048445,8.462490973391295,0.1344110217960682
1118849263.9,957.0,499.3179388653915,7.304313872925562,0.14102594128905985,982.0,482.997562849967,6.858458382381989,-0.3757077990702559,987.0,466.9488961849881,7.238292581662359,-0.3504497764596376,977.0,511.21207748563455,8.47550832960283,0.10745675431676492
1118849264.0,957.0,500.04910107854795,7.318930390189659,0.15715743269863178,982.0,483.6812511084734,6.815306787710395,-0.3870910164829729,987.0,467.6709511421412,7.202806561406398,-0.38200562712842984,977.0,512.0601029411496,8.485000780728635,0.08555525546330606
1118849264.1,957.0,500.7818180262064,7.33540856296288,0.18466373672559405,982.0,484.36103402963334,6.780351635498787,-0.32765038205975916,987.0,468.3893045847558,7.164262290872984,-0.413574125854283,977.0,512.9088948952533,8.490838301318746,0.04909429766892411
1118849264.2,957.0,501.516320588603,7.354642684972832,0.21432650137830372,982.0,485.03743430028453,6.747653777558002,-0.29975957284432014,987.0,469.10369433752385,7.123532764542787,-0.3914140385459691,977.0,513.7582012606921,8.49528900744744,0.05356668349540234
1118849264.3,957.0,502.2528501734794,7.375949012575331,0.22764931217011325,982.0,485.7107192875396,6.718045967502458,-0.268358216565835,987.0,469.8140159024202,7.082898533370019,-0.3772061758712946,977.0,514.6080726408494,8.50213859573822,0.10442744916008392
1118849264.4,957.0,502.99151312853354,7.397310088486938,0.18275490998048555,982.0,486.3811928751303,6.6914257843135285,-0.24243267268269045,987.0,470.5204131610468,7.045046639163093,-0.33878450985687736,977.0,515.4588928281017,8.514265149307406,0.15080830728412364
1118849264.5,957.0,503.7322042772859,7.416512886584877,0.15511724057901655,982.0,487.0490907418993,6.6665315510835415,-0.22736555580958676,987.0,471.2232607798242,7.011905736356964,-0.28809502214505756,977.0,516.3111926481997,8.531731252633264,0.19580856715342715
1118849264.6,957.0,504.47463793353126,7.432160238346976,0.12019703203165927,982.0,487.7145122551796,6.641898714503482,-0.22946915611477334,987.0,471.92305520613553,6.98398278990086,-0.2449551244578969,977.0,517.1653729134299,8.55187405197524,0.2039276544919303
1118849264.7,957.0,505.2184385680637,7.443852452253636,0.08552681286306402,982.0,488.37751016362864,6.618059454493115,-0.2126480740279432,987.0,472.6202732770834,6.960378629021139,-0.21059058578836146,977.0,518.0215252512289,8.57117270400143,0.17905636440341755
1118849264.8,957.0,505.9632146750764,7.451669688032372,-0.12797035089233838,982.0,489.0382969526717,6.597676326350823,-0.16537255882647842,987.0,473.3152622255737,6.9394003408151175,-0.194277405463638,977.0,518.8794451483622,8.587225238640702,0.10564774958658066
1118849264.9,957.0,506.7085783368775,7.455603547990006,-0.04231243625762991,982.0,489.69733306981857,6.583046016605668,-0.07864672821453542,987.0,474.0082081289734,6.919517727150564,-0.18944474460609023,977.0,519.7387694513692,8.599260821528613,0.07522857095364653
1118849265.0,957.0,507.4541427937862,7.4556855902001145,0.038761121175357245,982.0,490.35517801854365,6.573852957871335,-0.04790058830891057,987.0,474.6991868155244,6.900056003869262,-0.19465851297514764,977.0,520.5991003340711,8.60735683249543,0.04644203597652044
1118849265.1,957.0,508.1995590327704,7.452639189461727,0.09310671705230533,982.0,491.01227660401463,6.568118751572394,-0.03103379473948019,987.0,475.38824039845184,6.8810156547031385,-0.18959532111145336,977.0,521.4600455699125,8.611547884347672,0.01654303465031411
1118849265.2,957.0,508.9445824019008,7.447828193140117,-0.057974418748046284,982.0,491.6689422122434,6.565193412986141,-0.009235038377880615,987.0,476.0754072691964,6.862321760203432,-0.1876667013888004,977.0,522.3212035330165,8.611611377757399,-0.0257561588008256
1118849265.3,957.0,509.68908728384974,7.442269445866951,-0.06317551981580342,982.0,492.32552010297326,6.5663644016415885,0.04526004876752361,987.0,476.76069242377133,6.843381331299769,-0.1945706390069969,977.0,523.1821534097214,8.607386156318865,-0.07915742897170518
1118849265.4,957.0,510.4329999283435,7.435983443951054,-0.07382454665534241,982.0,492.9824976079397,6.57318569770374,0.12235882268300577,987.0,477.4440318346575,6.823406886421032,-0.20550002806218381,977.0,524.0424729951789,8.599005552817186,-0.12893561274312745
1118849265.5,957.0,511.17621967912936,7.428411571824938,-0.09120037673255071,982.0,493.64047778429676,6.586417829393764,0.20279272631121173,987.0,478.1253106285534,6.802168991474525,-0.21686635939317667,977.0,524.9017620815818,8.586776175228024,-0.1747237096775276
1118849265.6,957.0,511.9186007930698,7.419210706944947,-0.10560451244030673,982.0,494.3000960322397,6.605947129509107,0.27709837000240195,987.0,478.8044338124969,6.780294687417662,-0.21815654687310124,977.0,525.7596385946777,8.570754086738093,-0.20299034620325662
1118849265.7,957.0,512.659979679262,7.408367016902719,-0.12267982599037375,982.0,494.96194915863595,6.631115398417995,0.2825267294996388,987.0,479.4813879725325,6.75878851325508,-0.20954521509151638,977.0,526.6156884892059,8.550243803804603,-0.26036118334734537
1118849265.8,957.0,513.4001904784362,7.395848966560571,-0.140853604941444,982.0,495.6265450374121,6.660802177073651,0.3212383855249097,987.0,480.1562474017675,6.7384000714790355,-0.18922611512329005,977.0,527.4693910160764,8.523806733585742,-0.3368834749765316
1118849265.9,957.0,514.1390719446011,7.381780356787275,-0.15532262863070515,982.0,496.2942483189284,6.69326345327615,0.3389540316973992,987.0,480.82914104298584,6.7194727528708675,-0.17431377225745467,977.0,528.3200808805718,8.48999055632926,-0.42706393160707884
1118849266.0,957.0,514.8764991949273,7.366764649744673,-0.15489578888465547,982.0,496.9652375634222,6.726521436585655,0.33744169150486136,987.0,481.5002187334902,6.702081057229325,-0.1597311712328958,977.0,529.1669816180425,8.448024193124649,-0.4923002238802755
1118849266.1,957.0,515.612413884422,7.351529140109571,-0.15408448894849772,982.0,497.63952020936375,6.759131482240678,0.31663476420560743,987.0,482.1696288225007,6.686120722950077,-0.14682139685926712,977.0,530.0092734909225,8.397813264469766,-0.5795267261233986
1118849266.2,957.0,516.3468033394461,7.336259960381768,-0.15557862751940268,982.0,498.31700691408787,6.790602612240237,0.30545962841614716,987.0,482.8375043999438,6.671390825931739,-0.13921289872108317,977.0,530.8461415906593,8.339548730219692,-0.664216413300867
1118849266.3,957.0,517.0796417301534,7.320507853739608,-0.16387837807641492,982.0,498.9975945485635,6.821150077300521,0.29837654534307906,987.0,483.5039519117939,6.657559411080811,-0.13252949346993045,977.0,531.6767920246784,8.273459950192304,-0.7465468891080779
1118849266.4,957.0,517.8108631689096,7.303920921401759,-0.16275392636509842,982.0,499.68120578527123,6.851074656798848,0.2931469591435442,987.0,484.1690371728018,6.644145809089416,-0.13100423263968594,977.0,532.5004532805835,8.199765167883388,-0.8062768121086168
1118849266.5,957.0,518.5404087655686,7.286991011800493,-0.16117358024227965,982.0,500.36778418170684,6.880493271951512,0.2907316712221142,987.0,484.83278738890345,6.630858512918773,-0.1300479941990276,977.0,533.3163759837635,8.118688895736241,-0.8819103781967259
1118849266.6,957.0,519.2683015093749,7.270863864305815,-0.14739432116247195,982.0,501.05728303435984,6.909483781120299,0.28701096345182414,987.0,485.4952358827521,6.618111364028768,-0.10128220826000589,977.0,534.1238323069315,8.03043756761255,-0.9556773366834983
1118849266.7,957.0,519.9946676033261,7.256458014733137,-0.12823921986222497,982.0,501.7496657372594,6.938170276855966,0.28467308422675597,987.0,486.1564918279836,6.607007540628828,-0.08224418593135942,977.0,534.922106472099,7.9350457357764075,-1.0305914482606306
1118849266.8,957.0,520.7196887448957,7.243964816638557,-0.1587894281733337,982.0,502.4449079961356,6.966674900689683,0.2833864961761458,987.0,486.81675775326465,6.598310964985297,-0.06149469681065495,977.0,535.7104747374086,7.832319570358466,-1.0751420228817357
1118849266.9,957.0,521.443533708885,7.232934463131729,-0.14367165911759147,982.0,503.14299541584523,6.995073493459211,0.28297753387579294,987.0,487.4763928305995,6.5943905817010195,-0.05142027279634966,977.0,536.488210043977,7.72238656102527,-1.1452336991264582
1118849267.0,957.0,522.1662855222405,7.222101803980508,-0.15336849132798946,982.0,503.8439240703631,7.023499596937062,0.2843542886109983,987.0,488.13553572106696,6.588467227648924,-0.15638510158499938,977.0,537.2546656288052,7.606725135579156,-1.1908419035628566
1118849267.1,957.0,522.8871947650368,7.196083051964645,-0.20466173542989885,982.0,504.54771432462076,7.0523054881973595,0.29055738719424407,987.0,488.79416906706916,6.584199692408061,-0.08103856786827403,977.0,538.009428592534,7.488534138983252,-1.196324799080444
1118849267.2,957.0,523.6058947018957,7.177915685233675,-0.22563034777331645,982.0,505.2544080551786,7.081569122975496,0.2934899925036593,987.0,489.45260489969957,6.584516960199757,0.09868971286229615,977.0,538.752433565878,7.37156532789332,-1.137286758708116
1118849267.3,957.0,524.3224390045615,7.152970368072116,-0.29955363989444933,982.0,505.9639970820125,7.110211413677684,0.26614909468834697,987.0,490.111452902894,6.592443103687931,0.342280066031082,977.0,539.4839320272379,7.258403899284956,-1.091711965351876
1118849267.4,957.0,525.036198017453,7.122209889778006,-0.3480593188188211,982.0,506.6763312019164,7.136470984382475,0.23531885250206908,987.0,490.7715161500069,6.608821838592941,0.21139008455432626,977.0,540.2043397597038,7.149750750052426,-1.0484848665798123
1118849267.5,957.0,525.7467352761541,7.088535284245584,-0.3609059551885337,982.0,507.39113325033236,7.159569983954503,0.20579300068688733,987.0,491.43355873505703,6.632029862373752,0.26833986694718137,977.0,540.9140642813877,7.044739683615024,-1.0199719917308292
1118849267.6,957.0,526.4538870783211,7.054500759066185,-0.3459287979673023,982.0,508.10812888663435,7.180342742099358,0.1908956010227786,987.0,492.09812573510607,6.659310138587183,0.2955670692233375,977.0,541.6133922540503,6.94181976965624,-1.0115942213475202
1118849267.7,957.0,527.1576459877668,7.020677429833243,-0.3467290456922952,982.0,508.8271473771696,7.20002706856767,0.19060539039704974,987.0,492.76549764491125,6.688128057535746,0.3001242740005892,977.0,542.3024841540898,6.840018231125977,-1.0022027158921627
1118849267.8,957.0,527.857980200836,6.986006831583508,-0.3632797667662849,982.0,509.54808283283603,7.218682044789713,0.1764196358074184,987.0,493.43572224619163,6.7163639680654885,0.2478189934952683,977.0,542.9814720478868,6.739739644811517,-0.9814677954410025
1118849267.9,957.0,528.5547420310382,6.949229772449596,-0.3898666281498091,982.0,510.2708069848174,7.23580099485618,0.160385033464217,987.0,494.10863811613575,6.741953430820836,0.21450403982072494,977.0,543.6505627055554,6.642073508549168,-0.9505242836249119
1118849268.0,957.0,529.2476995364215,6.909920335208592,-0.4231255309245736,982.0,510.99521009337275,7.2522611762455504,0.1634587728133219,987.0,494.7838958997257,6.763202240971879,0.16939672657334653,977.0,544.3100284243852,6.54724086802568,-0.9323974235254092
1118849268.1,957.0,529.9366191912775,6.868472761924813,-0.44199496325141757,982.0,511.72127884977596,7.269113951815868,0.08461283843998507,987.0,495.46103851465995,6.779650057723322,0.12776482795583302,977.0,544.9600945137063,6.454080918421226,-0.9243562814025521
1118849268.2,957.0,530.6212994942615,6.825133297761435,-0.46261429813104277,982.0,512.4489555680483,7.284420413590803,0.0669598258858204,987.0,496.1396366388885,6.792312426850004,0.09643229821779112,977.0,545.6008577604028,6.36118401553128,-0.9271546881678123
1118849268.3,957.0,531.3014940922217,6.778758661436919,-0.5053470350842549,982.0,513.177858531928,7.293638864027738,0.024326136489105563,987.0,496.8193851861126,6.80265851764407,0.08202691049002576,977.0,546.232332307914,6.268306934683181,-0.9239612119564539
1118849268.4,957.0,531.9767626329168,6.7266121524694595,-0.5754774834097407,982.0,513.9072095907886,7.293382313209278,-0.02686663811923453,987.0,497.50008307098176,6.811299179715966,0.06701544248713195,977.0,546.8545703500242,6.176453907520453,-0.8930795497653049
1118849268.5,957.0,532.6463997612508,6.666130414168418,-0.6704580750046877,982.0,514.6360795648537,7.284017168085433,-0.1484752692829281,987.0,498.18153518457575,6.817743092194394,0.044135285335398185,977.0,547.467732850318,6.086796098349298,-0.8669437162097124
1118849268.6,957.0,533.3095832969719,6.5975403003007616,-0.7425115952462977,982.0,515.3636881273071,7.268154080962283,-0.20559318599659218,987.0,498.86348601021064,6.82127342050304,0.026728154020865817,977.0,548.0720744707318,6.000036309941013,-0.8361900940098134
1118849268.7,957.0,533.9656848412874,6.524490585989438,-0.7623267104826297,982.0,516.0894653620052,7.247390613028372,-0.2578531129825365,987.0,499.54564335491733,6.821873473614895,-0.010221131376604974,977.0,548.6679056993025,5.9165882614307685,-0.8019327670769487
1118849268.8,957.0,534.6144861088884,6.451534766055153,-0.7168126023847144,982.0,516.8129285247087,7.22187264101881,-0.3117150209597897,987.0,500.2277564072005,6.820387572043589,-0.03065493509108579,977.0,549.2555670771134,5.836639294814295,-0.7776000494205327
1118849268.9,957.0,535.2561115796769,6.380974649711232,-0.6900957541123,982.0,517.5336048322188,7.191653509163276,-0.34887009958493626,987.0,500.90968476145235,6.818179513004161,-0.03008715563903772,977.0,549.8353898972947,5.7598171088236265,-0.7502965805839128
1118849269.0,957.0,535.8907696744366,6.3121872454754655,-0.6814662394843827,982.0,518.2510275386537,7.156800619550251,-0.3992194613739482,987.0,501.59143623278743,6.816849913694445,-0.005520585427332336,977.0,550.4076301117543,5.684987180356874,-0.7379765537125533
1118849269.1,957.0,536.5185522098478,6.243463462761619,-0.6888271953929377,982.0,518.9647115903684,7.116880414727249,-0.45763599110079534,987.0,502.27317080455356,6.817841521647562,0.02872744580378495,977.0,550.9724144338288,5.610699261123034,-0.7395166988384708
1118849269.2,957.0,537.139416112334,6.173814586917714,-0.6973861029327334,982.0,519.6741059564719,7.07100690735267,-0.5270023666513736,987.0,502.9551433442654,6.8216092725696935,0.05945021484241913,977.0,551.5297544122135,5.536100306558741,-0.7364638616106335
1118849269.3,957.0,537.7532652117982,6.1031674023543,-0.7061750842717037,982.0,520.3785753377035,7.018380717292149,-0.5854461502737113,987.0,503.63757307460156,6.8269853341395095,0.0663671606994294,977.0,552.0796373539389,5.461558527944055,-0.7307405772812027
1118849269.4,957.0,538.3600281438771,6.0320912392345925,-0.7059087023190006,982.0,521.0774373243171,6.95885901496875,-0.6558190595766739,987.0,504.3205099581709,6.8317523372862565,0.4818764214742232,977.0,552.6221378684094,5.388451761506175,-0.708218543685929
1118849269.5,957.0,538.959729938424,5.961944651733748,-0.6877070268780565,982.0,521.7700317639678,6.893029778061462,-0.7169834372347728,987.0,505.00380472996926,6.834143098642433,0.11467211134248632,977.0,553.1574684954905,5.318160780062176,-0.6753175337373443
1118849269.6,957.0,539.552532015775,5.894096895277558,-0.6642377952774691,982.0,522.455770552334,6.821745989254247,-0.769568250953572,987.0,505.68719935500354,6.83374940205539,-0.21290823213297794,977.0,553.6859278472392,5.251026254927228,-0.6547366118855116
1118849269.7,957.0,540.1386558629164,5.828380047554595,-0.6492821936709744,982.0,523.134137803172,6.7455990274882875,-0.8064920580644233,987.0,506.3704457399604,6.831178297110793,-0.428640067311811,977.0,554.2077849119904,5.186115040107631,-0.6400081916557044
1118849269.8,957.0,540.7182328371906,5.763159437928947,-0.6543192023647691,982.0,523.8046586423858,6.664817756785975,-0.8536084631708942,987.0,507.05336727284765,6.827252360623469,-0.04863969436998317,977.0,554.7231865408112,5.1219175363343,-0.6405006486401936
1118849269.9,957.0,541.2912503146902,5.697190112052857,-0.6642472109388267,982.0,524.4668714588882,6.579438573263283,-0.9009817510753558,987.0,507.73585517159984,6.82250561440139,-0.05592117655236789,977.0,555.2321554802306,5.057461252009778,-0.6451699310384523
1118849270.0,957.0,541.8576542330447,5.630888255052356,-0.65321858395652,982.0,525.120309758608,6.489327421156355,-0.9508530774837283,987.0,508.41783352057723,6.817061365154436,-0.06400422416378232,977.0,555.7346777786598,4.9929847166052514,-0.6292733436179646
1118849270.1,957.0,542.4174748752382,5.565524588823546,-0.6379292813112505,982.0,525.7644964042905,6.394405492508828,-0.9645723477328728,987.0,509.099219948555,6.810667194363297,-0.07684595730140696,977.0,556.2308104900255,4.929669510678365,-0.6107173341462233
1118849270.2,957.0,542.9708377444778,5.501732795937395,-0.6221689040972526,982.0,526.3989914346923,6.295495115488403,-0.9963811480992992,987.0,509.7798888710417,6.802711255384722,-0.10029315853760971,977.0,556.7207344385862,4.868809460547603,-0.5811905765312979
1118849270.3,957.0,543.5178981375369,5.439475065281208,-0.607626495563535,982.0,527.0235228903432,6.195133997529525,-0.9933340975154457,987.0,510.4596425698095,6.792362719958349,-0.13203331027157583,977.0,557.2047248950037,4.810999667795635,-0.5509798562509676
1118849270.4,957.0,544.0588115872293,5.378793928559507,-0.5869063482185033,982.0,527.6381235799608,6.096879794823328,-0.9546103758649773,987.0,511.1382053492654,6.778892869182097,-0.17036724568173944,977.0,557.6830633086688,4.755768605550589,-0.5246933537827405
1118849270.5,957.0,544.5937459451441,5.3198932297404244,-0.5684667808916717,982.0,528.2431433544817,6.0035156955875815,-0.8865000616654981,987.0,511.8152446624596,6.761893394708724,-0.21127399274436903,977.0,558.1559586186254,4.7021375935366985,-0.5137742494990655
1118849270.6,957.0,545.1228887327329,5.262962522006376,-0.5482637716465726,982.0,528.8391266697608,5.916150610048029,-0.8264610457952183,987.0,512.4904050564268,6.741314484661171,-0.23254963715414226,977.0,558.6235634972243,4.649959978442343,-0.49655094962208257
1118849270.7,957.0,545.6464471492991,5.20820580934546,-0.52582254167806,982.0,529.4266343945388,5.834003885508482,-0.784184023370433,987.0,513.1633503907467,6.717592201706247,-0.26141084572617085,977.0,559.0860957702243,4.600685481570573,-0.45756061284591437
1118849270.8,957.0,546.1646498389836,5.155847984316022,-0.4944571985060372,982.0,530.0060820862899,5.754949949507328,-0.765820957743069,987.0,513.8338133377938,6.691666739216479,-0.2784256444915418,977.0,559.5439555787519,4.556510688975606,-0.3722021313792472
1118849270.9,957.0,546.6777468932374,5.106093100743367,-0.4683695090760329,982.0,530.5776905381015,5.677219086730167,-0.7660835537403439,987.0,514.5016098250347,6.664263005602394,-0.2921923484927723,977.0,559.9977206904,4.5187915439630135,-0.31115554842983784
1118849271.0,957.0,547.1860074576267,5.059118187078985,-0.44066088582812024,982.0,531.1415677217555,5.600324586323834,-0.757172185028137,987.0,515.1665658071679,6.634856637074706,-0.3259234790816889,977.0,560.4480339647098,4.487473942289589,-0.25622538264919126
1118849271.1,957.0,547.6897196216376,5.015125093133503,-0.41066711975453796,982.0,531.697812463885,5.524570256249978,-0.7434971399794572,987.0,515.8283951201832,6.601729623233707,-0.3763608965319751,977.0,560.8955042626636,4.461932016780126,-0.20651763414443083
1118849271.2,957.0,548.1891975019452,4.974432512999547,-0.37948996798983387,982.0,532.2465575742077,5.450331950242325,-0.7271402276480845,987.0,516.4866515291939,6.563398556999553,-0.4362480831373501,977.0,561.340695894468,4.4419006193153505,-0.05069704285179076
1118849271.3,957.0,548.6847868461315,4.937354370724667,-0.3431630015613171,982.0,532.7879656605243,5.37782977609056,-0.7032995587957487,987.0,517.140814775356,6.519866366219903,-0.48662343095381794,977.0,561.7841661048893,4.427503589053222,-0.03385606866706755
1118849271.4,957.0,549.1768384541645,4.903677789959192,-0.3131935363177025,982.0,533.3222204244597,5.307265502610408,-0.68311230490531,987.0,517.7904251460723,6.4723410481042265,-0.5005360248175023,977.0,562.2273623506494,4.436421326172907,-0.017963000622407778
1118849271.5,957.0,549.6656310965509,4.872175057781161,-0.300794693962543,982.0,533.8495275838061,5.238877684297315,-0.6605376466325344,987.0,518.4351445577646,6.422047185742668,-0.5239960004198234,977.0,562.6707990066842,4.432311794541511,-0.006075578607526433
1118849271.6,957.0,550.151278269091,4.8407683930164085,-0.31914267276690494,982.0,534.3701168251483,5.172907142567472,-0.6356188529418833,987.0,519.0747273731253,6.3696091215011,-0.5442153803389386,977.0,563.1139666689253,4.431041450240458,-0.005895633650268273
1118849271.7,957.0,550.6336925024572,4.8075162743104265,-0.3452232586154588,982.0,534.8842408292651,5.109572939763019,-0.5944291560941711,987.0,519.7089710766882,6.315264949716579,-0.5628251562971572,977.0,563.5570217218552,4.430059608401544,-0.019088564577787022
1118849271.8,957.0,551.1126673457156,4.7719805908273605,-0.36476751410227626,982.0,535.3921651168089,5.04891281111276,-0.5693722107047098,987.0,520.3376935137676,6.259183791916905,-0.5743973577016875,977.0,563.999888831853,4.427282591523839,-0.05157611623295417
1118849271.9,957.0,551.5880611190664,4.735894876215607,-0.3562126919896819,982.0,535.8941664632913,4.991114118548538,-0.5395307689326363,987.0,520.960730980124,6.201565535210555,-0.5888047698046213,977.0,564.4423556610868,4.422053993180721,-0.08147213276201545
1118849272.0,957.0,552.0599675518409,4.70223377926898,-0.30609481220314566,982.0,536.3906025097152,4.937606809881986,-0.48703940731808204,987.0,521.5779412410477,6.1426396832353465,-0.6007951990388564,977.0,564.8842202710221,4.4152382055181505,-0.02884794034429663
1118849272.1,957.0,552.5287334806104,4.673084796099833,-0.25745797398189046,982.0,536.8820096394812,4.890535785458047,-0.41335855788272335,987.0,522.1892046998646,6.082629493097552,-0.6106954782326632,977.0,565.3254179316853,4.408715007733026,-0.023221237615071205
1118849272.2,957.0,552.9947867973341,4.647981538391286,-0.22787665130743895,982.0,537.3690518127365,4.850307679676533,-0.3534552376972761,987.0,522.7944219000907,6.021714511439113,-0.6158558349816695,977.0,565.7660877813867,4.40468198632076,-0.008970965740743431
1118849272.3,957.0,553.4584076727269,4.624435969441817,-0.2273423491903885,982.0,537.8523085536368,4.814827138329959,-0.3228621789611599,987.0,523.3935091620042,5.960030726848646,-0.6229737185726141,977.0,566.2065657200592,4.404876787108806,0.010525895889139348
1118849272.4,957.0,553.9196473012289,4.600356600600691,-0.24751712179747154,982.0,538.3321326241082,4.78165427108364,-0.30946717757300335,987.0,523.9863954139779,5.897694312600586,-0.6289629572620081,977.0,566.6473188984505,4.410186780737048,0.09112923578417322
1118849272.5,957.0,554.3784353488408,4.57540435162407,-0.25377404200632736,982.0,538.8087464111744,4.750621470246648,-0.2765978432804729,987.0,524.5730215310143,5.834828028140254,-0.6336153950335833,977.0,567.0888729777404,4.420894805048048,0.15335510549724873
1118849272.6,957.0,554.8346974325727,4.549837323074277,-0.2598680552946104,982.0,539.282451765746,4.723485621171896,-0.2306231085655789,987.0,525.1533416184633,5.77157372085411,-0.6337263818179746,977.0,567.5317707636727,4.437060913615954,0.2157475683034206
1118849272.7,957.0,555.2883699715962,4.5236134573522175,-0.26696991348149296,982.0,539.7536768176786,4.701015417493608,-0.18938800170048975,987.0,525.7273244928615,5.708083767116924,-0.6353109855924325,977.0,567.9765420249092,4.4583643111168,0.2706490772204738
1118849272.8,957.0,555.7394278288294,4.497543687342683,-0.21952965989874038,982.0,540.2228261654324,4.681971537576312,-0.1665785601671245,987.0,526.2949543480369,5.644513336375265,-0.6353349564009805,977.0,568.4236239844372,4.483274879417596,0.23100709047747953
1118849272.9,957.0,556.188009106513,4.474081866332732,-0.1834537398502558,982.0,540.6901398782566,4.66430271887528,-0.18323354445509307,987.0,526.8562309783257,5.581019269416516,-0.6337846260929483,977.0,568.873217289771,4.508591227266252,0.21690960849959745
1118849273.0,957.0,556.6345053713129,4.455843429640941,-0.12981210686528682,982.0,541.1556508264993,4.645916246015392,-0.2014884643031518,987.0,527.4111698430925,5.517758025863675,-0.6275545430220588,977.0,569.3251679944378,4.530422866078183,0.16935288277145494
1118849273.1,957.0,557.0794745949892,4.443541043911985,-0.0814953284768093,982.0,541.6192089239095,4.6252457021789235,-0.23102587422698484,987.0,527.9598019323438,5.4548837591741774,-0.6229459548977183,977.0,569.7789956067737,4.546129380617563,0.10853910176655195
1118849273.2,957.0,557.5234573773779,4.436114603833597,0.8706062343640956,982.0,542.0805694055534,4.601963930706776,-0.2561262814082565,987.0,528.5021735641642,5.392548877245481,-0.6168267692047816,977.0,570.2340948631926,4.5558557477690975,0.08096379368216336
1118849273.3,957.0,557.9668929597485,4.432597043606674,0.27133566839608253,982.0,542.5395233672109,4.577115302435913,-0.24072589598519312,987.0,529.0383463092024,5.3309060235314965,-0.6091822694884005,977.0,570.6900123012801,4.5624930139492,0.06865231490196357
1118849273.4,957.0,558.4101587391121,4.432718543617785,-0.31077947175558884,982.0,542.9960029605085,4.552476563527571,-0.2297061107826923,987.0,529.5683969639884,5.270107072202388,-0.5958645529909044,977.0,571.1466341221063,4.569943402582992,0.09929305968208454
1118849273.5,957.0,558.8535976132039,4.436058938218253,-0.7736473240747053,982.0,543.4501003770127,4.529471766535245,-0.2095287402644247,987.0,530.0924168613791,5.21029087556067,-0.585530887380256,977.0,571.60417791318,4.5809324189343545,0.1484194501146781
1118849273.6,957.0,559.2974938658414,4.44186611452657,0.07446997243859707,982.0,543.9020102431552,4.508725556318264,-0.1865824950352161,987.0,530.6105102155302,5.151576207510728,-0.5741088926706482,977.0,572.0630039646092,4.595588609607203,0.14590184134820278
1118849273.7,957.0,559.7420767331514,4.449791231729887,0.09789232115179955,982.0,544.3519695698825,4.490460978229165,-0.10012913222852222,987.0,531.1227974678386,5.094168838638665,-0.5597111700685793,977.0,572.5233596016902,4.611524132058746,0.14213321906420084
1118849273.8,957.0,560.1875760267139,4.460194639471875,0.1283699754880704,982.0,544.8002295299297,4.474738222694155,-0.08524963101191661,987.0,531.6294351858652,5.038585521891362,-0.5246913856524883,977.0,572.985215220632,4.6255882467567035,0.11207608841150482
1118849273.9,957.0,560.6342482962834,4.473250751945912,0.15558563471451423,982.0,545.2478602853232,4.477876885200317,-0.07020114250296287,987.0,532.1306511777274,4.98573431532052,-0.4931638069475097,977.0,573.4482958434381,4.636024209372082,0.07655425813160181
1118849274.0,957.0,561.0822857291263,4.487497904905875,0.031090259712402694,982.0,545.6951185841816,4.467289091975296,-0.05417891515119515,987.0,532.6267657847961,4.936557826093741,-0.453920435040788,977.0,573.912259811422,4.643255150302744,0.06746647520025315
1118849274.1,957.0,561.5316337848699,4.49946320997418,0.021353359219767342,982.0,546.1414572935882,4.459485096139712,-0.011856106836464634,987.0,533.118163101206,4.8913885020717265,-0.415990281953637,977.0,574.3768748252564,4.649045126386331,0.06293535779383837
1118849274.2,957.0,561.981868740829,4.5052359092203975,0.0039482304807245665,982.0,546.5871595336617,4.4545597053617705,-0.006438128985249526,987.0,533.6052229728563,4.849808930931924,-0.37170617552681035,977.0,574.8420934929884,4.655328228231541,0.07857265289145171
1118849274.3,957.0,562.4322575115173,4.50253950449402,-0.015766501820211224,982.0,547.0325177970049,4.452605561455924,-0.0008200909316845033,987.0,534.0882882651398,4.811496914777049,-0.3410595887616833,977.0,575.3080442482305,4.6636868766274855,0.10968081421271295
1118849274.4,957.0,562.8819625087232,4.491560439665148,-0.14383837786530645,982.0,547.4778353325362,4.4537451492081885,0.005052828600586036,987.0,534.5677249544982,4.777236872382372,-0.29632230216484806,977.0,575.7749846260766,4.675120680312578,0.1389364805296327
1118849274.5,957.0,563.330281974024,4.474828866335026,-0.18218323166490275,982.0,547.9234265373134,4.458078946324412,0.06856494975838807,987.0,535.0440087023749,4.748438085142215,-0.23945711270214315,977.0,576.2432280463347,4.689747724796262,0.17067240629031985
1118849274.6,957.0,563.7768386802342,4.456305257865782,-0.1787569219175589,982.0,548.3696165166645,4.465720640703162,0.10764739568278638,987.0,535.5176783272816,4.724954413016364,-0.22221178380786877,977.0,576.7130610638961,4.706912626470311,0.19265499765673622
1118849274.7,957.0,564.221629806701,4.439517271487287,-0.1483639191350052,982.0,548.8167508112241,4.476965250468538,0.15164576132168434,987.0,535.9891223597566,4.703926236456372,-0.21808787850254818,977.0,577.1846977312209,4.7258207200187625,0.20757033849719753
1118849274.8,957.0,564.664917980007,4.426246194606858,-0.08243501838990354,982.0,549.2652013899544,4.492046324124497,0.19611367905603952,987.0,536.4583980114579,4.681586797599571,-0.24966772345284272,977.0,577.6582939723517,4.746104102609956,0.2220550365417691
1118849274.9,957.0,565.1070695424484,4.41678505425512,-0.055435362299681656,982.0,549.715327512404,4.510476124906305,0.19101676846835536,987.0,536.9252684011464,4.655820996141234,-0.28983096531346386,977.0,578.1339920987986,4.767858426285697,0.23901714370275856
1118849275.0,957.0,565.5484506161274,4.410836419278368,-0.031249808656140445,982.0,550.1673909670255,4.530792967502379,0.1999993744604085,987.0,537.3894081798489,4.626974577908679,-0.29210573676176466,977.0,578.6119571906866,4.791443411482968,0.26085500622152236
1118849275.1,957.0,565.9893952839361,4.408056936901047,-0.009253585145819974,982.0,550.6214805630051,4.550998952086071,0.1888832050364296,987.0,537.850605271359,4.596967252322099,-0.2920753313509512,977.0,579.0924096954388,4.817606683606052,0.2936626657563374
1118849275.2,957.0,566.430218571637,4.408408817157701,0.024836901429479252,982.0,551.0774973342178,4.569336472170592,0.16403907313891136,987.0,538.3088407254435,4.567741829370024,-0.2768836965680084,977.0,579.5756731840107,4.847663087832204,0.34043264976568516
1118849275.3,957.0,566.8712620003637,4.412459757358289,0.07711213285872064,982.0,551.5352076561761,4.584869967016734,0.08301225389422685,987.0,538.7642473469068,4.540390599844378,-0.25558863031065976,977.0,580.0622065440922,4.883004113772129,0.4021996615369437
1118849275.4,957.0,567.3129326327047,4.420952889479078,0.13663247331187794,982.0,551.9942987313881,4.596951537210375,0.06005386220640916,987.0,539.2170323388194,4.515309238409558,-0.2249105379444578,977.0,580.5525613682624,4.924092369615458,0.46120103475896607
1118849275.5,957.0,567.7556817805793,4.434030068006354,0.19247772235899369,982.0,552.4543477993491,4.604029822031831,0.023764937984553536,987.0,539.6674289188403,4.4926223620176815,-0.20198289277291975,977.0,581.0472592577349,4.969865419821189,0.5006427478021782
1118849275.6,957.0,568.1999590209883,4.451514740153628,0.2140082235509217,982.0,552.9147790069421,4.604594329821685,-0.017080216072701666,987.0,540.1156805152091,4.4724095653508895,-0.17835638198812698,977.0,581.5466580635865,5.018110697218569,0.4790498755113691
1118849275.7,957.0,568.6462349100542,4.474003041204755,0.27525552511925844,982.0,553.3750009759735,4.599845050817981,-0.048234543177890124,987.0,540.5620341315515,4.454662761532878,-0.15558090559976206,977.0,582.0508892089755,5.066512210549095,0.4704379556074638
1118849275.8,957.0,569.0950789673421,4.502878104501716,0.3529609719664812,982.0,553.8346838801324,4.593813032348448,-0.03974870994894384,987.0,541.0067285779577,4.439226166579013,-0.12275515080042425,977.0,582.5598903638469,5.113510886916167,0.4515305577422651
1118849275.9,957.0,569.5471416756915,4.538376062484373,0.41934565774376104,982.0,554.2938856013776,4.590221392539383,-0.01263908628551383,987.0,541.4499904443537,4.4260111613073745,-0.10354548782478432,977.0,583.0734885019704,5.158451875540944,0.43007249310226586
1118849276.0,957.0,570.0029440677141,4.577671777991662,0.3621610598523514,982.0,554.75287825428,4.589631665531112,0.00403730548760808,987.0,541.8920549954872,4.415279861395844,-0.08022288557574042,977.0,583.5914720850167,5.2012197854149,0.40525713085008425
1118849276.1,957.0,570.4626103613398,4.6156540945162545,0.3248999444591844,982.0,555.2118691649304,4.590186547425492,0.0044776968463135685,987.0,542.3331981362056,4.40758295294954,-0.051582986690860165,977.0,584.1136249019839,5.24183655389484,0.38441681960097757
1118849276.2,957.0,570.92578864989,4.647911676496272,0.25860650537739643,982.0,555.6709069740655,4.590569635295464,0.0016906473940432297,987.0,542.7737480596282,4.403415515489857,-0.03622917540510204,977.0,584.639732005023,5.280305506889358,0.3634991574143516
1118849276.3,957.0,571.391826353124,4.67284238820117,0.19236440396895366,982.0,556.1299737011738,4.590764906864147,0.0014535457546616807,987.0,543.2140681336482,4.402985964922716,0.0227577812632516,977.0,585.1695785775979,5.31662594461478,0.34264524092474297
1118849276.4,957.0,571.8600422210043,4.6914749693574525,0.16461279815115537,982.0,556.5890585838679,4.590932747004667,0.0012489563217227978,987.0,543.6545348504078,4.406348370257634,0.0826926383111794,977.0,585.7029499558447,5.350801620293933,0.3188496257774217
1118849276.5,957.0,572.3299370426271,4.706421463130659,0.1430031531396607,982.0,557.0481589028195,4.591073632057181,0.0009924749612964506,987.0,544.0955303508006,4.413561637622972,0.1435269855636471,977.0,586.2396311856957,5.382822976777432,0.2980028336510387
1118849276.6,957.0,572.8012969024608,4.720775733550676,0.15242416361740344,982.0,557.5072719466469,4.591187244477759,0.0007883362818948697,987.0,544.5374429496061,4.424690338463144,0.16577945484272053,977.0,586.7794056561817,5.412666432918382,0.27689502640236796
1118849276.7,957.0,573.2741746316264,4.736778849750862,0.17693828674946604,982.0,557.9663949976558,4.5912737756966795,0.0005679922496695152,987.0,544.9806659360523,4.439769390519843,0.2157418891985998,977.0,587.3220544181942,5.440308807318592,0.2556016728551805
1118849276.8,957.0,573.7487722145888,4.755172809523215,0.18662275192138686,982.0,558.4255249251721,4.591324774665862,0.0002313881105600136,987.0,545.4263302561865,4.4735170121029615,0.2594288383206726,977.0,587.8673566853664,5.46573653616254,0.23024844796633986
1118849276.9,957.0,574.2253179997479,4.775742893630177,0.20522200453746306,982.0,558.8846577464658,4.591331651217515,-0.00018056705331871443,987.0,545.8747580698498,4.495039261197478,0.2832926038627448,977.0,588.415090652541,5.488942807305343,0.20918828342137458
1118849277.0,957.0,574.7035733124759,4.789363360951586,0.2235966724982792,982.0,559.3437897408644,4.5913082367146565,-0.00035558752314865204,987.0,546.3253657637629,4.517114617085611,0.18605399202800033,977.0,588.9650338625655,5.50992139316539,0.1880647324879131
1118849277.1,957.0,575.1837445443865,4.81406127723856,0.24775356218939895,982.0,559.802919089151,4.591278729051742,-0.00032009065011531123,987.0,546.7780740946106,4.537051999831451,0.15611089819433638,977.0,589.5169633846713,5.528669048976054,0.16694312465211356
1118849277.2,957.0,575.6665222236805,4.841492308637866,0.2942177248462178,982.0,560.2620446001092,4.591231490092006,-0.0007616057924719321,987.0,547.2325621043262,4.552708194464074,0.1125803430818076,977.0,590.070655886872,5.545180995015311,0.14006993404075507
1118849277.3,957.0,576.1521753190059,4.871569597860998,0.3182231923272208,982.0,560.7211646679185,4.591169866115624,-0.0037653823329201457,987.0,547.6883616147878,4.5632820148125255,0.0688873111674948,977.0,590.625887066537,5.559442598288247,0.11950221470077275
1118849277.4,957.0,576.6409244228306,4.903412478627261,0.3301691198005739,982.0,561.1802879212566,4.591295200646372,0.020403957225562278,987.0,548.1449996091067,4.569477871532782,0.040877659747560025,977.0,591.182429967291,5.571415416830356,0.09841229154343525
1118849277.5,957.0,577.13289780003,4.936055065407031,0.33450699638817033,982.0,561.6394386521381,4.591719416943643,0.03591216403510898,987.0,548.6021242616262,4.573015178871899,0.025393198917649643,977.0,591.7400547210563,5.581079658419162,0.07748433853027843
1118849277.6,957.0,577.6281607539004,4.96920401197407,0.3388744421878419,982.0,562.098589621312,4.591299966572202,-0.0915955928276759,987.0,549.0595538984978,4.57557755856939,0.022612554188043137,977.0,592.2985450976196,5.588727872896815,0.055856356708814336
1118849277.7,957.0,578.1267786247867,5.003153405745495,0.3491519108932647,982.0,562.557517888677,4.5872653807256265,-0.07684330281405018,987.0,549.5172369752071,4.578083975617232,0.024344748078835625,977.0,592.8577409853551,5.5951898818155446,0.05058506924381086
1118849277.8,957.0,578.6288428732931,5.038131564385066,0.35972363157734927,982.0,563.0157393357445,4.577163560595368,-0.15524817914328842,987.0,549.9751812083693,4.580800687625992,0.028076991254684658,977.0,593.4175572416502,5.601135244044389,0.04734621519228651
1118849277.9,957.0,579.1344528297715,5.074067565173738,0.3685637638744097,982.0,563.4726256433966,4.56056259244176,-0.22616262119039096,987.0,550.433408176947,4.583738683937226,0.030126349934514143,977.0,593.9779034462408,5.605788847815122,0.029307380833926488
1118849278.0,957.0,579.6436979773721,5.110835386827381,0.37373626243900127,982.0,563.9275801909558,4.538528358731824,-0.280078619457444,987.0,550.8919393780112,4.586885337310068,0.03221060371037529,977.0,594.5385447573868,5.6070373750947144,-0.009254260193634518
1118849278.1,957.0,580.1566575434875,5.148355935520144,0.3809187804264192,982.0,564.3801782143147,4.513432108465101,-0.23074780246492607,987.0,551.3507922376671,4.5901718558555755,0.03289715680505412,977.0,595.0990823026555,5.6037135302777585,-0.048705309148835446
1118849278.2,957.0,580.6734019811228,5.186532817185471,0.3869371618079956,982.0,564.8303009197185,4.489021999641128,-0.20569060559380228,987.0,551.8099574203509,4.5931317977964365,0.048034960182680185,977.0,595.659155906766,5.5977585519416335,-0.05513467099806205
1118849278.3,957.0,581.1939883621274,5.225194802865328,0.3906757323796391,982.0,565.2781783172268,4.468525950512486,-0.16076671410547366,987.0,552.2693460304781,4.59464040476422,0.007735704466002137,977.0,596.2187092042587,5.593307397890624,-0.022482361709682867
1118849278.4,957.0,581.7184512112945,5.264062180532683,0.40177733015008565,982.0,565.7242554892474,4.4530174899176425,-0.11651545215868082,987.0,552.7287567558387,4.593574102453426,-0.047155109161328396,977.0,596.7780485598972,5.593479714889682,0.030324163670568584
1118849278.5,957.0,582.246805716272,5.303027918984053,0.4034065969883288,982.0,566.1690093662952,4.442060051032818,0.0890073375641276,987.0,553.1879380502658,4.590051786040221,-0.08305901000064986,977.0,597.3376616264967,5.598781617096992,0.07967359580535868
1118849278.6,957.0,582.7790975586062,5.3428089277231505,0.4186239897559086,982.0,566.6128762173639,4.43527697028873,0.04694957710779296,987.0,553.6467250121831,4.585687452345132,-0.029907405752560054,977.0,597.897994246639,5.607870785751466,0.10889800517778936
1118849278.7,957.0,583.315498364002,5.385207180161722,0.457489045927938,982.0,567.0563116556099,4.433431794645565,-0.009965734965629042,987.0,554.1051261722537,4.582335749038789,-0.017430185454199148,977.0,598.4592936430494,5.618117142410593,0.10368159950477297
1118849278.8,957.0,583.8563683168508,5.43219187681489,0.5076603937798274,982.0,567.4998641558742,4.437618210653545,-0.07394483980947647,987.0,554.5632777905496,4.580696616915739,-0.005720003951908765,977.0,599.0214863727323,5.625737451305551,0.08211021103640306
1118849278.9,957.0,584.4022019145042,5.484480076277762,0.5607427554461664,982.0,567.9441083006573,4.447264685022503,0.12659552607657334,987.0,555.0213265723003,4.58027901809585,-0.00017792925319407122,977.0,599.5841353660483,5.627242414983055,-0.03499616907705237
1118849279.0,957.0,584.9534799871462,5.541081376568935,0.5957898485177928,982.0,568.3894718531765,4.460006365373392,0.14417307594812853,987.0,555.4793587182012,4.580363899903928,0.0021648808260464015,977.0,600.1465647888966,5.621346041973691,-0.1495943094307788
1118849279.1,957.0,585.5105344221884,5.600007324257806,0.6082422032386399,982.0,568.8361578937289,4.473714445617466,0.14713212257408836,987.0,555.9374074836786,4.580611409660692,0.0033319324489969587,977.0,600.7080829371245,5.609016922583323,-0.23637822728612423
1118849279.2,957.0,586.0735065582464,5.659435396913152,0.5761694035562771,982.0,569.2842590785093,4.48830924999423,0.1630165131706772,987.0,556.3954862130687,4.580963178116981,0.0044803071395336114,977.0,601.2681263633438,5.591851601829786,-0.21115773897813198
1118849279.3,957.0,586.6423959799633,5.718353037441303,0.5683383328479525,982.0,569.7339423614462,4.505356408799453,0.204015783842394,987.0,556.8536045819305,4.581404199118585,0.005314095020731044,977.0,601.8262497308519,5.570615748340744,-0.2552238019460111
1118849279.4,957.0,587.2171070983346,5.775869329980243,0.5489474442132496,982.0,570.1855233265223,4.526262892685502,0.2508951480124151,987.0,557.3117694429573,4.581893021447477,0.0033096398094990143,977.0,602.3820284159324,5.544957953270326,-0.3082723630574495
1118849279.5,957.0,587.7974118943638,5.830226590563112,0.5069723908165737,982.0,570.639423910956,4.55174879597807,0.3036608490246026,987.0,557.7699818030042,4.582354179484386,0.0028066825878622055,977.0,602.9349790452233,5.514054632518036,-0.37042596943792616
1118849279.6,957.0,588.3828971315952,5.879478154056537,0.45679709904724114,982.0,571.0961178069421,4.582129123743957,0.35739451013329315,987.0,558.228235130131,4.582712363043964,0.0019438930334463914,977.0,603.4845489575742,5.477343614487815,-0.41919242378540356
1118849279.7,957.0,588.9730468464297,5.923516142645499,0.4120375576136253,982.0,571.5560719150238,4.616953037900714,0.37525801566413386,987.0,558.6865158995417,4.5829030251338,0.0005848513818963192,977.0,604.0301536681427,5.434750596901858,-0.48054415717144705
1118849279.8,957.0,589.5674570801581,5.964688531955603,0.40026109353579026,982.0,572.0196700791134,4.655010243875163,0.4009392660569858,987.0,559.1447989272034,4.582757528128742,-0.005027732774874411,977.0,604.5712160055455,5.386496151154615,-0.5387846552317023
1118849279.9,957.0,590.1659779994887,6.005729854652657,0.4094517170841848,982.0,572.4871746975989,4.695082125852284,0.4163484214566697,987.0,559.6030307098805,4.581878125395013,-0.01829268646173694,977.0,605.1071837595139,5.33285892821939,-0.5942501544842991
1118849280.0,957.0,590.7686311372617,6.047332900784645,0.3699723395359757,982.0,572.9587526636898,4.736477195946175,0.427926402741303,987.0,560.0611084662514,4.579677002025971,-0.04007774814077054,977.0,605.6375300296976,5.274066475420553,-0.6281481074495184
1118849280.1,957.0,591.3753775753539,6.087595861089378,0.34449113545042076,982.0,573.4345265359116,4.779000248492615,0.43612846572692526,987.0,560.5188783223646,4.575720120227827,-0.06485272212514531,977.0,606.161747388967,5.210280709977353,-0.678623444236996
1118849280.2,957.0,591.9859088605484,6.123029842785653,0.28428244462675534,982.0,573.9146073109272,4.8226152518617225,0.4468919517259026,987.0,560.9761609503344,4.5699324391784835,-0.0781639838237267,977.0,606.6793500671262,5.141772853245471,-0.7248890420081828
1118849280.3,957.0,592.5995700607826,6.150194161860645,0.19774653821614388,982.0,574.3990971180817,4.867180891241883,0.45537484753370877,987.0,561.4327648098573,4.562144751264472,-0.10397127784500029,977.0,607.1899108386548,5.069442577313232,-0.7569329014488672
1118849280.4,957.0,593.215428876204,6.166982146567554,0.2308394642356788,982.0,574.8880872223957,4.912621194987276,0.4646002271638321,987.0,561.8884481260541,4.551521572724983,-0.14447927954856724,977.0,607.693143323815,4.995207125906199,-0.7451491579576733
1118849280.5,957.0,593.8324133065527,6.172706460416227,0.0032785048949101414,982.0,575.3816832720297,4.95929979770766,0.4816999047809337,987.0,562.3428635872829,4.536787651790507,-0.20011164068857099,977.0,608.1889768795678,4.921463989135872,-0.7284954390508744
1118849280.6,957.0,594.4494205417692,6.167438243942642,-0.21874260667962506,982.0,575.8800336691628,5.007708144955572,0.5009250671542221,987.0,562.7955659609212,4.517259820987888,-0.21628136290820058,977.0,608.6775343876852,4.849686173200249,-0.7058752057463891
1118849280.7,957.0,595.0653659046934,6.151469014545854,-0.43438083375363234,982.0,576.3833074191803,5.0577668553946085,0.5152000793698129,987.0,563.2461049968756,4.493520898130761,-0.25168382445006393,977.0,609.1589763921003,4.779153915100475,-0.7036048572902173
1118849280.8,957.0,595.679193435394,6.125081599437305,-0.3485274429007991,982.0,576.8916475927239,5.109036615455158,0.5255077614208521,987.0,563.6941547764471,4.467474693307267,-0.2617647929762515,977.0,609.6332788208489,4.706894659901662,-0.7740289969361435
1118849280.9,957.0,596.2898736684939,6.088523062550237,-0.45961653996798535,982.0,577.4051810774456,5.161633078980242,0.549226891936509,987.0,564.1396348910548,4.442127598845602,-0.23790226774619094,977.0,610.1000734075759,4.628997074609169,-0.8533691361834532
1118849281.0,957.0,596.8964009015523,6.042021598667224,-0.5683206104634289,982.0,577.9240939106587,5.21662358530959,0.5816186715145079,987.0,564.5827661008069,4.420496596179829,-0.13404801777079214,977.0,610.5586473278811,4.5424813315155355,-0.9540753214003116
1118849281.1,957.0,597.4977909961068,5.985780292391271,-0.674920425030147,982.0,578.448685024942,5.275198700379761,0.6229421413830086,987.0,565.0240098884542,4.404379156743764,-0.09188292986989485,977.0,611.0081121659067,4.446815428977172,-1.0445297779694314
1118849281.2,957.0,598.0930771656052,5.9199430976010525,-0.7347648733569022,982.0,578.9793234008549,5.3375688178424365,0.6596605355622278,987.0,565.4639435737901,4.39429455000901,-0.049481011047063504,977.0,611.4476676541894,4.344294336652745,-0.9603985530311885
1118849281.3,957.0,598.6812996319296,5.844506228867685,-0.8352044328483879,982.0,579.5163507368972,5.40297790301986,0.6626099433017089,987.0,565.9031698803558,4.390231581296711,-0.007472847848827117,977.0,611.8787088270761,4.276529121094852,-0.9698500332899307
1118849281.4,957.0,599.2615063077791,5.759627288145622,-0.9312704210835344,982.0,580.05999948322,5.469997023426715,0.6696990136140555,987.0,566.3422918651987,4.39220811552618,0.06073596647243585,977.0,612.3010400751435,4.170095840249429,-0.9591024219078856
1118849281.5,957.0,599.8328299205768,5.666844967768211,-0.9996871809067998,982.0,580.6103335088318,5.5366834888156715,0.6559969161951138,987.0,566.7819175292435,4.400305165370757,0.1352219448511243,977.0,612.7127904282416,4.06491122175895,-0.9472197968056834
1118849281.6,957.0,600.3946646893023,5.569850406781495,-0.9809175523304795,982.0,581.1672506899406,5.601660133365572,0.6357085702193058,987.0,567.2226546010153,4.414436270080948,0.2067670285234082,977.0,613.1140678521388,3.9606372561492593,-1.041464151377787
1118849281.7,957.0,600.9467915725659,5.4726872584411135,-0.9657662323503494,982.0,581.730602663976,5.665379347352899,0.6343937023374603,987.0,567.6650916952199,4.434305613994463,0.2740939279232853,977.0,613.504926968196,3.8565450650086324,-1.0429306273787777
1118849281.8,957.0,601.4892720339182,5.376921968630944,-0.9529111673950993,982.0,582.3003504645563,5.729576664209733,0.6486834021302454,987.0,568.1098014760347,4.459890002303197,0.3088109269458812,977.0,613.8853621560505,3.752158692055547,-1.0473549970512583
1118849281.9,957.0,602.0221817483323,5.281272319653743,-0.9634493443298995,982.0,582.8765949322287,5.795312689244913,0.6651470317711378,987.0,568.5573832755404,4.491745987833415,0.38111558769121484,977.0,614.2553382887033,3.647363961012378,-1.0511077966894469
1118849282.0,957.0,602.5454226631723,5.183545977140916,-1.0063698412069002,982.0,583.4594535924659,5.861860515512285,0.6649084349734611,987.0,569.0084926926594,4.530442354539629,0.45695766499177287,977.0,614.6148240616978,3.542351498899556,-1.0506718380363123
1118849282.1,957.0,603.0587222165395,5.082445090212334,-1.0433461874717198,982.0,584.0488812484663,5.926692604474112,0.584660604351392,987.0,569.4638072600512,4.57584899333131,0.526444465612709,977.0,614.9638111398666,3.4373900644432056,-1.0490444924048032
1118849282.2,957.0,603.5617425107449,4.977960793904322,-1.0749649707571765,982.0,584.6445400132875,5.986482691982516,0.5228273041761579,987.0,569.923960853061,4.627222866827361,0.5568377099386048,977.0,615.3023090921495,3.332568981259985,-1.0478641605144705
1118849282.3,957.0,604.0541731102221,4.8706511956410425,-1.1006262656148438,982.0,585.245808517663,6.038887395501375,0.44786161627332094,987.0,570.3895098128111,4.683756328191971,0.6062288676371159,977.0,615.6303243922853,3.2277370214303436,-1.0492620758658449
1118849282.4,957.0,604.5357564325359,4.76101525063585,-1.1148647402168887,982.0,585.8519092282837,6.083126816917675,0.3715823139921321,987.0,570.8609359256035,4.744765927645285,0.6489255899640766,977.0,615.947844605467,3.122667242217414,-1.0589299466755702
1118849282.5,957.0,605.0062794425452,4.649444949521739,-1.1324641514498037,982.0,586.4620348585477,6.11938578835341,0.3041799600679296,987.0,571.3386468262702,4.809452085713187,0.6818669471377609,977.0,616.2548395316782,3.0172312819715525,-1.0629194578285666
1118849282.6,957.0,605.4655684217271,4.536334634106999,-1.1458848109426572,982.0,587.0754382205126,6.148681450992325,0.24594860526553744,987.0,571.8229498694711,4.876608778295108,0.6704198450317985,977.0,616.5512638187603,2.911254459668272,-1.0698145427071506
1118849282.7,957.0,605.9134802439692,4.421901810738641,-1.1591030535936313,982.0,587.6915292304221,6.17313874719985,0.21332270190449099,987.0,572.3140107114978,4.94460806221634,0.6698924940546722,977.0,616.8370348386126,2.804165937419077,-1.0852918994765477
1118849282.8,957.0,606.3498645132553,4.305783575015566,-1.1868547539381877,982.0,588.3099446495024,6.195169634394548,0.20038428656109333,987.0,572.8118279039834,5.011735787481525,0.6532408285243305,977.0,617.111991718362,2.694971657548618,-1.1119050852767927
1118849282.9,957.0,606.7745196501023,4.1873191618935275,-1.213540465782063,982.0,588.9304915984087,6.2157693437333155,0.15525134387295683,987.0,573.3162467852569,5.076641838008916,0.6261017672592565,977.0,617.3758823799501,2.5828415741980986,-1.1440784269188593
1118849283.0,957.0,607.1872015719139,4.066319274324064,-1.2382300200025307,982.0,589.5529849730394,6.234098148884309,0.13134736123341773,987.0,573.8270075907467,5.138574271782123,0.5973303345073384,977.0,617.6284182843353,2.4678765134912393,-1.1689429646957916
1118849283.1,957.0,607.5876548391815,3.94274607103955,-1.26568249374189,982.0,590.1771057311972,6.24831701427317,0.09098619378876273,987.0,574.3438037781398,5.197349476101849,0.5664324005745263,977.0,617.8693763055791,2.3512839113868353,-1.1768234891587375
1118849283.2,957.0,607.9755597828163,3.8153528016690768,-1.3238988951224564,982.0,590.8023467351908,6.256503065600492,0.0370151511445304,987.0,574.8663417404055,5.253409769199894,0.5435744599782693,977.0,618.0986803341949,2.2347966609435974,-1.145710918402638
1118849283.3,957.0,608.3503986177894,3.6814238977770932,-1.4068939024228542,982.0,591.4280333559095,6.257229348737296,-0.04062615097782815,987.0,575.3944142916974,5.308041256655696,0.5381417160687257,977.0,618.3164145502643,2.1198876604808143,-1.1243512992558098
1118849283.4,957.0,608.7114168301168,3.538940348783785,-1.4983269875609146,982.0,592.053369392605,6.249491385182722,-0.15094904579756036,987.0,575.927972462677,5.363122162895004,0.5646372115938837,977.0,618.5227793219769,2.007407773750586,-1.0977230385628722
1118849283.5,957.0,609.0578258828833,3.3892407065539,-1.5540290977698612,982.0,592.6774865700944,6.232852164580285,-0.2610019718856372,987.0,576.4671354991083,5.420138565765999,0.5891574012763364,977.0,618.7180372546648,1.8977508800066625,-1.0685822150842588
1118849283.6,957.0,609.3891398138808,3.2370379133814815,-1.4848080661687013,982.0,593.2995337992237,6.208092418040055,-0.3519956575426765,987.0,577.0121101575996,5.479354604078812,0.6091494465866083,977.0,618.9024827943572,1.7911599138130403,-1.0293478091151143
1118849283.7,957.0,609.7053760007782,3.0876858245746184,-1.433573396097077,982.0,593.9187770234323,6.176772066116911,-0.40679483524711635,987.0,577.5630798561813,5.540039367531039,0.6188787984238129,977.0,619.0764349469896,1.6878831388593984,-0.9955587280861491
1118849283.8,957.0,610.0069937138109,2.9446684360657644,-1.3610262559090403,982.0,594.533862519874,6.124937862708025,-0.48293961441155064,987.0,578.1201470469906,5.601304448683069,0.5999489642774771,977.0,619.2402393307685,1.5882045366956798,-0.9587998702630436
1118849283.9,957.0,610.2946833870054,2.809125027825146,-1.2875297375285708,982.0,595.1441040783064,6.079893305987311,-0.5909810718378241,987.0,578.6833350605473,5.662455822395774,0.5957794489148217,977.0,619.3942725729113,1.4924603061520394,-0.9184190728550524
1118849284.0,957.0,610.5691568467859,2.6803441678111404,-1.2401774601583857,982.0,595.7493202785447,6.02443069872056,-0.731319458864317,987.0,579.2525916540217,5.722676047114789,0.5817416658782204,977.0,619.5389429565078,1.4009473657811045,-0.8902508657382828
1118849284.1,957.0,610.8310011960866,2.556542818220619,-1.2011667590884032,982.0,596.3483202418824,5.955568568080841,-0.8150268857096346,987.0,579.8277544851547,5.7805805755483055,0.5504992912216418,977.0,619.674661092442,1.3134153529442174,-0.8541951246481353
1118849284.2,957.0,611.0806373914264,2.436181088543432,-1.1723486665333802,982.0,596.9396099019992,5.870224634226585,-1.0064416583619915,987.0,580.4084885832178,5.834101385712282,0.44713536119413777,977.0,619.8017521695969,1.2284061901186858,-0.8399723968210849
1118849284.3,957.0,611.3183869960645,2.3188110042088534,-1.142171957437832,982.0,597.5215069218879,5.767715763568009,-1.1813726942292064,987.0,580.9942404655213,5.880936260336448,0.37839259227844285,977.0,619.9203549709196,1.143649836373104,-0.8491568332671675
1118849284.4,957.0,611.5445654304489,2.204757683489339,-1.0987326592120312,982.0,598.0924519058834,5.651183916322421,-1.3057296053070229,987.0,581.584252017192,5.919294773111085,0.2977280294420377,977.0,620.0304169549253,1.0575898437336366,-0.85218222944182
1118849284.5,957.0,611.7595278854996,2.0944914175560747,-1.059574474865536,982.0,598.6512466758862,5.524711483720054,-1.3403410881103603,987.0,582.177631267819,5.948290239419391,0.2133562459736055,977.0,620.1318104971751,0.9702810012482145,-0.8601460717746886
1118849284.6,957.0,611.9636726158193,1.9884031888250207,-1.0169534548142143,982.0,599.1970060872284,5.390476743156057,-1.4152355861977188,987.0,582.773433910219,5.967762608601108,-0.44044093993138306,977.0,620.2244811441799,0.8831319388606681,-0.8490485722339091
1118849284.7,957.0,612.1574347055044,1.8868386048719785,-0.9710304880549396,982.0,599.728972968914,5.2488608905464185,-1.491860881704821,987.0,583.3707161858151,5.977882903314595,-0.16452719826348883,977.0,620.3085755027371,0.7987552323041469,-0.8057737629066705
1118849284.8,957.0,612.341283064538,1.7901285757946679,-0.9099213758958905,982.0,600.2464037910003,5.0997555511868935,-1.5689801004999422,987.0,583.9685546906264,5.978887192909984,0.10449305657769371,977.0,620.3845570033579,0.7208747800979297,-0.6560008184807358
1118849284.9,957.0,612.5157195929952,1.6986019933638699,-0.8582429717457721,982.0,600.7485450544627,4.943069718068772,-1.6151357854494068,987.0,584.5660489240328,5.970997475202228,0.3671362751439939,977.0,620.4532589992197,0.6531651371197796,-0.5511510380497787
1118849285.0,957.0,612.6812793107509,1.6125923617180344,-0.8033416760250313,982.0,601.2346440025626,4.778909243894142,-1.68861095557022,987.0,585.1623202341914,5.954428727953778,-0.23378332991639114,977.0,620.5158073925204,0.5978027288990202,-0.4358698784135457
1118849285.1,957.0,612.8385304813869,1.5324310509928372,-0.7452616687102007,982.0,601.7040273856929,4.608758418703031,-1.73569222723375,987.0,585.7565116958696,5.929400505635429,-0.3273703605995939,977.0,620.5734520102743,0.5550896262012338,-0.3256346717796623
1118849285.2,957.0,612.9880746242619,1.4584518065569794,-0.6652435982432723,982.0,602.1562777224726,4.436248316911814,-1.7360916443175283,987.0,586.3477883443426,5.896132463842745,-0.4185269784422649,977.0,620.6274069485568,0.5240091394255565,-0.07341455578146143
1118849285.3,957.0,613.1305468273556,1.3909922552924319,-0.6024046188988916,982.0,602.5913659711584,4.265516656811661,-1.663544072900302,987.0,586.9353368655887,5.854837961019968,-0.5073303342452291,977.0,620.6787800944016,0.5034537774917185,-0.04433834075396604
1118849285.4,957.0,613.2666159514168,1.3303902259479903,-0.5363822987967296,982.0,603.0096064488013,4.099292896073188,-1.610179160914007,987.0,587.5183651450202,5.805727627633445,-0.5592448402221197,977.0,620.7286395760754,0.49373585599165926,-0.01133148440497164
1118849285.5,957.0,613.3969898317639,1.2770873809926044,-0.4652439366241566,982.0,603.4115204708493,3.938987544855037,-1.5469829105982567,987.0,588.0961024409032,5.74901829001636,-0.6383066480068462,977.0,620.7781653409464,0.49677944139194297,0.028766886315670544
1118849285.6,957.0,613.5224204188784,1.2315243613006719,-0.3946526976762183,982.0,603.7976975013181,3.7845530645388092,-1.4945542563338363,987.0,588.667800256844,5.684938028827796,-0.7148992855667431,977.0,620.8287031825132,0.513977389963083,0.25623428756787336
1118849285.7,957.0,613.6436530225433,1.1931277119678534,-0.3337172309609276,982.0,604.1686246853815,3.6339906167370324,-1.4867822365332088,987.0,589.2327329052116,5.613714938512972,-0.7891443408766992,977.0,620.8815789350922,0.5435376616016085,0.3658229586414698
1118849285.8,957.0,613.7612930478997,1.1596727951840549,-0.30090989858791084,982.0,604.5245717674671,3.4849510249626694,-1.4805525712739604,987.0,589.7901970579458,5.535568116166198,-0.8435101805734597,977.0,620.9377870926253,0.580625489083057,0.41464185281631627
1118849285.9,957.0,613.8757229615205,1.1289254772496709,-0.2823551039265793,982.0,604.8656509458815,3.3366325433362585,-1.4724251437840576,987.0,590.3395114378914,5.4507194827664,-0.9116471561014184,977.0,620.997836409829,0.6203608549621404,0.4215369407388464
1118849286.0,957.0,613.9871872787936,1.1003608681855077,-0.2666154804456949,982.0,605.1919643462022,3.1896354630577433,-1.4542438557985424,987.0,590.8800172942958,5.359397645301697,-0.9774132400696143,977.0,621.0618445022748,0.6598009939395355,0.380512819223413
1118849286.1,957.0,614.0959142304752,1.0741781654268452,-0.24367002088197307,982.0,605.5036756311554,3.044590235998059,-1.4328363123411383,987.0,591.4110784328715,5.261825126220445,-1.0409471725999233,977.0,621.1297089315261,0.697487591095998,0.35834585916584855
1118849286.2,957.0,614.2021010135454,1.0495574959895282,-0.23617236829554666,982.0,605.800950646819,2.9009100772961522,-1.4263410399687368,987.0,591.9320805062455,5.158216341231765,-1.0907492816046898,977.0,621.2012273072557,0.7328799235386408,0.335532971685187
1118849286.3,957.0,614.3058410061147,1.025242355387743,-0.23771544329518568,982.0,606.0838648969934,2.757374926160264,-1.4299507201173205,987.0,592.4424308186594,5.0487899070414235,-1.1491437664324426,977.0,621.2761963178995,0.7665002893232165,0.3236058443618911
1118849286.4,957.0,614.4072003007287,1.0019435368936682,-0.12886154876952383,982.0,606.3524444222941,2.614215579897858,-1.418862674181033,987.0,592.9415585200687,4.933764121156437,-1.2053646305128527,977.0,621.354501369536,0.7996007433831686,0.34808184114853374
1118849286.5,957.0,614.5064475758289,0.9830019651046672,-0.09100107795940918,982.0,606.6068447593568,2.4737911613372363,-1.3753690627688984,987.0,593.4289133079968,4.813331637433632,-1.259815607192931,977.0,621.4361513012736,0.8333978914076127,0.3608402568626119
1118849286.6,957.0,614.6041968869787,0.9719842579359773,-0.03688598788827759,982.0,606.8474844497453,2.3390026464170495,-1.3065606521844169,987.0,593.9039653405019,4.687709012657468,-1.19467150082766,977.0,621.5212762977828,0.8691020387282004,0.3880826702407668
1118849286.7,957.0,614.7013200213853,0.9704784301611048,0.019407224580091347,982.0,607.0749315094521,2.2099385477145965,-1.2614685426530223,987.0,594.3683982295211,4.6009487677103245,-1.2349783107168852,977.0,621.6101498886103,0.9083697778426854,0.43558943301060526
