t1,ID1,Y1,v1,a1,ID2,Y2,v2,a2,ID3,Y3,v3,a3,ID4,Y4,v4,a4,ID5,Y5,v5,a5,ID6,Y6,v6,a6,a4_IDM,a4_PERL,v4_PERL,Y4_PERL,a5_mpc_base2,v5_mpc_base2,Y5_mpc_base2,a5_mpc_base3,v5_mpc_base3,Y5_mpc_base3,v5_mpc_base2_field,v5_mpc_base2_field_smoothed,a5_mpc_base2_field_smoothed,Y5_mpc_base2_field_smoothed
0.0,79,64.3505,5.632,0.3517,87,48.6679,5.2226,0.2512,93,35.8102,4.553,0.3476,97,24.4056,4.1005,0.3935,116,9.8759,3.7437,0.7714,117,0.0,3.4462,0.3231,0.3935,0.3935,4.13985,24.819585,0.7714,3.7437,10.25027,0.7714,3.7437,10.25027,3.3731124735,4.043655623674999,0.0,10.6546355623675
0.1,79,64.9155,5.6686,0.4687,87,49.1916,5.2513,0.2027,93,36.2672,4.5873,0.2893,97,24.8176,4.1398,0.4205,116,10.2542,3.821,0.7971,117,0.3462,3.4784,0.3207,0.651377986551063,0.4205,4.1819,25.237775,0.523447596264808,3.82084,10.632354,0.424992661258426,3.82084,10.632354,3.39999999999999,4.043655623674999,0.0,11.059001124735
0.2,79,65.4847,5.7143,0.4771,87,49.7177,5.2722,0.1299,93,36.7273,4.6158,0.2347,97,25.2337,4.182,0.4534,116,10.6403,3.9008,0.8214,117,0.6957,3.5105,0.3185,0.641356956585233,0.4534,4.22724,25.660499,0.522179760840736,3.87318475962648,11.0196724759627,0.445740020014121,3.86333926612584,11.0186879266126,3.49999999999999,4.043655623674999,0.0,11.4633666871025
0.3,79,66.0586,5.7631,0.4655,87,50.2455,5.2834,0.0472,93,37.1897,4.6326,0.196,97,25.6542,4.2281,0.4978,116,11.0344,3.9825,0.8039,117,1.0483,3.5428,0.3223,0.627408909282022,0.4978,4.27702,26.088201,0.508893731926526,3.92540273571055,11.4122127495337,0.451452850595547,3.90791326812726,11.4094792534253,3.59999999999999,4.043655623674999,0.0,11.86773224947
0.4,79,66.6371,5.8083,0.409,87,50.774,5.2857,-0.0296,93,37.6541,4.6543,0.2036,97,26.0795,4.2787,0.5446,116,11.4368,4.0645,0.7961,117,1.4043,3.5755,0.3263,0.60678972820598,0.5446,4.33148,26.521349,0.51214955929405,3.97629210890321,11.809841960424,0.482732161933703,3.95305855318681,11.804785108744,3.7,4.043655623674999,0.0,12.2720978118375
0.5,79,67.22,5.8487,0.3712,87,51.3025,5.284,-0.0497,93,38.1208,4.6797,0.3232,97,26.5101,4.3331,0.5783,116,11.8472,4.1443,0.7624,117,1.7634,3.6081,0.3213,0.583406666563355,0.5783,4.38931,26.96028,0.501315830181192,4.02750706483261,12.2125926669073,0.487554616380611,4.00133176938018,12.204918285682,3.8,4.043655623674999,0.0,12.676463374205
0.6,79,67.8067,5.8866,0.362,87,51.8308,5.2837,0.0366,93,38.5905,4.7139,0.444,97,26.9462,4.3894,0.5514,116,12.2654,4.2198,0.7104,117,2.1258,3.6393,0.2843,0.5573088735787,0.5514,4.44445,27.404725,0.490062616229158,4.07763864785073,12.6203565316924,0.489548906450826,4.05008723101824,12.6099270087838,3.9,4.043655623674999,0.0,13.0808289365725
0.7,79,68.3973,5.9239,0.3608,87,52.3594,5.2876,0.1406,93,39.0642,4.76,0.593,97,27.388,4.4449,0.5299,116,12.6909,4.2898,0.6589,117,2.4912,3.6675,0.2479,0.531505495573236,0.5299,4.49744,27.854469,0.477730415211373,4.12664490947365,13.0330210226397,0.487299162517877,4.09904212166332,13.0198312209502,4.0,4.043655623674999,0.0,13.48519449894
0.8,79,68.9915,5.9606,0.3517,87,52.8886,5.2955,0.097,93,39.5431,4.8192,0.7365,97,27.8351,4.4977,0.5008,116,13.1232,4.3549,0.6169,117,2.8591,3.6917,0.2089,0.509301232136701,0.5008,4.54752,28.309221,0.46399396688263,4.17441795099478,13.4504628177392,0.480155119052745,4.14777203791511,13.4346084247417,4.1,4.043655623674999,0.0,13.8895600613075
0.9,79,69.5893,5.9954,0.3223,87,53.4186,5.3059,0.1139,93,40.0285,4.8894,0.7533,97,28.2874,4.5479,0.4768,116,13.5617,4.4166,0.593,117,3.2293,3.7125,0.1833,0.493129147331956,0.4768,4.5952,28.768741,0.448402084216177,4.22081734768305,13.8725445525075,0.467440443959565,4.19578754982039,13.8541871797237,4.2,4.043655623674999,0.0,14.293925623675001
1.0,79,70.1904,6.0262,0.2783,87,53.9498,5.3173,0.1177,93,40.5214,4.967,0.8098,97,28.7445,4.5953,0.414,116,14.0064,4.4764,0.5797,117,3.6015,3.7318,0.207,0.482797877630976,0.414,4.6366,29.232401,0.432037590706249,4.26565755610467,14.299110308118,0.450546757122104,4.24253159421634,14.2784403391453,4.2,4.043655623674999,0.6132931769999939,14.6982911860425
1.1,79,70.7943,6.0523,0.2315,87,54.4821,5.3288,0.1156,93,41.0221,5.0486,0.8314,97,29.2062,4.6386,0.3656,116,14.4569,4.5347,0.5685,117,3.9757,3.7522,0.2323,0.477792004589336,0.3656,4.67316,29.699717,0.414688117784857,4.30886131517529,14.7299964396355,0.429022948574146,4.28758626992855,14.7071989661382,4.3,4.104984941374998,0.5998494137500021,15.108789680180001
1.2,79,71.4006,6.0746,0.2042,87,55.0155,5.3399,0.118,93,41.5311,5.1306,0.8204,97,29.6719,4.6753,0.2965,116,14.9132,4.5906,0.5419,117,4.3521,3.7757,0.2726,0.478232108098284,0.2965,4.70281,30.169998,0.396766806042277,4.35033012695378,15.1650294523309,0.40359666196673,4.33048856478597,15.1402478226168,4.3,4.164969882749999,0.5498494137500121,15.525286668455001
1.3,79,72.0092,6.0957,0.2083,87,55.5501,5.3507,0.1138,93,42.0482,5.2109,0.7691,97,30.1409,4.7041,0.2227,116,15.3749,4.6443,0.5227,117,4.7311,3.8031,0.3171,0.485154102853678,0.2227,4.72508,30.642506,0.378907898163899,4.390006807558,15.6040301330867,0.376391789173965,4.37084823098264,15.5773326457151,4.3,4.219954824125,0.49984941375000425,15.947282150867501
1.4,79,72.6199,6.1185,0.239,87,56.0857,5.3616,0.1189,93,42.5732,5.2886,0.7453,97,30.6123,4.7252,0.1852,116,15.842,4.6971,0.5243,117,5.113,3.8347,0.3617,0.498869133242806,0.1852,4.7436,31.116866,0.361716263363575,4.42789759737439,16.0468198928241,0.349940854011915,4.40848740990004,16.0181813867051,4.3,4.2699397655,0.44984941374999643,16.374276127417502
1.5,79,73.233,6.1444,0.2701,87,56.6225,5.3739,0.1454,93,43.1058,5.3639,0.722,97,31.0856,4.7403,0.1354,116,16.3144,4.7504,0.5257,117,5.4982,3.8706,0.4104,0.518840005750574,0.1354,4.75714,31.59258,0.345775556640442,4.46406922371075,16.4932268151952,0.327054672412576,4.44348149530123,16.4625295362352,4.3,4.314924706875,0.3998494137499975,16.805768598105
1.6,79,73.8488,6.1721,0.2759,87,57.1606,5.3895,0.1839,93,43.6458,5.436,0.6844,97,31.5603,4.753,0.1357,116,16.7921,4.8037,0.5157,117,5.8873,3.9117,0.473,0.54357612970795,0.1357,4.77071,32.069651,0.33216414280611,4.49864677937479,16.9430914931327,0.310566251302705,4.47618696254249,16.9101482324894,4.4,4.35490964825,0.34984941375000744,17.24125956293
1.7,79,74.4674,6.1988,0.2488,87,57.7006,5.4092,0.2241,93,44.1927,5.5029,0.5908,97,32.0363,4.7683,0.1885,116,17.275,4.8549,0.4825,117,6.2809,3.9594,0.5529,0.56994269542154,0.1885,4.78956,32.548607,0.320916626746386,4.53186319365541,17.3962778124982,0.300499311701888,4.50724358767276,17.3608725912567,4.4,4.389894589625,0.2998494137499996,17.6802490218925
1.8,79,75.0884,6.2219,0.1859,87,58.2426,5.4319,0.246,93,44.746,5.5621,0.5091,97,32.5142,4.7897,0.241,116,17.7629,4.9027,0.4515,117,6.6796,4.0145,0.5694,0.593499078077082,0.241,4.81366,33.029973,0.311289245069854,4.56395485633004,17.8526732981312,0.294604689283973,4.53729351884295,17.814601943141,4.4,4.419879531,0.2498494137500007,18.1222369749925
1.9,79,75.7115,6.2407,0.1497,87,58.787,5.4558,0.2505,93,45.3047,5.6124,0.4258,97,32.9946,4.817,0.2874,116,18.2554,4.948,0.4094,117,7.0841,4.0753,0.607,0.61088608443351,0.2874,4.8424,33.514213,0.302475663790484,4.59508378083703,18.3121816762149,0.290035372186065,4.56675398777134,18.2712773419181,4.4,4.444864472375,0.19984941374999288,18.56672342223
2.0,79,76.3364,6.2559,0.1225,87,59.3338,5.48,0.2246,93,45.8681,5.6547,0.3592,97,33.4777,4.8463,0.2783,116,18.7524,4.9907,0.38,117,7.4947,4.1367,0.583,0.621786242828618,0.2783,4.87023,34.001236,0.292972716000387,4.62533134721608,18.7747148109365,0.283227855793922,4.59575752498995,18.7308530944171,4.5996988275,4.46484941375,0.19984941375001064,19.013208363605003
2.1,79,76.9626,6.2682,0.0969,87,59.883,5.5043,0.2263,93,46.4354,5.6914,0.3464,97,33.9637,4.8723,0.2244,116,19.2533,5.0286,0.3197,117,7.9112,4.1931,0.5081,0.629169450446471,0.2244,4.89267,34.490503,0.281667117134466,4.65462861881612,19.2401776728181,0.272503406133777,4.62408031056934,19.1932611254741,4.5996988275,4.484834355125001,0.30317270799998575,19.461691799117503
2.2,79,77.5899,6.2774,0.2882,87,60.4346,5.5279,0.2114,93,47.0062,5.726,0.3394,97,34.4519,4.8928,0.1524,116,19.7577,5.0592,0.2474,117,8.3329,4.2412,0.4096,0.637277591728527,0.1524,4.90791,34.981294,0.269189222153805,4.68279533052956,19.7084572058711,0.259998812692172,4.65133065118272,19.6583941905923,4.5996988275,4.515151625924999,0.3031727080000035,19.913206961710003
2.3,79,78.2178,6.2825,0.116,87,60.9884,5.5483,0.1662,93,47.5805,5.7602,0.3392,97,34.9421,4.9098,0.1405,116,20.2649,5.0836,0.2148,117,8.759,4.282,0.3533,0.648663274821389,0.1405,4.92196,35.47349,0.256153363808289,4.70971425274494,20.1794286311456,0.247734047289477,4.67733053245194,20.1261272438375,4.5996988275,4.545468896725,0.3031727080000035,20.367753851382503
2.4,79,78.8461,6.2824,-0.1269,87,61.544,5.5628,0.1109,93,48.1582,5.794,0.3327,97,35.4333,4.9144,0.1633,116,20.7743,5.1054,0.2115,117,9.189,4.3181,0.3229,0.662392886830922,0.1633,4.93829,35.967319,0.243459567244089,4.73532958912577,20.6529615900582,0.237602632564696,4.70210393718088,20.5963376375556,4.5996988275,4.575786167525,0.3031727080000035,20.825332468135002
2.5,79,79.4739,6.2746,-0.4819,87,62.1007,5.5713,0.0575,93,48.7393,5.8272,0.3381,97,35.9257,4.935,0.1913,116,21.286,5.1274,0.2183,117,9.6225,4.3509,0.2907,0.684434414777505,0.1913,4.95742,36.463061,0.231796760559872,4.75967554585018,21.1289291446432,0.230039680046744,4.72586420043735,21.0689240575994,4.5996988275,4.606103438325,0.30317270799999463,21.2859428119675
2.6,79,80.1005,6.2569,-0.2278,87,62.6581,5.5762,0.0409,93,49.3237,5.8603,0.3422,97,36.4204,4.9575,0.214,116,21.7998,5.149,0.2019,117,10.059,4.3789,0.2162,0.695748109647216,0.214,4.97882,36.960943,0.221022541622579,4.78285522190617,21.6072146668338,0.223598770962663,4.74886816844203,21.5438108744436,4.5996988275,4.636420709125,0.2531727080000046,21.74958488288
2.7,79,80.7249,6.2298,-0.3067,87,63.2159,5.5813,0.0592,93,49.9114,5.8945,0.3616,97,36.9172,4.9788,0.1856,116,22.3156,5.1683,0.1862,117,10.4979,4.3996,0.1435,0.705786283378226,0.1856,4.99738,37.460681,0.210541899448863,4.80495747606843,22.0877104144406,0.216490966179624,4.7712280455383,22.0209336789974,4.5996988275,4.661737979925,0.2531727079999957,22.215758680872504
2.8,79,81.3463,6.1981,-0.3195,87,63.7745,5.5897,0.1305,93,50.5027,5.9311,0.3916,97,37.4159,4.996,0.1386,116,22.8334,5.1862,0.1849,117,10.9385,4.4125,0.0799,0.716943038141398,0.1386,5.01124,37.961805,0.200593681641438,4.82601166601331,22.570311581042,0.209482094017098,4.79287714215626,22.500221393213,4.5996988275,4.687055250725,0.2531727080000046,22.684464205945005
2.9,79,81.9646,6.1681,-0.2729,87,64.3342,5.6052,0.2391,93,51.0978,5.9705,0.3957,97,37.9162,5.0092,0.1095,116,23.3529,5.2055,0.2172,117,11.3801,4.4203,0.0556,0.731456514364198,0.1095,5.02219,38.464024,0.192545321334828,4.84607103417746,23.0549186844597,0.206029536742161,4.81382535155797,22.9816039283688,4.5996988275,4.712372521525,0.2531727079999957,23.155701458097504
3.0,79,82.5802,6.1442,-0.1678,87,64.8961,5.6318,0.3946,93,51.6969,6.0117,0.4037,97,38.4178,5.0223,0.169,116,23.8746,5.2279,0.2476,117,11.8226,4.4284,0.0956,0.749313454917554,0.153296411037445,5.03751964110375,38.9677759641104,0.187160972709132,4.86532556631094,23.5414512410908,0.209242964890822,4.83442830523218,23.465046758892,4.5996988275,4.737689792325,0.15332329425000069,23.629470437330003
3.1,79,83.1938,6.1278,-0.1055,87,65.4612,5.6714,0.5512,93,52.3001,6.0524,0.3855,97,38.9209,5.0414,0.2782,116,24.3986,5.2519,0.2513,117,12.2661,4.4424,0.1767,0.767770232205655,0.22384649515152,5.0599042906189,39.4737663931723,0.185539430804862,4.88404166358185,24.029855407449,0.221721745408013,4.85535260172127,23.9505820190642,4.906345416,4.75302212175,0.15332329425000069,24.104772649505
3.2,79,83.8061,6.1177,-0.0622,87,66.0309,5.7212,0.4992,93,52.9072,6.0902,0.3481,97,39.4266,5.0716,0.4304,116,24.925,5.2753,0.2396,117,12.7115,4.4652,0.2687,0.782488323772884,0.314583271741867,5.09136261779308,39.9829026549516,0.188272294772654,4.90259560666234,24.5201149681152,0.244414808140969,4.87752477626207,24.4383344966904,4.906345416,4.768354451175,0.15332329425000069,24.581608094622503
3.3,79,84.4175,6.1113,-0.0444,87,66.6056,5.774,0.4872,93,53.5179,6.1238,0.2893,97,39.9359,5.1145,0.5741,116,25.4537,5.2988,0.2525,117,13.1588,4.4804,0.3348,0.789746871472965,0.443993985652924,5.13576201635838,40.4964788565874,0.194633952174427,4.92142283613961,25.0122572517292,0.274656461717496,4.90196625707616,24.928531122398,4.906345416,4.7836867806,0.15332329425000069,25.059976772682504
3.4,79,85.0284,6.1062,-0.0443,87,67.1855,5.8228,0.425,93,54.1318,6.1533,0.2523,97,40.45,5.1675,0.5688,116,25.9849,5.3251,0.2998,117,13.6086,4.516,0.348,0.788241716074309,0.567687273025513,5.19253074366093,41.0157319309535,0.201115824573901,4.94088623135705,25.5063458748649,0.305267124928274,4.92943190324791,25.4214743127228,4.906345416,4.799019110025,0.3066465884999925,25.539878683685004
3.5,79,85.6388,6.1017,-0.0385,87,67.7698,5.8642,0.3474,93,54.7484,6.179,0.2184,97,40.9697,5.2256,0.5944,116,26.5189,5.3562,0.3264,117,14.062,4.5525,0.3415,0.779357488787993,0.523175716400147,5.24484831530094,41.5402167624836,0.208774718379633,4.96099781381444,26.0024456562464,0.336091818483786,4.95995861574074,25.9174701742968,4.906345416,4.829683768874999,0.30664658850001025,26.022847060572502
3.6,79,86.2488,6.0981,-0.0289,87,68.3579,5.8971,0.2635,93,55.3674,6.2008,0.1826,97,41.4952,5.2847,0.5879,116,27.0563,5.3907,0.3459,117,14.519,4.5871,0.3099,0.76589887854833,0.615574240684509,5.30640573936939,42.0708573364205,0.215405355209272,4.9818752856524,26.5006331848116,0.362363982230157,4.99356779758912,26.4168269540558,4.906345416,4.860348427725,0.3066465884999925,26.508881903345003
3.7,79,86.8585,6.0954,-0.0216,87,68.9489,5.9222,0.1969,93,55.9883,6.2181,0.0488,97,42.0266,5.3428,0.5745,116,27.5971,5.4254,0.3301,117,14.9792,4.6172,0.2593,0.750146399179043,0.584348857402802,5.36484062510967,42.6073413989315,0.220665276907678,5.00341582117333,27.0009747669289,0.383040242222128,5.02980419581214,26.919807373637,4.906345416,4.891013086575,0.30664658850000137,26.997983212002502
3.8,79,87.4679,6.0929,-0.0626,87,69.542,5.9414,0.1546,93,56.6107,6.2291,0.0249,97,42.5637,5.4,0.574,116,28.1412,5.4575,0.2955,117,15.4422,4.6419,0.2348,0.733001502260419,0.574681282043457,5.42230875331402,43.1495722742629,0.22477395423058,5.0254823488641,27.5035230018153,0.398647626408309,5.06810822003435,27.4266181956404,4.906345416,4.921677745425,0.30664658850000137,27.490150986545
3.9,79,88.0756,6.0611,-0.1022,87,70.137,5.9574,0.1379,93,57.2338,6.2329,0.0,97,43.1066,5.4573,0.5793,116,28.6884,5.486,0.2318,117,15.9074,4.6618,0.1968,0.713817159065167,0.571007490158081,5.47940950232983,43.6975132244959,0.2297835469138,5.04795974428715,28.008318976244,0.412525890957754,5.10797298267518,27.9374154939079,4.906345416,4.952342404275,0.30664658850000137,27.9853852269725
4.0,79,88.6814,6.0556,-0.1639,87,70.7335,5.9724,0.1687,93,57.8569,6.2301,-0.0183,97,43.6552,5.5151,0.5864,116,29.2382,5.5109,0.2013,117,16.3745,4.6807,0.2123,0.691491255286541,0.547136604785919,5.53412316280842,44.2509255407767,0.234626142694415,5.07093809897853,28.5154127861419,0.423316177610546,5.14922557177095,28.452338051085,4.906345416,4.983007063125,0.3066465884999925,28.483685933285
4.1,79,89.2866,6.0477,-0.2204,87,71.3315,5.9883,0.1876,93,58.4796,6.2236,-0.048,97,44.2096,5.5736,0.5932,116,29.7904,5.5319,0.1647,117,16.8437,4.7039,0.2873,0.665717262745207,0.567193567752838,5.5908425195837,44.8100097927351,0.240619901748443,5.09440071324798,29.0248528574667,0.433614334849076,5.19155718953201,28.9714937700382,4.906345416,5.013671721974999,0.15332329425000957,28.9850531054825
4.2,79,89.8909,6.038,-0.1064,87,71.9313,6.0072,0.2375,93,59.1017,6.2166,-0.0414,97,44.77,5.6333,0.6151,116,30.3444,5.5479,0.1132,117,17.3157,4.735,0.3647,0.636984337003903,0.549884617328644,5.64583098131657,45.3745928908668,0.247972725379527,5.11846270342282,29.536699127809,0.444086961333524,5.23491862301692,29.4949856323399,4.906345416,5.0290040514,0.30664658850000137,29.4879535106225
4.3,79,90.4941,6.0274,-0.1107,87,72.5332,6.0319,0.3177,93,59.7231,6.2114,-0.0259,97,45.3364,5.6952,0.6453,116,30.8996,5.5571,0.0786,117,17.7911,4.7737,0.4293,0.605715828879498,0.561895251274109,5.70202050644398,45.9447949415112,0.256818942830831,5.14325997596077,30.051025125405,0.455182101783962,5.27932731915027,30.0229183642549,4.906345416,5.05966871025,0.3066465884999925,29.9939203816475
4.4,79,91.0963,6.0165,-0.1126,87,73.138,6.0636,0.336,93,60.3441,6.2092,-0.0012,97,45.9092,5.7602,0.6759,116,31.4554,5.5583,-0.0417,117,18.2706,4.8165,0.4456,0.571796842799573,0.5918128490448,5.76120179134846,46.520915120646,0.2668868404535,5.16894187024386,30.5679193124294,0.466819566302613,5.32484552932867,30.5554029171878,5.2129920045,5.0903333691,0.30664658850000137,30.5029537185575
4.5,79,91.6974,6.0052,-0.1194,87,73.7462,6.0996,0.3559,93,60.9651,6.212,0.0664,97,46.4885,5.8275,0.6946,116,32.0109,5.552,-0.143,117,18.7544,4.8596,0.4372,0.534821450365957,0.59322589635849,5.82052438098431,47.1029675587444,0.277641763332053,5.19563055428921,31.0874823678584,0.478435456681829,5.37152748595893,31.0925556657837,5.2129920045,5.12099802795,0.30664658850000137,31.0150535213525
4.6,79,92.2973,5.9931,-0.0965,87,74.3579,6.135,0.3227,93,61.5868,6.2209,0.1407,97,47.0747,5.8964,0.6862,116,32.5655,5.5402,-0.2046,117,19.2425,4.9026,0.4462,0.495881848334958,0.619197249412537,5.88244410592556,47.691211969337,0.288681025304873,5.22339473062241,31.6098218409206,0.489575879712182,5.41937103162711,31.6344927689464,5.2129920045,5.1516626868,0.30664658850000137,31.5302197900325
4.7,79,92.896,5.9808,-0.0923,87,74.9729,6.1659,0.2694,93,62.2096,6.2357,0.2061,97,47.6679,5.9667,0.7005,116,33.1188,5.526,-0.0821,117,19.735,4.9479,0.4847,0.45580701143527,0.603161931037903,5.94276029902935,48.2854879992399,0.299760833912229,5.2522628331529,32.1350481242359,0.499335900291163,5.46832861959833,32.1813256309062,5.2129920045,5.18232734565,0.30664658850000137,32.0484525245975
4.8,79,93.4936,5.9706,-0.0639,87,75.5908,6.192,0.2048,93,62.8342,6.2558,0.2607,97,48.2681,6.0379,0.7041,116,33.6708,5.513,-0.0645,117,20.2323,4.9975,0.5358,0.414697703639627,0.633898615837097,6.00615016061306,48.8861030153012,0.309672554422837,5.28223891654412,32.6632720158903,0.505220797498168,5.51826220962744,32.733151851869,5.2129920045,5.2129920045,0.30664658850000137,32.569751725047496
4.9,79,94.0904,5.9654,-0.0162,87,76.2112,6.2149,0.1855,93,63.461,6.2794,0.2441,97,48.8754,6.1078,0.6757,116,34.2216,5.5047,-0.0296,117,20.7347,5.0511,0.5662,0.372834241058641,0.621431767940521,6.06829333740711,49.492932349042,0.318015091809903,5.31320617198641,33.194592633089,0.505860802416761,5.56878428937726,33.2900302808067,5.2129920045,5.24365666335,0.45996988275000206,33.0941173913825
5.0,79,94.687,5.9662,0.0369,87,76.8337,6.2349,0.1541,93,64.0901,6.3038,0.2347,97,49.4895,6.173,0.5728,116,34.772,5.5033,0.0148,117,21.2426,5.1059,0.5543,0.331337250623191,0.580457329750061,6.12633907038212,50.1055662560802,0.323302354600667,5.3450076811674,33.7290934012057,0.498563367409636,5.61937036961894,33.8519673177686,5.2129920045,5.289653651625001,0.45996988275000206,33.623082756545
5.1,79,95.2838,5.9711,0.0622,87,77.4579,6.2495,0.0934,93,64.7216,6.3261,0.2002,97,50.1096,6.2308,0.4953,116,35.3227,5.5098,0.1138,117,21.7559,5.1597,0.5356,0.292062280212723,0.466877281665802,6.1730267985487,50.722868935935,0.326806559794055,5.37733791662746,34.2668271928684,0.485364149880367,5.6692267063599,34.4188899884046,5.2129920045,5.335650639900001,0.4599698827499932,34.156647820535
5.2,79,95.8812,5.9769,0.0536,87,78.0831,6.2557,0.0212,93,65.3552,6.3455,0.181,97,50.7352,6.2802,0.4195,116,35.8744,5.5232,0.1792,117,22.2745,5.2124,0.5318,0.256459586306612,0.420976459980011,6.2151244445467,51.3443813803897,0.327537162984069,5.41001857260687,34.8078290501291,0.465227490060768,5.71776312134794,34.9906663005394,5.519638593,5.381647628175,0.45996988275000206,34.6948125833525
5.3,79,96.4792,5.9814,0.0366,87,78.7086,6.2526,-0.1079,93,65.9907,6.3654,0.2186,97,51.3653,6.3219,0.3522,116,36.4276,5.5414,0.2182,117,22.7984,5.2663,0.5597,0.225302044745102,0.347028225660324,6.24982726711273,51.969364107101,0.32634762868891,5.44277228890528,35.3521062790197,0.440532249428025,5.76428587035401,35.5670948875748,5.519638593,5.42764461645,0.4599698827499932,35.2375770449975
5.4,79,97.0775,5.9851,0.0368,87,79.3332,6.2404,-0.2252,93,66.6285,6.3895,0.2775,97,51.9993,6.357,0.3072,116,36.9828,5.5623,0.2402,117,23.3279,5.3241,0.6052,0.199705491774137,0.280118405818939,6.27783910769463,52.5971480178704,0.324224022551768,5.47540705177417,35.8996469841971,0.413942924427216,5.80833909529682,36.1479287971045,5.519638593,5.473641604725,0.30664658850001025,35.784941205470005
5.5,79,97.6762,5.99,0.0582,87,79.9562,6.2196,-0.3415,93,67.2689,6.4186,0.3213,97,52.6365,6.3871,0.2688,116,37.5401,5.585,0.2392,117,23.8635,5.387,0.6568,0.180626596136963,0.244962722063064,6.30233537990093,53.2273815558605,0.322068905925367,5.50782945402934,36.4504299296,0.387666486007854,5.84973338773954,36.7329021358784,5.519638593,5.504306263575001,0.30664658850000137,36.3353718318275
5.6,79,98.2756,5.9968,0.0769,87,80.5767,6.1904,-0.3213,93,67.9123,6.4499,0.3219,97,53.2765,6.4142,0.249,116,38.0998,5.6091,0.253,117,24.4055,5.4538,0.6847,0.167445571467851,0.18974494934082,6.32130987483501,53.859512543344,0.319831153672005,5.54003634462188,37.0044335640622,0.362148395780885,5.88850003634032,37.3217521395125,5.519638593,5.534970922425001,0.3066465884999925,36.888868924069996
5.7,79,98.8756,6.0042,0.0673,87,81.1939,6.1544,-0.3718,93,68.5588,6.4793,0.2506,97,53.9192,6.4395,0.2355,116,38.662,5.6344,0.2642,117,24.9543,5.5214,0.6726,0.157666833403554,0.183811277151108,6.33969100255013,54.493481643599,0.317837331475157,5.57201945998908,37.5616355100611,0.338355095419569,5.92471487591841,37.9142236271043,5.519638593,5.565635581275,0.45996988275000206,37.4454324821975
5.8,79,99.4763,6.009,0.0393,87,81.8075,6.1163,-0.3631,93,69.2079,6.5041,0.2009,97,54.5643,6.4631,0.2273,116,39.2268,5.6608,0.2732,117,25.5097,5.586,0.5935,0.148737849293401,0.162226662039757,6.3559136687541,55.1290730104745,0.316206352245864,5.6038031931366,38.1220158293747,0.316820161238338,5.95855038546037,38.5100786656503,5.519638593,5.61163256955,0.45996988275000206,38.0065957391525
5.9,79,100.0772,6.0092,-0.0349,87,82.4174,6.0817,-0.3023,93,69.8593,6.5237,0.1576,97,55.2117,6.4845,0.2035,116,39.7942,5.6879,0.2272,117,26.0712,5.6448,0.5292,0.139452583423548,0.149351626634598,6.37084883141756,55.7661578936162,0.314579983255288,5.63542382836118,38.6855582122109,0.297392525562727,5.9902324015842,39.1091019058088,5.8262851815,5.657629557825,0.4599698827499932,38.572358694935
6.0,79,100.6779,6.0041,-0.1068,87,83.0242,6.0545,-0.2145,93,70.5125,6.5396,0.1309,97,55.8612,6.5043,0.1942,116,40.3644,5.7159,0.2329,117,26.6383,5.697,0.4691,0.129937422933677,0.142061844468117,6.38505501586437,56.4046633952026,0.313062424450252,5.66688182668671,39.2522463948795,0.280588870889294,6.01997165414048,39.7110990712228,5.8262851815,5.7036265461,0.45996988275000206,39.142721349545
6.1,79,101.2778,5.9946,-0.1558,87,83.6287,6.035,-0.1495,93,71.1671,6.5533,0.1183,97,56.5126,6.5244,0.2106,116,40.9364,5.7246,0.2361,117,27.2103,5.744,0.4288,0.120203274150083,0.127321526408196,6.39778716850519,57.0444421120532,0.311535438175079,5.69818806913174,39.8220652017927,0.266165237351794,6.0480305412294,40.3159021253457,5.8262851815,5.749623534375,0.4599698827499932,39.7176837029825
6.2,79,101.8767,5.9832,-0.1134,87,84.2315,6.0206,-0.1193,93,71.8231,6.5663,0.1138,97,57.1661,6.5467,0.2168,116,41.5103,5.753,0.2349,117,27.7869,5.7881,0.4344,0.109164720447967,0.161580637097359,6.41394523221493,57.6858366352747,0.309567029575148,5.72934161294924,40.3949993630876,0.253115712730895,6.07464706496458,40.9233668318422,5.8262851815,5.795620522649999,0.30664658850000137,40.2972457552475
6.3,79,102.4745,5.9734,-0.0821,87,84.8329,6.0078,-0.1205,93,72.4804,6.5782,0.1008,97,57.822,6.5704,0.2205,116,42.087,5.7811,0.2758,117,28.3679,5.8313,0.434,0.095716226296199,0.155140057206154,6.42945923793554,58.3287825590682,0.307119216504612,5.76029831590676,40.9710291946783,0.240642858297224,6.09995863623767,41.533362695466,5.8262851815,5.826285181499999,0.30664658850001025,40.8798742733975
6.4,79,103.0715,5.9667,-0.0496,87,85.433,5.9942,-0.1332,93,73.1387,6.5879,0.0718,97,58.4801,6.5926,0.1868,116,42.6665,5.8083,0.2672,117,28.9532,5.8746,0.4372,0.080254921877322,0.156471207737923,6.44510635870934,58.9732931949392,0.303571412878483,5.79101023755722,41.550130218434,0.22713875798218,6.1240229220674,42.1457649876727,5.8262851815,5.85694984035,0.3066465884999925,41.4655692574325
6.5,79,103.6679,5.9614,-0.0561,87,86.0317,5.9796,-0.1379,93,73.7977,6.5938,0.0299,97,59.1403,6.61,0.1338,116,43.2486,5.8349,0.262,117,29.5428,5.9183,0.4413,0.064814109887752,0.116545438766479,6.45676090258598,59.6189692851977,0.29910648372778,5.82136737884507,42.1322669563186,0.212375151351888,6.14673679786561,42.7604386674593,5.8262851815,5.8876144992,0.30664658850000137,42.054330707352506
6.6,79,104.2637,5.9531,-0.1083,87,86.6289,5.9654,-0.1273,93,74.4572,6.5963,0.0086,97,59.8019,6.6224,0.1011,116,43.8334,5.8613,0.2623,117,30.1369,5.9628,0.4501,0.051602878718709,0.076083973050117,6.464369299891,60.2654062151868,0.293606606131623,5.85127802721785,42.7173947590403,0.196058594612255,6.1679743130008,43.3772360987594,5.8262851815,5.91827915805,0.30664658850000137,42.6461586231575
6.7,79,104.8583,5.9394,-0.1636,87,87.2248,5.9531,-0.1028,93,75.1169,6.5973,0.0067,97,60.4646,6.6319,0.0843,116,44.4209,5.8878,0.279,117,30.7355,6.0087,0.4689,0.041124699248513,0.064881145954132,6.47085741448641,60.9124919566355,0.287698485370201,5.88063868783101,43.3054586278234,0.179436352649834,6.18758017246203,43.9959941160056,6.13293177,5.9489438169,0.30664658850000137,43.2410530048475
6.8,79,105.4514,5.9222,-0.177,87,87.8197,5.944,-2.0789,93,75.7767,6.5985,0.0126,97,61.1282,6.6401,0.0769,116,45.011,5.9149,0.2866,117,31.3387,6.0562,0.4823,0.032342417006139,0.041370939463377,6.47499450843275,61.5599914074788,0.28169004732435,5.90940853636803,43.8963994814602,0.163601727977846,6.20552380772701,44.6165464967783,6.13293177,5.97960847575,0.45996988275000206,43.839013852422504
6.9,79,106.0428,5.9059,-0.1446,87,88.4127,5.9151,-0.6894,93,76.4366,6.5996,0.0051,97,61.7926,6.6478,0.0744,116,45.6039,5.9432,0.3035,117,31.9467,6.1041,0.4751,0.024585281754037,0.034986570477486,6.4784931654805,62.2078407240268,0.276309207180521,5.93757754110046,44.4901572355703,0.150224198886441,6.2218839805248,45.2387348948307,6.13293177,6.025605464025,0.30664658850000137,44.441574398825
7.0,79,106.6327,5.8938,-0.1068,87,89.0042,5.9152,0.6988,93,77.0965,6.5977,-0.0499,97,62.4578,6.6561,0.0923,116,46.1998,5.9739,0.3363,117,32.5595,6.1504,0.4372,0.017038780041617,0.026638889685273,6.48115705444902,62.8559564294717,0.272072123138434,5.96520846181852,45.0866780817521,0.140295597180384,6.23690640041344,45.8624255348721,6.13293177,6.056270122875,0.30664658850000137,45.047201411112496
7.1,79,107.2217,5.8852,-0.0814,87,89.5959,5.9196,1.909,93,77.7559,6.5908,-0.1175,97,63.1239,6.6667,0.1242,116,46.7989,6.0083,0.375,117,33.1767,6.1943,0.4132,0.007442013857981,0.051763035356998,6.48633335798472,63.5045897652702,0.268564057739144,5.99241567413236,45.6859196491654,0.132807106024938,6.25093596013148,46.4875191308852,6.13293177,6.086934781725001,0.30664658850000137,45.655894889285
7.2,79,107.8098,5.8768,-0.1027,87,90.1883,5.928,0.1159,93,78.4144,6.5798,-0.151,97,63.7913,6.6802,0.1503,116,47.4017,6.0473,0.4212,117,33.7982,6.2359,0.3916,-0.00678977713845,0.082707531750202,6.49460411115974,64.1540501763862,0.265440759311359,6.01927207990627,46.287846857156,0.126912576194265,6.26421667073397,47.1139407979586,6.13293177,6.117599440575001,0.30664658850000137,46.2676548333425
7.3,79,108.3969,5.8653,-0.1485,87,90.7817,5.9405,0.1648,93,79.0718,6.5682,0.2575,97,64.46,6.6947,0.1467,116,48.0085,6.09,0.4531,117,34.4238,6.275,0.3655,-0.026103226394878,0.093166813254356,6.50392079248518,64.8044422556347,0.261919968433177,6.04581615583741,46.8924284727397,0.12091086966115,6.2769079283534,47.741631590794,6.13293177,6.148264099425001,0.30664658850000137,46.882481243285
7.4,79,108.9827,5.8498,-0.1696,87,91.3766,5.9576,0.2212,93,79.7283,6.5606,0.1155,97,65.1301,6.7075,0.0647,116,48.6198,6.1349,0.4629,117,35.0531,6.3112,0.3455,-0.047378860478255,0.087216414511204,6.5126424339363,65.4557064990283,0.25666304105478,6.07200815268073,47.4996292880078,0.112685907409001,6.28899901531952,48.3705314923259,6.13293177,6.178928758275001,0.3066465884999925,47.5003741191125
7.5,79,109.5667,5.8312,-0.1917,87,91.9735,5.9796,0.2728,93,80.3843,6.5597,-0.0699,97,65.8013,6.7165,0.0406,116,49.2355,6.1796,0.424,117,35.6859,6.3446,0.3247,-0.066084002355014,0.000725015997887,6.51271493553609,66.1069779925819,0.250461169278886,6.09767445678621,48.1093967336864,0.103276398325468,6.30026760606042,49.000558252932,6.13293177,6.209593417125,0.30664658850000137,48.121333460825
7.6,79,110.1488,5.8115,-0.1891,87,92.5727,6.0055,0.2698,93,81.0406,6.5656,-0.222,97,66.4733,6.7217,0.0204,116,49.8556,6.2224,0.3994,117,36.322,6.3773,0.3295,-0.078799624819155,0.036599054932594,6.51637484102935,66.7586154766848,0.242124414623326,6.12272057371409,48.7216687910578,0.090491999343204,6.31059524589296,49.6316177775213,6.13293177,6.240258075975,0.30664658850000137,48.745359268422504
7.7,79,110.7291,5.7933,-0.1639,87,93.1747,6.034,0.2896,93,81.6977,6.5764,0.1324,97,67.1455,6.7234,-0.0015,116,50.4799,6.2624,0.3695,117,36.9614,6.4112,0.3481,-0.085095583802021,0.004109352827072,6.51678577631205,67.410294054316,0.23194120213072,6.14693301517643,49.3363620925755,0.074204428511784,6.31964444582728,50.263582222104,6.13293177,6.2709227348250005,0.15332329425000069,49.372451541905
7.8,79,111.3077,5.7784,-0.0951,87,93.7796,6.0638,0.2967,93,82.356,6.5895,0.1496,97,67.8177,6.7199,-0.0778,116,51.1079,6.2993,0.3388,117,37.6042,6.4459,0.3212,-0.085758335110431,-0.013188004493713,6.51546697586268,68.0618407519023,0.21917670933958,6.1701271353895,49.9533748061144,0.052828283676584,6.32706488867846,50.8962887109718,6.4395783585,6.286255064250001,0.15332329425000069,50.001077048329996
7.9,79,111.885,5.7677,-0.0639,87,94.3874,6.0931,0.2777,93,83.0157,6.6045,0.1732,97,68.4891,6.7084,-0.1885,116,51.7395,6.3327,0.285,117,38.2505,6.4787,0.2837,-0.080174507443028,-0.098326250910759,6.50563435077161,68.7124041869795,0.204823335027752,6.19204480632346,50.5725792867468,0.027894995509036,6.33234771704612,51.5295234826765,6.4395783585,6.301587393675001,0.15332329425000069,50.6312357876975
8.0,79,112.4614,5.7607,-0.0397,87,94.998,6.1188,0.2422,93,83.677,6.6222,0.2075,97,69.1589,6.6873,-0.3016,116,52.3743,6.3621,0.2435,117,38.8997,6.506,0.222,-0.065674277484275,-0.19335725903511,6.4862986248681,69.3610340494663,0.187715434580615,6.21252713982623,51.1938320007294,-0.001720188956853,6.33513721659702,52.1630372043362,6.4395783585,6.316919723100001,0.15332329425000069,51.2629277600075
8.1,79,113.0372,5.7569,-0.0158,87,95.611,6.1393,0.1844,93,84.3402,6.6426,0.1783,97,69.8261,6.6583,-0.3695,116,53.0117,6.3864,0.1945,117,39.5514,6.5274,0.173,-0.040322545465202,-0.267777919769287,6.45952083289117,70.0069861327554,0.169477882055689,6.23129868328429,51.8169618690578,-0.03213479683578,6.33496519770134,52.7965337241063,6.4395783585,6.332252052525001,0.15332329425000069,51.89615296526
8.2,79,113.6129,5.7569,0.0195,87,96.2257,6.1563,0.171,93,85.0055,6.6637,0.1696,97,70.4904,6.6261,-0.3213,116,53.6513,6.4054,0.1477,117,40.205,6.5459,0.2049,-0.00569828423387,-0.317724019289017,6.42774843096227,70.6497609758516,0.151948758272232,6.24824647148986,52.4417865162068,-0.059711072224227,6.33175171801776,53.4297088959081,6.4395783585,6.347584381950001,0.15332329425000069,52.530911403455
8.3,79,114.1888,5.7612,0.0573,87,96.8423,6.1752,0.2248,93,85.6728,6.6817,0.1269,97,71.1514,6.5945,-0.3045,116,54.2926,6.4198,0.1091,117,40.8607,6.5668,0.262,0.032816960598783,-0.25264310836792,6.40248412012547,71.2900093878642,0.13515942452877,6.26344134731709,53.0681306509385,-0.083481285122061,6.32578061079534,54.0622869569876,6.4395783585,6.362916711375001,0.15332329425000069,53.1672030745925
8.4,79,114.7653,5.7682,0.0694,87,97.4611,6.2011,0.3189,93,86.3416,6.6931,0.061,97,71.8093,6.564,-0.2987,116,54.9351,6.4307,0.083,117,41.5187,6.5943,0.3553,0.07010993461498,-0.286489367485046,6.37383518337697,71.9273929062019,0.120183889792915,6.27695728976996,53.6958263799155,-0.101638159629414,6.31743248228313,54.6940302052159,6.4395783585,6.378249040800001,0.15332329425000069,53.805027978672506
8.5,79,115.3424,5.7743,0.0407,87,98.0829,6.2353,0.4035,93,87.011,6.6962,-0.0153,97,72.4642,6.5335,-0.3039,116,55.5786,6.4389,0.0617,117,42.18,6.6301,0.4463,0.10414983804746,-0.279992043972015,6.34583597897977,72.5619765040999,0.10718355536116,6.28897567874926,54.3247239477904,-0.114075883393933,6.30726866632019,55.3247570718479,6.4395783585,6.393581370225001,0.1533232942499918,54.444386115695
8.6,79,115.9199,5.7756,-0.0221,87,98.7085,6.2763,0.4603,93,87.6804,6.6914,-0.1,97,73.116,6.5033,-0.2516,116,56.2228,6.4451,0.0464,117,42.8451,6.6728,0.4528,0.135071162808645,-0.271100163459778,6.31872596263379,73.1938491003632,0.096802456759952,6.29969403428537,54.954693351219,-0.120141363158511,6.2958610779808,55.954343179646,6.4395783585,6.40891369965,0.15332329425000069,55.08527748566
8.7,79,116.4972,5.7706,-0.0974,87,99.3384,6.3215,0.491,93,88.349,6.6808,-0.1561,97,73.765,6.4757,-0.2172,116,56.8675,6.4498,0.0166,117,43.5147,6.7196,0.4799,0.162779769831033,-0.198151871562004,6.29891077547759,73.823740177911,0.086831067323563,6.30937427996137,55.5856307792151,-0.12323724676203,6.28384694166495,56.5827278738125,6.4395783585,6.424246029075,0.15332329425000069,55.7277020885675
8.8,79,117.0738,5.7604,-0.1438,87,99.9729,6.3684,0.4426,93,89.0164,6.6663,-0.1916,97,74.4114,6.4532,-0.1641,116,57.5127,6.4535,0.0125,117,44.1891,6.768,0.4826,0.18606242900301,-0.179866433143616,6.28092413216323,74.4518325911273,0.078909142216915,6.31805738669372,56.2174365178845,-0.120091509374665,6.27152321698874,57.2098801955114,6.4395783585,6.4395783585,0.0,56.3716599244175
8.9,79,117.6492,5.7474,-0.1613,87,100.6121,6.415,0.4263,93,89.6822,6.6499,-0.1239,97,75.056,6.4377,-0.0986,116,58.1581,6.4558,0.005,117,44.8683,6.8156,0.4665,0.203616431028023,-0.135711506009102,6.26735298156232,75.0785678892836,0.072578972935398,6.32594830091541,56.850031347976,-0.111668332827302,6.25951406605128,57.8358316021165,6.4395783585,6.4395783585,0.0,57.0156177602675
9.0,79,118.2232,5.7332,-0.1532,87,101.2557,6.4582,0.3803,93,90.3464,6.6341,-0.1094,97,75.6994,6.4301,-0.0943,116,58.8037,6.4557,-0.0059,117,45.5521,6.8609,0.3976,0.214556815796128,-0.073902308940887,6.25996275066823,75.7045641643504,0.066656903605971,6.33320619820895,57.4833519677969,-0.100973948955402,6.24834723276855,58.4606663253934,6.4395783585,6.4395783585,0.0,57.6595755961175
9.1,79,118.7957,5.7171,-0.1783,87,101.9034,6.4951,0.3102,93,91.0092,6.6216,-0.0748,97,76.3423,6.4295,0.0603,116,59.4491,6.4527,-0.0527,117,46.2403,6.9024,0.3553,0.219108014453409,-0.089744061231613,6.25098834454507,76.3296629988049,0.062855015325366,6.33987188856955,58.1173391566539,-0.086697944160715,6.23824983787301,59.0844913091807,6.4395783585,6.4395783585,0.0,58.3035334319675
9.2,79,119.3665,5.6985,-0.2035,87,102.5544,6.5244,0.2026,93,91.671,6.6152,-0.0198,97,76.9854,6.4318,0.0641,116,60.0941,6.4464,-0.092,117,46.9323,6.9382,0.2964,0.219002763538456,0.115670830011368,6.2625554275462,76.9559185415595,0.057777371159331,6.34615739010209,58.7519548956641,-0.075934809171376,6.22958004345693,59.7074493135263,6.4395783585,6.4395783585,0.0,58.9474912678175
9.3,79,119.9354,5.6785,-0.2083,87,103.2079,6.5465,0.1509,93,92.3326,6.6171,0.071,97,77.6286,6.4312,-0.0992,116,60.7382,6.4363,-0.1422,117,47.6275,6.967,0.2263,0.218631257210978,0.030731961131096,6.26562862365931,77.5824814039254,0.050121909191,6.35193512721802,59.3871484083859,-0.071458419438574,6.2219865625398,60.3296479697803,6.4395783585,6.4395783585,0.0,59.5914491036675
9.4,79,120.5022,5.6588,-0.2039,87,103.8634,6.5625,0.1065,93,92.9949,6.6278,0.1582,97,78.2713,6.4232,-0.1216,116,61.3811,6.422,-0.1893,117,48.3253,6.9885,0.1747,0.223780063575713,-0.122927069664001,6.25333591669291,78.2078149955947,0.042723209573053,6.35694731813712,60.0228431401996,-0.069037940427864,6.21484072059594,60.9511320418399,6.4395783585,6.4395783585,0.0,60.2354069395175
9.5,79,121.0672,5.6397,-0.202,87,104.5201,6.5726,0.0554,93,93.6585,6.6446,0.2029,97,78.9129,6.4085,-0.1719,116,62.0225,6.405,-0.1549,117,49.025,7.0052,0.1459,0.238558514268386,-0.030201181769371,6.25031579851598,78.8328465754463,0.033851146036449,6.36121963909443,60.658965104109,-0.070976886847457,6.20793692655315,61.5719257344952,6.4395783585,6.4395783585,0.0,60.8793647753675
9.6,79,121.6301,5.6197,-0.2234,87,105.1775,6.5759,-0.0042,93,94.3239,6.6633,0.1988,97,79.5529,6.3917,-0.1619,116,62.6622,6.3883,-0.1375,117,49.7263,7.0208,0.1538,0.261404240992223,-0.138664364814758,6.2364493620345,79.4564915116498,0.022911638237552,6.36460475369807,61.2954255794789,-0.077094621650723,6.20083923786841,62.1920096582821,6.4395783585,6.4395783585,0.0,61.5233226112175
9.7,79,122.1909,5.5967,-0.2653,87,105.835,6.5726,-0.0772,93,94.9911,6.6802,0.126,97,80.1913,6.3773,-0.1256,116,63.3003,6.3745,-0.1041,117,50.4292,7.0373,0.1627,0.287023355132117,-0.080895870923996,6.2283597749421,80.079327489144,0.012835324020538,6.36689591752183,61.932115171231,-0.081793826168844,6.19312977570334,62.8113226358524,6.4395783585,6.4395783585,0.0,62.1672804470675
9.8,79,122.7493,5.5694,-0.2821,87,106.4918,6.5647,-0.1146,93,95.6597,6.6935,0.0942,97,80.8284,6.3651,-0.127,116,63.9373,6.3645,-0.0706,117,51.1337,7.0522,0.2786,0.31041412181311,-0.094722807407379,6.21888749420136,80.7012162385641,0.004328683804568,6.36817944992388,62.5689331162234,-0.084541380918402,6.18495039308645,63.4298176751611,6.4395783585,6.4395783585,0.0,62.8112382829175
9.9,79,123.3046,5.5381,-0.3132,87,107.1478,6.5547,-0.1273,93,96.3296,6.7033,0.0684,97,81.4643,6.3516,-0.1662,116,64.5734,6.3583,-0.072,117,51.8393,7.0599,0.0514,0.331000241151712,-0.115280210971832,6.20735947310418,81.3219521858745,-0.005291488852074,6.36861231830434,63.2057943480539,-0.089991879506389,6.17649625499461,64.0474673006605,6.4395783585,6.4395783585,0.0,63.4551961187675
10.0,79,123.8568,5.5056,-0.3047,87,107.8027,6.5436,-0.1206,93,97.0002,6.7101,0.0447,97,82.0985,6.3337,-0.2203,116,65.2091,6.3564,0.0085,117,52.5451,7.0557,-0.2299,0.351525820070163,-0.105039000511169,6.19685557305306,81.9416377431798,-0.014663024305363,6.36808316941913,63.8426026649958,-0.095772310154749,6.16749706704397,64.6642170073649,6.4395783585,6.4395783585,0.0,64.09915395461752
10.1,79,124.4059,5.4765,-0.2478,87,108.4564,6.531,-0.1392,93,97.6714,6.7135,0.0339,97,82.7308,6.312,-0.2493,116,65.845,6.3604,0.1239,117,53.2499,7.0403,-0.4361,0.374465974597538,-0.188987404108047,6.17795683264226,82.5594334264441,-0.024649090482679,6.36661686698859,64.4792643516946,-0.102903189312584,6.1579198360285,65.2800089909678,6.4395783585,6.4395783585,0.0,64.74311179046751
10.2,79,124.9525,5.4546,-0.1857,87,109.1088,6.5171,-0.1471,93,98.3412,6.682,-0.0992,97,83.3609,6.2888,-0.2277,116,66.4816,6.3718,0.2482,117,53.9528,7.0186,-0.2253,0.399141746154956,-0.166303187608719,6.16132651388139,83.1755660778322,-0.034613620622385,6.36415195794032,65.1156795474887,-0.109540167992969,6.14762951709724,65.8947719426775,6.4395783585,6.4395783585,0.0,65.38706962631753
10.3,79,125.4972,5.4398,-0.1233,87,109.7598,6.503,-0.1433,93,99.009,6.674,-0.2674,97,83.9886,6.2659,-0.2226,116,67.1196,6.3892,0.1958,117,54.6536,6.9965,-0.2049,0.41252848368607,-0.156913965940475,6.14563511728734,83.7901295895609,-0.044692603122791,6.36069059587809,65.7517486070765,-0.115673558159238,6.13667550029794,66.5084394927073,6.4395783585,6.4395783585,0.0,66.03102746216753
10.4,79,126.0406,5.4283,-0.119,87,110.4094,6.4886,-0.1623,93,99.6756,6.6585,-0.4458,97,84.6141,6.2434,-0.2212,116,67.7595,6.4089,0.1964,117,55.3523,6.9771,-0.1721,0.433737159025039,-0.185627698898315,6.12707234739751,84.4028368243007,-0.054597026180793,6.35622133556581,66.3873707406331,-0.120168144610324,6.12510814448202,67.1209503071555,6.4395783585,6.4395783585,0.0,66.67498529801753
10.5,79,126.5827,5.4145,-0.17,87,111.0574,6.4717,-0.2053,93,100.3403,6.6357,-0.279,97,85.2373,6.2211,-0.2157,116,68.4014,6.428,0.1817,117,56.0491,6.96,-0.1612,0.451985252210125,-0.159673929214477,6.11110495447606,85.0139473197483,-0.063195262990736,6.35076163294773,67.0224469039278,-0.121480460158634,6.11309133002099,67.7322594401576,6.4395783585,6.4395783585,0.0,67.31894313386755
10.6,79,127.1232,5.3948,-0.2321,87,111.7035,6.4501,-0.2655,93,101.0025,6.6067,-0.3357,97,85.8584,6.2001,-0.1832,116,69.0451,6.4463,0.1825,117,56.7442,6.9423,-0.1993,0.467481194040356,-0.161562979221344,6.09494865655392,85.6234421854037,-0.07097510411047,6.34444210664865,67.6568911145927,-0.121083587891785,6.10094328400512,68.3423537685581,6.4395783585,6.4395783585,0.0,67.96290096971754
10.7,79,127.6614,5.3694,-0.2781,87,112.3472,6.4237,-0.3124,93,101.6614,6.573,-0.3775,97,86.4774,6.1813,-0.1591,116,69.6906,6.4648,0.1208,117,57.4374,6.9215,-0.2391,0.479771915278895,-0.122011840343475,6.08274747251958,86.2317169326557,-0.077714347852365,6.33734459623761,68.2906255742164,-0.120256353863778,6.08883492521594,68.9512372610797,6.4395783585,6.4395783585,0.0,68.60685880556755
10.8,79,128.197,5.3417,-0.2794,87,112.9881,6.394,-0.311,93,102.3169,6.5358,-0.4124,97,87.0947,6.1652,-0.1357,116,70.338,6.4819,0.1008,117,58.1284,6.8973,-0.2721,0.488678102825634,-0.114832401275635,6.07126423239201,86.8388433558948,-0.082756919318504,6.32957316145237,68.9235828903617,-0.118017735991405,6.07680928982957,69.5589181900626,6.4395783585,6.4395783585,0.0,69.25081664141756
10.9,79,128.7298,5.3151,-0.2551,87,113.626,6.363,-0.3193,93,102.9684,6.4952,-0.4297,97,87.7106,6.1516,-0.1117,116,70.9868,6.4937,0.0515,117,58.8168,6.8705,-0.2931,0.494235902482529,-0.105782300233841,6.06068600236863,87.4449119561317,-0.08640915538791,6.32129746952052,69.5557126373137,-0.114403867023802,6.06500751623043,70.1654189416857,6.4395783585,6.4395783585,0.0,69.89477447726756
11.0,79,129.2601,5.2903,-0.2411,87,114.2607,6.3311,-0.328,93,103.6158,6.4512,-0.4666,97,88.3252,6.1412,-0.2466,116,71.6363,6.4969,-0.0103,117,59.5024,6.8419,-0.2805,0.49651839416345,-0.084814995527267,6.0522045028159,88.0501324064133,-0.090478239131068,6.31265655398173,70.1869782927119,-0.109636211229329,6.05356712952805,70.7707756546385,6.4395783585,6.4395783585,-0.15332329425000069,70.53873231311758
11.1,79,129.7879,5.2657,-0.2515,87,114.8921,6.2983,-0.339,93,104.2585,6.4037,-0.501,97,88.9391,6.1355,-0.0777,116,72.2857,6.4911,-0.1175,117,60.1851,6.8117,-0.2959,0.495041104125106,-0.256308287382126,6.02657367407769,88.6527897738211,-0.089597826570192,6.30360873006862,70.8173391657188,-0.095323362726126,6.04260350840511,71.375036005479,6.4395783585,6.424246029075,-0.15332329425000069,71.18115691602506
11.2,79,130.3132,5.2399,-0.2646,87,115.5203,6.2643,-0.3567,93,104.8964,6.3538,-0.515,97,89.5527,6.1368,0.1508,116,72.9341,6.4777,-0.1954,117,60.8647,6.781,-0.2881,0.48853615581054,0.019620031118393,6.02853567718953,89.25564334154,-0.085340190152007,6.2946489474116,71.4468040604599,-0.073696707547437,6.0330711721325,71.9783431226923,6.4395783585,6.40891369965,-0.15332329425000069,71.82204828599006
11.3,79,130.8358,5.2137,-0.2601,87,116.1449,6.2292,-0.3671,93,105.5293,6.304,-0.492,97,90.1668,6.1457,0.3627,116,73.5809,6.458,-0.2668,117,61.5414,6.7533,-0.2403,0.475625995988438,0.164767950773239,6.04501247226685,89.8601445887667,-0.07802836639446,6.2861149283964,72.0754155532996,-0.047361176120383,6.02570150137776,72.58091327283,6.4395783585,6.393581370225,-0.15332329425000069,72.46140642301256
11.4,79,131.356,5.1886,-0.2458,87,116.7661,6.1931,-0.3777,93,106.1573,6.256,-0.4696,97,90.7821,6.1601,0.1392,116,74.2254,6.4318,-0.3476,117,62.2156,6.7315,-0.2017,0.456394558851272,0.325465619564056,6.07755903422326,90.467900492189,-0.07467474867733,6.27831209175696,72.7032467624753,-0.028418428342288,6.02096538376572,73.1830098112066,6.4395783585,6.3782490408,-0.15332329425000069,73.09923132709258
11.5,79,131.8736,5.165,-0.2322,87,117.3835,6.1554,-0.4008,93,106.7805,6.2093,-0.4658,97,91.3989,6.1756,0.1293,116,74.8669,6.3984,-0.3661,117,62.8879,6.7144,-0.1721,0.432590322250631,-0.027020752429962,6.07485695898026,91.075386188087,-0.066024214977751,6.27084461688922,73.3303312241642,-0.00491488084771,6.01812354093149,73.7848221652997,6.4395783585,6.362916711375,-0.15332329425000069,73.73552299823007
11.6,79,132.389,5.1421,-0.2306,87,117.997,6.1141,-0.4726,93,107.3991,6.162,-0.483,97,92.0171,6.1887,0.0978,116,75.5048,6.3582,-0.4252,117,63.5585,6.6961,-0.2293,0.40702027762723,0.186562657356262,6.09351322471589,91.6847375105586,-0.062360929462484,6.26424219539145,73.9567554437033,0.005564597650642,6.01763205284672,74.3865853705844,6.4395783585,6.34758438195,-0.15332329425000069,74.37028143642507
11.7,79,132.902,5.1187,-0.2433,87,118.606,6.0661,-0.561,93,108.0128,6.113,-0.4968,97,92.6364,6.1979,0.0616,116,76.1384,6.3142,-0.4406,117,64.2268,6.6707,-0.3297,0.381602715234925,0.099917143583298,6.10350493907422,92.295088004466,-0.061607912338906,6.2580061024452,74.5825560539479,0.00699974202697,6.01818851261178,74.9884042218456,6.4395783585,6.332252052525,-0.15332329425000069,75.00350664167756
11.8,79,133.4126,5.0934,-0.2675,87,119.2097,6.009,-0.6695,93,108.6217,6.0635,-0.4906,97,93.2565,6.2029,0.0428,116,76.7677,6.2716,-0.3979,117,64.8922,6.6382,-0.3133,0.357095123166608,0.057130724191666,6.10921801149339,92.9060098056154,-0.063977681295094,6.25184531121131,75.207740585069,0.000629771574793,6.01888848681448,75.590293070527,6.4395783585,6.3169197231,-0.15332329425000069,75.63519861398757
11.9,79,133.9206,5.0654,-0.2949,87,119.8073,5.942,-0.7752,93,109.2256,6.0153,-0.4704,97,93.8768,6.2033,-0.0295,116,77.393,6.2354,-0.2986,117,65.5544,6.6051,-0.2791,0.334256722810332,0.025937348604202,6.11181174635381,93.5171909802508,-0.064404140665697,6.2454475430818,75.8322853393772,-0.005226516895504,6.01895146397196,76.1921882169242,6.4395783585,6.301587393675,-0.15332329425000069,76.26535735335507
12.0,79,134.4256,5.0356,-0.3045,87,120.3977,5.8662,-0.8188,93,109.8248,5.9686,-0.4618,97,94.4969,6.1992,-0.0972,116,78.0152,6.2076,-0.2199,117,66.2136,6.5786,-0.1966,0.314160818709911,-0.087815076112747,6.10303023874253,94.127494004125,-0.069208831189292,6.23900712901523,76.4561860522787,-0.020471268951258,6.01842881228241,76.7940310981525,6.13293177,6.28625506425,-0.15332329425000069,76.89398285978007
12.1,79,134.9277,5.0059,-0.2927,87,120.9802,5.7837,-0.8762,93,110.4193,5.921,-0.5176,97,95.1164,6.1911,-0.1538,116,78.6349,6.1864,-0.1754,117,66.8705,6.5604,-0.1287,0.297022129680291,-0.100312888622284,6.0929989498803,94.7367938991131,-0.075268362367697,6.2320862458963,77.0793946768683,-0.039408375015029,6.01638168538728,77.3956692666912,6.13293177,6.270922734825,-0.1533232942499918,77.52107513326257
12.2,79,135.4269,4.9775,-0.2834,87,121.5542,5.6962,-0.9213,93,111.0087,5.8681,-0.6,97,95.7349,6.1791,-0.1897,116,79.2526,6.1679,-0.1706,117,67.5259,6.5464,-0.1575,0.281764061232029,-0.155060082674027,6.0774929416129,95.3445431932743,-0.083467475813727,6.22455940965953,77.7018506178343,-0.063801414877317,6.01244084788578,77.9969133514798,6.13293177,6.2555904054,-0.15332329425000069,78.14663417380257
12.3,79,135.9232,4.9495,-0.2873,87,122.1192,5.6043,-0.9661,93,111.5924,5.8058,-0.7157,97,96.351,6.1423,-0.2804,116,79.8684,6.1489,-0.1977,117,68.1797,6.5295,-0.2334,0.266804540532538,-0.219783544540405,6.05551458715886,95.9500946519902,-0.093954050003075,6.21621266207816,78.3234718840421,-0.093222220127312,6.00606070639805,78.5975194221196,6.13293177,6.240258075975,-0.15332329425000957,78.77065998140007
12.4,79,136.4167,4.9204,-0.3084,87,122.6748,5.508,-0.9746,93,112.1694,5.7339,-0.8033,97,96.9639,6.1167,-0.4094,116,80.4823,6.1287,-0.208,117,68.8314,6.5045,-0.3426,0.267464429689085,-0.275225847959518,6.02799200236291,96.5528938522265,-0.107196414432546,6.20681725707785,78.9441536097499,-0.128194105240124,5.99673848438532,79.1971932705581,6.13293177,6.224925746549999,-0.3066465884999925,79.39315255605507
12.5,79,136.9072,4.8891,-0.3293,87,123.2206,5.4081,-1.0016,93,112.739,5.6573,-0.7609,97,97.5738,6.0813,-0.5465,116,81.0941,6.1079,-0.2078,117,69.4801,6.4706,-0.4392,0.255263248824004,-0.462309926748276,5.98176100968808,97.1510699531953,-0.122644156582175,6.1960976156346,79.5637633713133,-0.167037325135247,5.9839190738613,79.7955851779442,6.13293177,6.1942610877,-0.30664658850000137,80.01257866482507
12.6,79,137.3945,4.8566,-0.321,87,123.7564,5.3074,-0.9912,93,113.301,5.583,-0.7082,97,98.1797,6.0365,-0.4974,116,81.7039,6.0874,-0.2036,117,70.1251,6.4291,-0.4755,0.248391480890109,-0.535568237304688,5.92820418595761,97.7438903717911,-0.137179914717283,6.18383319997638,80.1821466913109,-0.204129001563585,5.96721534134778,80.392306712079,6.13293177,6.16359642885,-0.30664658850000137,80.62893830771007
12.7,79,137.8785,4.8243,-0.3111,87,124.2822,5.2094,-0.9478,93,113.8559,5.514,-0.6563,97,98.7808,5.9844,-0.5606,116,82.3116,6.0672,-0.2008,117,70.7656,6.3808,-0.5477,0.249253697532124,-0.436852931976318,5.88451889275998,98.3323422610671,-0.153515885098619,6.17011520850465,80.7991582121614,-0.242371906916939,5.94680244119142,80.9869869561982,6.13293177,6.13293177,-0.30664658850000137,81.24223148471008
12.8,79,138.3594,4.7933,-0.2948,87,124.7985,5.1165,-0.8522,93,114.4039,5.4477,-0.6556,97,99.3764,5.9274,-0.5989,116,82.9173,6.0471,-0.2011,117,71.4009,6.3251,-0.6297,0.257493026487847,-0.59694892168045,5.82482400059193,98.9148246611263,-0.168915399230661,6.15476361999479,81.4146345741609,-0.276304862801402,5.92256525049973,81.5792434812481,6.13293177,6.10226711115,-0.30664658850000137,81.85245819582508
12.9,79,138.8373,4.764,-0.2803,87,125.3058,5.0296,-0.7917,93,114.9453,5.3792,-0.6942,97,99.9662,5.8683,-0.6016,116,83.521,6.0269,-0.2018,117,72.0303,6.2618,-0.7092,0.270406124190753,-0.584396898746491,5.76638431071729,99.491463092198,-0.181444987554464,6.13787208007172,82.0284217821681,-0.302315035447401,5.89493476421959,82.1687369576701,6.13293177,6.0716024523,-0.3066465884999925,82.45961844105508
13.0,79,139.3123,4.7359,-0.2719,87,125.8048,4.9498,-0.7184,93,115.4796,5.3067,-0.7331,97,100.5501,5.8107,-0.5332,116,84.1227,6.0067,-0.2012,117,72.653,6.1929,-0.6995,0.284152799316034,-0.589888095855713,5.70739550113171,100.062202642311,-0.191063775645899,6.11972758131628,82.6403945402997,-0.320709018355549,5.86470326067485,82.7552072837376,6.13293177,6.04093779345,-0.15332329425000069,83.06371222040008
13.1,79,139.7845,4.7091,-0.259,87,126.2962,4.8788,-0.6262,93,116.0065,5.2323,-0.7315,97,101.1285,5.7572,-0.4862,116,84.7224,5.9867,-0.1914,117,73.2688,6.1236,-0.671,0.295210834076184,-0.49207079410553,5.65818842172116,100.628021484483,-0.201101127642898,6.10062120375169,83.2504566606749,-0.33593558750093,5.83263235883929,83.3384705196215,6.13293177,6.025605464025,-0.15332329425000069,83.66627276680258
13.2,79,140.2542,4.6835,-0.2477,87,126.7811,4.8176,-0.5412,93,116.5262,5.1605,-0.68,97,101.7018,5.7085,-0.4421,116,85.3201,5.9673,-0.1833,117,73.8771,6.0428,-0.5792,0.302149029270113,-0.490142971277237,5.60917412459344,101.188938896943,-0.207825969947224,6.0805110909874,83.8585077697736,-0.341913859251826,5.7990388000892,83.9183743996304,6.13293177,6.0102731346,-0.15332329425000069,84.26730008026259
13.3,79,140.7212,4.6585,-0.2468,87,127.2602,4.7647,-0.4773,93,117.039,5.0954,-0.6011,97,102.2704,5.6642,-0.4019,116,85.9159,5.949,-0.1708,117,74.4788,5.991,-0.4471,0.305899573740871,-0.456666946411133,5.56350742995232,101.745289639938,-0.213565426251655,6.05972849399267,84.4644806191729,-0.342869738847873,5.76484741416402,84.4948591410468,6.13293177,5.994940805175,-0.15332329425000069,84.86679416078009
13.4,79,141.1858,4.6334,-0.191,87,127.7342,4.7164,-0.4505,93,117.5456,5.0375,-0.5361,97,102.8348,5.6243,-0.3729,116,86.51,5.9321,-0.1567,117,75.076,5.9532,-0.2493,0.308093211032412,-0.408876091241836,5.52261982082814,102.297551622021,-0.218322034631581,6.03837195136751,85.0683178143096,-0.339511385458974,5.73056044027923,85.0679151850748,5.8262851815,5.97960847575,-0.15332329425000069,85.46475500835508
13.5,79,141.6479,4.6086,-0.1826,87,128.2036,4.6705,-0.434,93,118.0467,4.9843,-0.5087,97,103.3955,5.5891,-0.3282,116,87.1024,5.9165,-0.1376,117,75.6702,5.9292,-0.1447,0.308889292745408,-0.351327866315842,5.48748703419656,102.84630032544,-0.224103857576797,6.01653974790435,85.6699717891001,-0.335975958313306,5.69660930173333,85.6375761152481,5.8262851815,5.964276146325,-0.15332329425000069,86.06118262298757
13.6,79,142.1077,4.5858,-0.161,87,128.6685,4.6273,-0.3567,93,118.5425,4.9323,-0.5127,97,103.9528,5.5572,-0.3057,116,87.6933,5.9022,-0.126,117,76.2624,5.9155,-0.0804,0.307221288343332,-0.324456632137299,5.45504137098283,103.391804462539,-0.230079920325261,5.99412936214667,86.2693847253147,-0.332019847998196,5.663011705902,86.2038772858383,5.8262851815,5.9489438169,-0.15332329425000069,86.65607700467758
13.7,79,142.5652,4.5653,-0.1482,87,129.1293,4.5898,-0.2925,93,119.0331,4.8795,-0.5297,97,104.507,5.5258,-0.3178,116,88.2829,5.8894,-0.1113,117,76.8535,5.9071,-0.0574,0.302985513804862,-0.317753881216049,5.42326598286122,103.934131060825,-0.237191764708117,5.97112137011414,86.8664968623261,-0.330633750887754,5.62980972110218,86.7668582579485,5.8262851815,5.933611487475,-0.15332329425000069,87.24943815342509
13.8,79,143.0217,4.5651,-0.2084,87,129.5868,4.5606,-0.2128,93,119.5184,4.826,-0.5321,97,105.0578,5.4919,-0.371,116,88.8713,5.8784,-0.0909,117,77.4439,5.9001,-0.077,0.297683483183327,-0.342851042747497,5.38898087858647,104.473029148683,-0.245957491064364,5.94740219364333,87.4612370816905,-0.333567513083497,5.59674634601341,87.3265328925498,5.8262851815,5.91827915805,-0.15332329425000069,87.84126606923009
13.9,79,143.4771,4.5426,-0.2323,87,130.0419,4.5402,-0.1407,93,119.9983,4.7729,-0.5214,97,105.6051,5.4534,-0.4223,116,89.4587,5.8699,-0.0218,117,78.0335,5.8927,-0.084,0.293790682526558,-0.397717922925949,5.34920908629388,105.007950057313,-0.25552945543443,5.9228064445369,88.0535177261442,-0.339580800239548,5.56338959470506,87.8828718520203,5.8262851815,5.902946828625,-0.1533232942499918,88.4315607520926
14.0,79,143.9302,4.5191,-0.2287,87,130.4952,4.527,-0.0646,93,120.473,4.7211,-0.5046,97,106.1483,5.4102,-0.4699,116,90.0454,5.8641,-0.0135,117,78.6224,5.8847,-0.0911,0.293385918509777,-0.390138983726501,5.31019518792123,105.538969576105,-0.266404230054958,5.89725349899345,88.6432430760435,-0.348567231364831,5.5294315146811,88.4358150034885,5.8262851815,5.887614499200001,-0.30664658850000137,89.0203222020126
14.1,79,144.381,4.4973,-0.1984,87,130.9476,4.5192,-0.0357,93,120.9426,4.6707,-0.4933,97,106.687,5.3633,-0.4994,116,90.6317,5.8612,-0.0043,117,79.2104,5.8755,-0.1093,0.297038045008513,-0.467693418264389,5.26342584609479,106.065312160714,-0.276984447912898,5.87061307598796,89.2303043836423,-0.35666905042958,5.49457479154462,88.9852724826429,5.8262851815,5.85694984035,-0.30664658850000137,89.6060171860476
14.2,79,144.8298,4.4783,-0.1914,87,131.3993,4.5154,-0.0126,93,121.4072,4.6204,-0.4998,97,107.2209,5.3156,-0.4427,116,91.2178,5.8617,0.0077,117,79.7974,5.8639,-0.1378,0.304080069890347,-0.472115457057953,5.21621430038899,106.586933590753,-0.285653968928623,5.84291463119667,89.814595846762,-0.360131369090897,5.45890788650166,89.5311632712931,5.8262851815,5.8262851815,-0.30664658850000137,90.1886457041976
14.3,79,145.2767,4.4603,-0.1946,87,131.8508,4.5148,0.0042,93,121.8667,4.5693,-0.5105,97,107.7503,5.2718,-0.3811,116,91.8042,5.8667,0.0702,117,80.383,5.849,-0.1736,0.311823019793662,-0.400164067745209,5.17619789361447,107.104553380115,-0.292415836760746,5.8143492343038,90.3960307701924,-0.358729408055776,5.42289474959257,90.0734527462523,5.8262851815,5.79562052265,-0.30664658850000137,90.76820775646259
14.4,79,145.7218,4.4409,-0.2232,87,132.3023,4.5162,0.023,93,122.321,4.5182,-0.4984,97,108.2757,5.2354,-0.3046,116,92.3914,5.8763,0.1085,117,80.967,5.8313,-0.1965,0.31610238389413,-0.376246809959412,5.13857321261853,107.618410701377,-0.297282508086231,5.78510765062773,90.9745415352551,-0.352725543467955,5.38702180878699,90.6121549271311,5.8262851815,5.7649558638,-0.15332329425000069,91.34470334284259
14.5,79,146.1647,4.418,-0.2691,87,132.7541,4.5188,0.0325,93,122.7705,4.4705,-0.4035,97,108.7977,5.2051,-0.2661,116,92.9796,5.8882,0.1162,117,81.5492,5.8122,-0.2038,0.314211007351279,-0.294676303863525,5.10910558223218,108.1293212596,-0.300008862160425,5.75537939981911,91.550079475237,-0.342511582441113,5.3517492544402,91.1473298525751,5.8262851815,5.749623534375,-0.15332329425000069,91.91966569628009
14.6,79,146.6052,4.3905,-0.2918,87,133.2061,4.5222,0.0424,93,123.2155,4.4303,-0.3201,97,109.3167,5.1762,-0.2804,116,93.569,5.8989,0.0841,117,82.1295,5.7928,-0.1829,0.308184025723683,-0.273253381252289,5.08178024410695,108.637499284011,-0.302181573934975,5.72537851360306,92.1226173265974,-0.331446016423047,5.31749809619609,91.6790796621947,5.8262851815,5.73429120495,-0.15332329425000069,92.49309481677508
14.7,79,147.0426,4.3586,-0.3255,87,133.6586,4.5266,0.0508,93,123.657,4.3995,-0.2332,97,109.8328,5.1454,-0.3023,116,94.1592,5.9046,0.0353,117,82.7078,5.7738,-0.1758,0.303084817149303,-0.293295174837112,5.05245072662324,109.142744356673,-0.304351969439537,5.69516035620957,92.6921333622183,-0.320615626579056,5.28435349455378,92.2075150116501,5.8262851815,5.718958875525,-0.15332329425000069,93.06499070432758
14.8,79,147.4768,4.3254,-0.318,87,134.1115,4.531,-0.3906,93,124.0958,4.3766,-0.1785,97,110.3458,5.1144,-0.2847,116,94.7496,5.9037,-0.0616,117,83.2843,5.7562,-0.1573,0.302419622692064,-0.276376873254776,5.02481303929776,109.645225660603,-0.305780899148288,5.66472515926561,93.2586058781449,-0.308956845737347,5.25229193189588,92.7327442048397,5.8262851815,5.7036265461,-0.1533232942499918,93.63535335893759
14.9,79,147.9078,4.295,-0.2721,87,134.5647,4.5341,-0.1837,93,124.5325,4.357,-0.1971,97,110.8559,5.0874,-0.225,116,95.3396,5.8962,-0.1447,117,83.8591,5.7411,-0.1293,0.304533024241323,-0.2523452937603,4.99957850992173,110.145183511595,-0.306746715215839,5.63414706935078,93.8220205850799,-0.297068265110325,5.22139624732214,93.2548838295719,5.8262851815,5.688294216675001,-0.30664658850000137,94.2041827806051
15.0,79,148.3361,4.2697,-0.21,87,135.0182,4.5345,0.109,93,124.9671,4.3359,-0.2326,97,111.3636,5.0669,-0.1746,116,95.9285,5.8834,-0.2052,117,84.4326,5.7282,-0.1265,0.304562708162261,-0.195131212472916,4.98006538867444,110.643190050462,-0.306906954385404,5.6034723978292,94.3823678248628,-0.284748938965756,5.19168942081111,93.774052771653,5.519638593,5.657629557825,-0.30664658850001025,94.76994573638758
15.1,79,148.762,4.2489,-0.1776,87,135.4715,4.5317,0.4123,93,125.3995,4.3114,-0.2659,97,111.8695,5.0509,-0.1487,116,96.5161,5.867,-0.1827,117,85.0048,5.7154,-0.1436,0.298754860249755,-0.176475018262863,4.96241788684815,111.139431839147,-0.306121188119578,5.57278170239066,94.9396459951019,-0.272319881219991,5.16321452691453,94.2903742243444,5.519638593,5.626964898974999,-0.3066465884999925,95.33264222628509
15.2,79,149.186,4.2306,-0.1631,87,135.9243,4.5258,-0.058,93,125.8293,4.2852,-0.2659,97,112.3738,5.0355,-0.1633,116,97.1018,5.8484,-0.2006,117,85.5756,5.6998,-0.1852,0.287916929506271,-0.184887290000915,4.94392915784806,111.633824754932,-0.304766091859129,5.5421695835787,95.4938629534598,-0.260899022669423,5.13598253879254,94.8039724782237,5.519638593,5.596300240125,-0.30664658850000137,95.89227225029758
15.3,79,149.6082,4.214,-0.147,87,136.3765,4.5174,-0.0709,93,126.2566,4.2608,-0.1633,97,112.8765,5.0182,-0.1866,116,97.6857,5.8282,-0.2144,117,86.1446,5.6809,-0.2146,0.275649405232159,-0.177472740411758,4.92618188380688,112.126442943313,-0.303514038666813,5.51169297439279,96.0450322508991,-0.25137775560471,5.10989263652559,95.3149617418763,5.519638593,5.565635581275,-0.3066465884999925,96.44883580842509
15.4,79,150.0289,4.1999,-0.0911,87,136.8278,4.5092,-0.0551,93,126.6817,4.2413,-0.1199,97,113.3774,4.9996,-0.1808,116,98.2674,5.8068,-0.2255,117,86.7117,5.6612,-0.1455,0.265220415121183,-0.201175004243851,4.9060643833825,112.617049381651,-0.302439328177656,5.48134157052611,96.5931664079517,-0.243301719049594,5.08475486096512,95.8234372279728,5.519638593,5.534970922425001,-0.30664658850001025,97.00233290066758
15.5,79,150.4484,4.1902,-0.0533,87,137.2785,4.505,-0.0105,93,127.1052,4.2283,-0.0682,97,113.8765,4.9819,-0.1596,116,98.847,5.7847,-0.2192,117,87.277,5.645,-0.1039,0.257291186593077,-0.183773219585419,4.88768706142396,113.105818087793,-0.301404553774112,5.45109763770834,97.1382761717225,-0.235854236130838,5.06042468906016,96.3294796968788,5.519638593,5.504306263575,-0.30664658850000137,97.55276352702509
15.6,79,150.8672,4.1853,-0.02,87,137.7291,4.5063,0.0993,93,127.5278,4.2226,-0.0144,97,114.3739,4.9669,-0.1299,116,99.4244,5.7627,-0.2134,117,87.841,5.6348,-0.0515,0.250671261391629,-0.177698671817779,4.86991719424218,113.592809807217,-0.300035593959281,5.42095718233093,97.6803718899556,-0.22843668950923,5.03683926544708,96.8331636234235,5.519638593,5.473641604725,-0.3066465884999925,98.10012768749759
15.7,79,151.2856,4.1836,-0.0057,87,138.1799,4.5102,0.0931,93,127.9501,4.2243,0.0632,97,114.87,4.9541,-0.1167,116,99.9996,5.7416,-0.2013,117,88.4043,5.6307,-0.0119,0.244217801440893,-0.152557596564293,4.85466143458575,114.078275950676,-0.299032498142655,5.390953622935,98.2194672522491,-0.22272948003497,5.01399559649616,97.3345631830731,5.519638593,5.442976945875,-0.30664658850000137,98.64442538208509
15.8,79,151.704,4.1829,-0.0085,87,138.631,4.5104,-0.0811,93,128.373,4.2331,0.1475,97,115.3647,4.9409,-0.1607,116,100.5727,5.7216,-0.1913,117,88.9673,5.63,0.0008,0.238445693208708,-0.149327218532562,4.83972871273249,114.562248821949,-0.298870186196297,5.36105037312074,98.7555722895612,-0.22020670669281,4.99172264849266,97.8337354479224,5.519638593,5.412312287025,-0.30664658850000137,99.18565661078759
15.9,79,152.1223,4.1834,0.0235,87,139.0816,4.5021,-0.3299,93,128.7971,4.2489,0.2302,97,115.858,4.9239,-0.2228,116,101.1439,5.7022,-0.2202,117,89.5303,5.6291,-0.026,0.235785053751671,-0.194834753870964,4.8202452373454,115.044273345684,-0.299989651980278,5.33116335450111,99.2886886250113,-0.222100200502631,4.96970197782338,98.3307056457047,5.2129920045,5.381647628175,-0.4599698827499932,99.72382137360508
16.0,79,152.5409,4.1884,0.135,87,139.5309,4.4844,-0.2287,93,129.2231,4.2712,0.3044,97,116.3492,4.9005,-0.3033,116,101.7128,5.6747,-0.2276,117,90.093,5.6252,-0.0825,0.239369361713441,-0.227663397789001,4.7974788975665,115.52402123544,-0.302772625477448,5.30116438930308,99.8188050639416,-0.228940982982465,4.94749195777311,98.825454841482,5.2129920045,5.335650639900001,-0.30664658850001025,100.25738643759507
16.1,79,152.9605,4.203,0.3263,87,139.9781,4.4595,-0.2866,93,129.6516,4.2988,0.2879,97,116.8377,4.8702,-0.3785,116,102.2792,5.6541,-0.2435,117,90.6551,5.617,-0.1466,0.251651863183372,-0.2989282310009,4.76758607446641,116.000779842887,-0.307132121981568,5.27088712675533,100.345893776617,-0.239723787029042,4.92459785947487,99.3179146274295,5.2129920045,5.30498598105,-0.3066465884999925,100.78788503570007
16.2,79,153.3821,4.2306,0.3606,87,140.4226,4.4306,-0.3125,93,130.083,4.3295,0.306,97,117.3229,4.8344,-0.3768,116,102.8435,5.6316,-0.271,117,91.2162,5.6045,-0.1488,0.272847512295484,-0.352924376726151,4.73229363679379,116.474009206566,-0.311625592317994,5.24017391455718,100.869911168073,-0.251055557086935,4.90062548077196,99.8079771755067,5.2129920045,5.2743213222000005,-0.30664658850000137,101.31531716792007
16.3,79,153.8072,4.2703,0.4724,87,140.8642,4.4002,-0.3172,93,130.5175,4.3609,0.2994,97,117.8044,4.7958,-0.3876,116,103.4054,5.606,-0.2819,117,91.7758,5.5888,-0.176,0.301032505379494,-0.330892890691757,4.69920434772462,116.943929641339,-0.316174958027825,5.20901135532538,101.390812303605,-0.261722929086776,4.87551992506327,100.295529168013,5.2129920045,5.24365666335,-0.30664658850000137,101.83968283425507
16.4,79,154.2366,4.3178,0.5261,87,141.3027,4.3699,-0.2335,93,130.9551,4.3902,0.267,97,118.2821,4.7574,-0.3726,116,103.9644,5.5757,-0.3355,117,92.3338,5.5711,-0.188,0.333016703688812,-0.364921033382416,4.66271224438638,117.410200865778,-0.319841704565442,5.1773938595226,101.908551689558,-0.269782781289149,4.84934763215459,100.780463931228,5.2129920045,5.2129920045,-0.30664658850000137,102.36098203470507
16.5,79,154.6709,4.3686,0.539,87,141.7382,4.3409,-0.2213,93,131.3953,4.4148,0.0272,97,118.756,4.7208,-0.3546,116,104.5203,5.5407,-0.3797,117,92.89,5.5527,-0.1902,0.365253009855845,-0.334959715604782,4.6292162728259,117.87312249306,-0.322210951273447,5.14540968906605,102.423092658464,-0.274411434816372,4.82236935402568,101.262700866631,5.2129920045,5.18232734565,-0.30664658850000137,102.87921476927008
16.6,79,155.1103,4.4204,0.527,87,142.1709,4.3133,-0.2111,93,131.8377,4.4323,0.0166,97,119.2263,4.6852,-0.3414,116,105.0725,5.5033,-0.3839,117,93.4444,5.5342,-0.1901,0.395472066905626,-0.321824282407761,4.59703384458512,118.332825877519,-0.323325326080724,5.11318859393871,102.934411517858,-0.276230866118672,4.79492821054404,101.742193687685,5.2129920045,5.1516626868,-0.30664658850000137,103.39438103795008
16.7,79,155.555,4.4735,0.5447,87,142.6009,4.2863,-0.2108,93,132.2813,4.4397,0.0022,97,119.6931,4.6497,-0.3449,116,105.621,5.4678,-0.295,117,93.9969,5.5155,-0.1944,0.423509142526789,-0.305287092924118,4.56650513529271,118.789476391048,-0.324344008220844,5.08085606133063,103.442497123991,-0.276951384099684,4.76730512393217,102.218924200079,5.2129920045,5.12099802795,-0.4599698827499932,103.90648084074508
16.8,79,156.0051,4.5282,0.5586,87,143.0293,4.2823,-0.276,93,132.725,4.4348,-0.0147,97,120.1563,4.6144,-0.3363,116,106.1663,5.4376,-0.2392,117,94.5474,5.4962,-0.2013,0.449003243416295,-0.31145629286766,4.53535950600594,119.243012341649,-0.324225606033708,5.04842166050855,103.947339290042,-0.274656591786202,4.7396099855222,102.692885198631,5.2129920045,5.0750010396750005,-0.45996988275001094,104.41398094471259
16.9,79,156.4607,4.5839,0.5633,87,143.4561,4.2536,-0.2851,93,133.1676,4.418,-0.2174,97,120.616,4.5813,-0.3029,116,106.7088,5.4133,-0.1919,117,95.096,5.476,-0.211,0.471102389612815,-0.302263885736465,4.5051331174323,119.693525653392,-0.323392232016418,5.01599909990518,104.448939200033,-0.270043001227462,4.71214432634358,103.164099631265,4.906345416,5.029004051399999,-0.3066465884999925,104.91688134985259
17.0,79,156.9219,4.6397,0.5436,87,143.88,4.2249,-0.2762,93,133.6083,4.3947,-0.2445,97,121.0727,4.5526,-0.234,116,107.2492,5.3938,-0.1516,117,95.6426,5.4545,-0.2304,0.488238997869349,-0.267464280128479,4.47838668941945,120.141364322334,-0.321131426923334,4.98365987670354,104.947305187703,-0.261647407294684,4.68514002622084,103.632613633887,4.906345416,4.99833939255,-0.30664658850001025,105.41671528910757
17.1,79,157.3887,4.6951,0.5342,87,144.3012,4.1979,-0.2514,93,134.0466,4.3714,-0.2174,97,121.5268,4.5292,-0.1867,116,107.7879,5.3801,-0.2261,117,96.1868,5.4306,-0.2625,0.500193312307681,-0.199754536151886,4.45841123580426,120.587205445914,-0.317933517264333,4.9515467340112,105.442459861104,-0.250255762368492,4.65897528549137,104.098511162436,4.906345416,4.967674733699999,-0.3066465884999925,105.91348276247759
17.2,79,157.8608,4.7486,0.5071,87,144.7197,4.1734,-0.227,93,134.4827,4.3507,-0.194,97,121.9788,4.5105,-0.1491,116,108.3256,5.3746,-0.0135,117,96.7285,5.4033,-0.2982,0.508090850001377,-0.179370582103729,4.44047417759389,121.031252863673,-0.31310437622568,4.91975338228477,105.934435199333,-0.235470985743094,4.63394970925452,104.561906133362,4.906345416,4.93701007485,-0.30664658850000137,106.40718376996259
17.3,79,158.3382,4.7988,0.4696,87,145.1359,4.1505,-0.2182,93,134.9167,4.3306,-0.2084,97,122.4291,4.4956,-0.1193,116,108.8633,5.3783,0.1743,117,97.2674,5.3736,-0.3138,0.513125642034101,-0.130476653575897,4.4274265122363,121.473995514897,-0.307157052243026,4.8884429446622,106.423279493799,-0.218849280346058,4.61040261068021,105.02294639443,4.906345416,4.906345416,-0.30664658850000137,106.89781831156259
17.4,79,158.8204,4.8452,0.4341,87,145.5499,4.1282,-0.2164,93,135.3487,4.3087,-0.2369,97,122.8781,4.4837,-0.0844,116,109.4016,5.3877,0.2389,117,97.8032,5.3441,-0.2638,0.515358959803051,-0.106400430202484,4.41678646921605,121.915674161819,-0.300215040847157,4.8577272394379,106.909052217743,-0.201400372350747,4.5885176826456,105.481798162695,4.906345416,4.87568075715,-0.3066465884999925,107.38538638727759
17.5,79,159.3071,4.8882,0.4034,87,145.9616,4.1066,-0.2031,93,135.7784,4.2844,-0.2558,97,123.326,4.4745,-0.0652,116,109.9408,5.3974,-0.4327,117,98.3363,5.318,-0.2201,0.514652007553104,-0.068872034549713,4.40989926576108,122.356664088395,-0.293066843215992,4.82770573535318,107.391822791278,-0.184698538396676,4.56837764541053,105.938635927236,4.906345416,4.8450160983,-0.30664658850000137,107.86988799710758
17.6,79,159.7979,4.9284,0.3804,87,146.3713,4.0869,-0.1945,93,136.2055,4.2593,-0.2536,97,123.7731,4.4674,-0.0506,116,110.4809,5.4036,-0.1975,117,98.8671,5.2966,-0.176,0.510949568673606,-0.058017015457153,4.40409756421536,122.797073844816,-0.285228371363334,4.79839905103158,107.871662696381,-0.167674332035223,4.54990779157086,106.393626706393,4.906345416,4.81435143945,-0.30664658850000137,108.35132314105259
17.7,79,160.2927,4.9666,0.3634,87,146.7791,4.0688,-0.1866,93,136.6303,4.2352,-0.2229,97,124.2196,4.4623,-0.0321,116,111.0213,5.4047,0.0812,117,99.3959,5.279,-0.1504,0.505025904867086,-0.048699676990509,4.39922759651631,123.236996604468,-0.276942636786649,4.76987621389525,108.348650317771,-0.150326271260271,4.53314035836734,106.846940742229,4.5996988275,4.7836867806,-0.30664658850000137,108.82969181911258
17.8,79,160.7912,5.0033,0.384,87,147.185,4.0498,-0.2102,93,137.0527,4.2128,-0.2036,97,124.6657,4.4605,0.0029,116,111.5615,5.3996,0.4428,117,99.923,5.263,-0.1615,0.497469439145468,-0.027010202407837,4.39652657627553,123.676649262096,-0.267767611105734,4.74218195021659,108.822868512792,-0.131682315497199,4.51810773124131,107.298751515354,4.5996988275,4.75302212175,-0.3066465884999925,109.30499403128758
17.9,79,161.2933,5.04,0.3947,87,147.5889,4.028,-0.249,93,137.4729,4.1925,-0.185,97,125.1119,4.4637,0.0688,116,112.1008,5.3868,-0.1823,117,100.4485,5.2472,-0.1666,0.487373169990254,0.01049667596817,4.39757624387234,124.116406886483,-0.257778524809502,4.71540518910601,109.294409031703,-0.112637146362505,4.50493949969159,107.749245465323,4.5996988275,4.722357462900001,-0.15332329425000957,109.77722977757759
18.0,79,161.7993,5.0796,0.4467,87,147.9904,4.0029,-0.24,93,137.8913,4.174,-0.1677,97,125.5587,4.4722,0.1225,116,112.6385,5.3661,-0.2621,117,100.9724,5.2308,-0.1732,0.47338856247686,0.067408561706543,4.404317100043,124.556838596487,-0.24714579713471,4.68962733662506,109.763371765365,-0.094025593047955,4.49367578505534,108.198613043828,4.5996988275,4.707025133475,-0.1533232942499918,110.24793229092508
18.1,79,162.3095,5.1255,0.5299,87,148.3894,3.9766,-0.238,93,138.3078,4.1573,-0.1504,97,126.0065,4.4834,0.1287,116,113.1737,5.3395,-0.3113,117,101.4946,5.2135,-0.1827,0.455046615439093,0.103298634290695,4.41464696347207,124.998303292834,-0.236674275255702,4.66491275691159,110.229863041056,-0.078096774335959,4.48427322575055,108.647040366403,4.5996988275,4.6916928040500006,-0.30664658850000137,110.71710157133009
18.2,79,162.8248,5.1788,0.5738,87,148.7859,3.9523,-0.2032,93,138.7228,4.142,-0.1372,97,126.4553,4.4928,-0.0106,116,113.7062,5.3095,-0.333,117,102.015,5.1946,-0.2256,0.434178124782533,0.093308210372925,4.42397778450936,125.440701071285,-0.228474081409091,4.64124532938602,110.693987573995,-0.068432399637527,4.47646354831695,109.094686721235,4.5996988275,4.6610281452,-0.30664658850000137,111.18320438585009
18.3,79,163.3456,5.2371,0.6028,87,149.1801,3.933,-0.1474,93,139.1363,4.1282,-0.1238,97,126.9048,4.4972,-0.0023,116,114.2356,5.2779,-0.331,117,102.5333,5.1717,-0.2887,0.41433752611651,-0.066505998373032,4.41732718467206,125.882433789752,-0.219329635061932,4.61839792124511,111.15582736612,-0.060062903834527,4.4696203083532,109.54164875207,4.5996988275,4.63036348635,-0.30664658850000137,111.64624073448509
18.4,79,163.8722,5.2966,0.6005,87,149.5728,3.92,0.3026,93,139.5485,4.1159,-0.1075,97,127.3545,4.4969,0.0031,116,114.7617,5.2448,-0.3503,117,103.049,5.1416,-0.3844,0.398315520613441,0.042935311794281,4.42162071585149,126.324595861338,-0.211517703877032,4.59646495773892,111.615473861893,-0.056171192211742,4.46361401796974,109.988010153867,4.5996988275,4.5996988275,-0.30664658850000137,112.10621061723509
18.5,79,164.4049,5.3561,0.602,87,149.9644,3.9134,0.1095,93,139.9595,4.1054,-0.1116,97,127.8041,4.4945,0.0039,116,115.2844,5.2094,-0.3755,117,103.5612,5.1029,-0.4835,0.386142647214474,-0.000289797782898,4.4215917360732,126.766755034945,-0.204141578691263,4.57531318735121,112.073005180629,-0.05499323380852,4.45799689874857,110.433809843742,4.5996988275,4.56903416865,-0.30664658850000137,112.56311403410008
18.6,79,164.9435,5.4168,0.6195,87,150.3558,3.9129,-0.0732,93,140.3696,4.0959,-0.1084,97,128.2534,4.4922,-0.0235,116,115.8035,5.1718,-0.3979,117,104.0692,5.0564,-0.5034,0.37591368624527,-0.006321549415588,4.42095958113164,127.208850993058,-0.196913774860927,4.55489902948209,112.528495083577,-0.055535643243589,4.45249757536772,110.879059601279,4.5996988275,4.5383695098,-0.3066465884999925,113.01695098508009
18.7,79,165.4884,5.4799,0.6457,87,150.7473,3.918,-0.251,93,140.7787,4.085,-0.1447,97,128.7025,4.4901,-0.0269,116,116.3187,5.1325,-0.3824,117,104.5722,5.0049,-0.5416,0.365672007915521,-0.046073466539383,4.4163522344777,127.650486216506,-0.187599017172365,4.535207651996,112.982015848776,-0.054455108932141,4.44694401104336,111.323754002383,4.5996988275,4.507704850950001,-0.15332329425000957,113.46772147017508
18.8,79,166.0396,5.5446,0.6537,87,151.1396,3.9288,0.1524,93,141.1864,4.0694,-0.2169,97,129.1514,4.487,-0.0496,116,116.8299,5.0927,-0.3799,117,105.07,4.9503,-0.5637,0.354525153589654,-0.044331520795822,4.41191908239812,128.091678124746,-0.18012147197106,4.51644775027876,113.433660623804,-0.058166425322189,4.44149850015015,111.767903852398,4.5996988275,4.492372521525,-0.1533232942499918,113.91695872232759
18.9,79,166.5973,5.6094,0.6443,87,151.5333,3.945,0.2126,93,141.5922,4.0472,-0.2552,97,129.5998,4.4818,-0.0771,116,117.3373,5.0541,-0.3611,117,105.5622,4.8942,-0.5728,0.342339696240782,-0.056669443845749,4.40625213801354,128.532303338547,-0.173246292569436,4.49843560308165,113.883504184112,-0.063882849821676,4.43568185761793,112.21147203816,4.5996988275,4.4770401921000005,-0.15332329425000069,114.36466274153759
19.0,79,167.1614,5.6731,0.6422,87,151.9289,3.9665,0.2713,93,141.9955,4.019,-0.3054,97,130.0477,4.4745,-0.0971,116,117.8409,5.0184,-0.3225,117,106.0488,4.8383,-0.532,0.329392646201534,-0.099089086055756,4.39634322940797,128.971937661488,-0.167806597212399,4.48111097382471,114.331615281495,-0.072235725403496,4.42929357263576,112.654401395424,4.5996988275,4.461707862675,-0.15332329425000069,114.81083352780509
19.1,79,167.7319,5.7364,0.643,87,152.3269,3.9933,0.3314,93,142.3959,3.9878,-0.3161,97,130.4946,4.4648,-0.1277,116,118.3412,4.9879,-0.2518,117,106.53,4.7849,-0.4929,0.315719531437179,-0.125836938619614,4.383759535546,129.410313615042,-0.163997752720777,4.46433031410347,114.778048312905,-0.082873836962543,4.42207000009541,113.096608395433,4.293052239,4.44637553325,-0.15332329425000069,115.25547108113008
19.2,79,168.3087,5.8005,0.6592,87,152.7279,4.0256,0.3603,93,142.7931,3.9575,-0.2875,97,130.9405,4.4519,-0.1725,116,118.8388,4.964,-0.1859,117,107.0061,4.7367,-0.4351,0.302576026121703,-0.147078931331634,4.36905164241284,129.847218779284,-0.163342851679614,4.44793053883139,115.222841366788,-0.097925810595183,4.41378261639915,113.537986657073,4.293052239,4.431043203825,-0.15332329425000069,115.69857540151258
19.3,79,168.8921,5.8669,0.6895,87,153.1323,4.0633,0.4148,93,143.1875,3.9308,-0.2094,97,131.3848,4.4347,-0.2287,116,119.3343,4.9466,-0.1339,117,107.4776,4.6937,-0.39,0.29189229057077,-0.208572328090668,4.34819440960377,130.282038220244,-0.165689367417359,4.43159625366343,115.666000992155,-0.117711684380961,4.40399003533964,113.978385660607,4.293052239,4.4157108744,-0.15332329425000069,116.1401464889526
19.4,79,169.4823,5.9365,0.7174,87,153.5407,4.1055,0.4516,93,143.5795,3.9083,-0.1753,97,131.8271,4.4119,-0.2961,116,119.8283,4.9328,-0.1179,117,107.9449,4.6533,-0.4269,0.285846956661186,-0.245052874088287,4.32368912219495,130.714407132464,-0.171138606952389,4.41502731692169,116.107503723847,-0.143285169001886,4.39221886690154,114.417607547297,4.293052239,4.400378544975,-0.15332329425000069,116.58018434345009
19.5,79,170.0795,6.0091,0.7432,87,153.9535,4.1499,0.4606,93,143.9694,3.8897,-0.1442,97,132.2668,4.3813,-0.4036,116,120.3209,4.9189,-0.1575,117,108.4081,4.6104,-0.4798,0.286075691110643,-0.311194568872452,4.2925696653077,131.143664098994,-0.180143268254498,4.39791345622646,116.54729506947,-0.175838391784406,4.37789035000135,114.855396582297,4.293052239,4.38504621555,-0.15332329425000069,117.01868896500508
19.6,79,170.6842,6.0836,0.754,87,154.3707,4.1943,0.456,93,144.3576,3.8755,-0.0993,97,132.7028,4.3392,-0.5583,116,120.812,4.9023,-0.1931,117,108.8667,4.561,-0.5677,0.294716665004944,-0.415374457836151,4.25103221952409,131.568767320947,-0.192566217614136,4.37989912940101,116.98528498241,-0.215382876360386,4.36030651082291,115.29142723338,4.293052239,4.369713886125,-0.30664658850000137,117.45566035361759
19.7,79,171.2963,6.1585,0.754,87,154.7924,4.2385,0.4573,93,144.7448,3.868,-0.0732,97,133.1339,4.2826,-0.7347,116,121.3012,4.8828,-0.2164,117,109.3199,4.5036,-0.6477,0.315540097570416,-0.555521488189697,4.19548007070512,131.988315328017,-0.20702433663391,4.36064250763959,117.421349233174,-0.258334878096695,4.33876822318687,115.725304055698,4.293052239,4.339049227275,-0.30664658850000137,117.88956527634508
19.8,79,171.9159,6.2333,0.7441,87,155.2185,4.284,0.4848,93,145.1317,3.8692,0.1248,97,133.5586,4.2126,-0.7076,116,121.7884,4.8618,-0.226,117,109.7671,4.4411,-0.5821,0.352030710509927,-0.701550602912903,4.12532501041383,132.400847829059,-0.219646475177215,4.3399400739762,117.855343240571,-0.296825311599166,4.3129347353772,116.156597529236,4.293052239,4.308384568425,-0.30664658850000137,118.32040373318758
19.9,79,172.5429,6.3078,0.7408,87,155.6493,4.3333,0.5347,93,145.519,3.8779,0.2504,97,133.9761,4.1362,-0.7197,116,122.2735,4.8396,-0.2422,117,110.2082,4.379,-0.5494,0.40352240129655,-0.594587564468384,4.06586625396699,132.807434454455,-0.231635484491673,4.31797542645848,118.287140783217,-0.329712452995433,4.28325220421729,116.584922749658,4.293052239,4.277719909575,-0.3066465884999925,118.74817572414507
20.0,79,173.1774,6.3819,0.7359,87,156.0854,4.3876,0.597,93,145.9074,3.8896,0.2509,97,134.3861,4.0638,-0.6328,116,122.7563,4.8154,-0.2736,117,110.6433,4.3229,-0.4734,0.462948964596803,-0.676990449428558,3.99816720902413,133.207251175358,-0.239052486104307,4.29481187800931,118.716621971018,-0.348710071848009,4.25028095891774,117.00995084555,4.293052239,4.247055250725,-0.30664658850001025,119.17288124921757
20.1,79,173.8193,6.4554,0.7292,87,156.5271,4.447,0.648,93,146.2981,3.9233,0.0992,97,134.7894,4.0032,-0.5005,116,123.2364,4.7875,-0.32,117,111.0732,4.2769,-0.3668,0.520046463514876,-0.550336241722107,3.94313358485192,133.601564533843,-0.241290354417416,4.27090662939888,119.143712633958,-0.35157051914652,4.21540995173294,117.431491840723,4.293052239,4.216390591874999,-0.15332329425000069,119.59452030840508
20.2,79,174.4685,6.5283,0.703,87,156.975,4.5114,0.7001,93,146.6907,3.9304,0.0717,97,135.1874,3.9565,-0.3301,116,123.7136,4.7553,-0.366,117,111.4993,4.2439,0.0083,0.574085431157813,-0.434067904949188,3.899726794357,133.991537213279,-0.237716292167209,4.24677759395714,119.568390393354,-0.338262454416668,4.18025289981829,117.849517130705,4.293052239,4.201058262449999,-0.1533232942499918,120.01462613465009
20.3,79,175.1249,6.6007,0.6973,87,157.4297,4.5814,0.7668,93,147.0841,3.9376,0.1013,97,135.5814,3.9231,-0.2267,116,124.1873,4.7195,-0.3695,117,111.9228,4.2261,0.0032,0.610379956249003,-0.264108180999756,3.87331597625703,134.378868810904,-0.23318132946763,4.22300596474042,119.990690989828,-0.317639123003627,4.14642665437662,118.264159796142,4.293052239,4.185725933025,-0.15332329425000957,120.43319872795257
20.4,79,175.7885,6.6716,0.6755,87,157.8917,4.6588,0.84,93,147.4785,3.9495,0.1844,97,135.9726,3.9011,-0.1399,116,124.6573,4.6817,-0.3783,117,112.3452,4.2232,-0.0014,0.637029559151185,-0.19234561920166,3.85408141433686,134.764276952338,-0.225378515718771,4.19968783179366,120.410659773007,-0.287822795017334,4.11466274207626,118.67562607035,4.293052239,4.170393603599999,-0.1533232942499918,120.85023808831257
20.5,79,176.459,6.7384,0.6186,87,158.3619,4.7449,0.9327,93,147.8744,3.9689,0.2518,97,136.362,3.8876,-0.0844,116,125.1236,4.6439,-0.3713,117,112.768,4.2315,-0.004,0.656870843918808,-0.102270305156708,3.84385438382119,135.14866239072,-0.217844140672,4.17714998022178,120.828374771029,-0.257172426652667,4.08588046257453,119.084214116607,4.293052239,4.155061274175,-0.15332329425000069,121.26574421573008
20.6,79,177.1358,6.7978,0.5172,87,158.8411,4.8391,1.0078,93,148.2726,3.9957,0.3225,97,136.7503,3.8784,-0.0825,116,125.5862,4.6072,-0.3575,117,113.1918,4.2445,0.1155,0.672864430856242,-0.036937296390533,3.84016065418214,135.532678456138,-0.211509844283811,4.15536556615458,121.243911327645,-0.228985395074429,4.06016321990926,119.490230438598,3.9864056505,4.13972894475,-0.15332329425000069,121.67971711020508
20.7,79,177.8181,6.8481,0.4327,87,159.33,4.9391,1.0519,93,148.6738,4.028,0.3668,97,137.1378,3.8698,-0.0927,116,126.0451,4.5718,-0.3407,117,113.6168,4.2565,0.0903,0.688122148137051,-0.031788766384125,3.83698177754372,135.916376633893,-0.207262365226561,4.1342145817262,121.657332785817,-0.205505175576697,4.03726468040182,119.893956906638,3.9864056505,4.124396615325,-0.30664658850000137,122.09215677173756
20.8,79,178.5051,6.8911,0.3788,87,159.829,5.042,1.021,93,149.0784,4.0636,0.3972,97,137.5242,3.86,-0.1045,116,126.5006,4.5376,-0.3304,117,114.0429,4.2655,0.0627,0.704871976914457,-0.035170078277588,3.83346476971596,136.299723110864,-0.203707973721379,4.11348834520354,122.068681620338,-0.185088008682827,4.01671416284415,120.295628322923,3.9864056505,4.093731956475,-0.3066465884999925,122.50152996738507
20.9,79,179.1961,6.9298,0.3512,87,160.3384,5.1458,1.0205,93,149.4867,4.1027,0.4395,97,137.9097,3.8497,-0.1025,116,126.9527,4.5043,-0.3209,117,114.4698,4.2716,0.0425,0.723887644240878,-0.04097181558609,3.82936758815736,136.68265986968,-0.200805580915775,4.0931175478314,122.477993375121,-0.167739447588226,3.99820536197587,120.69544885912,3.9864056505,4.063067297625,-0.30664658850000137,122.90783669714756
21.0,79,179.8909,6.9658,0.3366,87,160.8581,5.2486,1.0023,93,149.8992,4.1472,0.5115,97,138.2942,3.8402,-0.0534,116,127.4015,4.4723,-0.3082,117,114.8971,4.2756,0.0736,0.74464552593747,-0.041351854801178,3.82523240267724,137.065183109948,-0.197337891969383,4.07303698973983,122.885297074095,-0.151151743676984,3.98143141721704,121.093592000842,3.9864056505,4.032402638775,-0.30664658850000137,123.31107696102507
21.1,79,180.5892,6.9992,0.311,87,161.388,5.3482,0.9573,93,150.3165,4.1993,0.6034,97,138.6778,3.8321,-0.0438,116,127.8472,4.4418,-0.282,117,115.3248,4.2775,0.0197,0.766733607924454,0.015695095062256,3.82680191218346,137.447863301166,-0.193318149084017,4.05330320054289,123.290627394149,-0.134611823879416,3.96631624284935,121.490223625127,3.9864056505,4.001737979925,-0.30664658850000137,123.71125075901757
21.2,79,181.2906,7.0303,0.2905,87,161.9275,5.4421,0.8946,93,150.7395,4.2597,0.6892,97,139.0608,3.8261,-0.0289,116,128.29,4.4134,-0.2593,117,115.7525,4.2768,-0.0553,0.790271998204012,-0.006779253482819,3.82612398683518,137.83047569985,-0.187739498097958,4.03397138563449,123.694024532713,-0.115775920708228,3.9528550604614,121.885509131173,3.9864056505,3.971073321075,-0.3066465884999925,124.10835809112507
21.3,79,181.9951,7.0595,0.2756,87,162.4761,5.5294,0.8301,93,151.1688,4.3271,0.7251,97,139.4432,3.8237,0.0005,116,128.73,4.3875,-0.2353,117,116.18,4.2723,-0.1618,0.814975052234096,0.027614414691925,3.82888542830437,138.21336424268,-0.180499629886024,4.01519743582469,124.095544276295,-0.09373915351975,3.94127746839058,122.279636878012,3.9864056505,3.9404086622250007,-0.3066465885000058,124.50239895734758
21.4,79,182.7025,7.0871,0.2614,87,163.0331,5.6116,0.7953,93,151.6052,4.3996,0.7696,97,139.8258,3.8277,0.0829,116,129.1676,4.3641,-0.2125,117,116.6067,4.2632,-0.1197,0.839623426412969,0.064150214195251,3.8353004497239,138.596894287652,-0.17092415292503,3.99714747283609,124.495259023579,-0.067494566758689,3.93190355303861,122.672827233316,3.9864056505,3.909744003375,-0.30664658850000137,124.89337335768508
21.5,79,183.4125,7.1131,0.2441,87,163.5983,5.6921,0.7964,93,152.049,4.4764,0.8114,97,140.2092,3.8396,0.1692,116,129.603,4.3429,-0.2065,117,117.0324,4.2495,-0.1624,0.862076786314309,0.158157110214233,3.85111616074532,138.982005903727,-0.160111565227865,3.98005505754359,124.893264529333,-0.039057581644914,3.92515409636274,123.065342642952,3.9864056505,3.879079344525,-0.30664658850000137,125.28128129213758
21.6,79,184.125,7.1375,0.231,87,164.1716,5.7738,0.8369,93,152.5007,4.5575,0.8607,97,140.594,3.8579,0.2182,116,130.0363,4.3234,-0.1916,117,117.4565,4.2328,-0.1792,0.881345540326807,0.22658896446228,3.87377505719155,139.369383409446,-0.147724137352489,3.9640439010208,125.289668919435,-0.008831118591175,3.92124833819825,123.457467476772,3.9864056505,3.848414685675,-0.15332329425000069,125.66612276070508
21.7,79,184.8399,7.1607,0.2217,87,164.7532,5.8579,0.8632,93,152.9607,4.6438,0.8904,97,140.9808,3.8781,0.2084,116,130.4677,4.3048,-0.1903,117,117.8789,4.2158,-0.1693,0.898476178702875,0.25723135471344,3.89949819266289,139.759333228712,-0.135053557781917,3.94927148728555,125.684596068164,0.020213310630107,3.92036522633913,123.849503999406,3.679759062,3.83308235625,-0.15332329424999624,126.04943099633009
21.8,79,185.5571,7.183,0.2293,87,165.3433,5.9444,0.8869,93,153.4297,4.735,0.9355,97,141.3695,3.8955,0.2209,116,130.8972,4.2854,-0.2086,117,118.2997,4.2002,-0.1604,0.916338215128292,0.256355404853821,3.92513373314828,140.151846602027,-0.121902867688403,3.93576613150736,126.078172681314,0.048143345841066,3.92238655740214,124.241742655146,3.679759062,3.817750026825,-0.1533232942499918,126.43120599901259
21.9,79,186.2765,7.2044,0.2228,87,165.9422,6.0331,0.9065,93,153.9079,4.8293,0.9541,97,141.7598,3.9092,0.1756,116,131.3246,4.2632,-0.2573,117,118.719,4.1852,-0.1622,0.93757880267263,0.291359484195709,3.95426968156785,140.547273570184,-0.110249961901546,3.92357584473852,126.470530265788,0.071830099862175,3.92720089198625,124.634462744345,3.679759062,3.802417697400001,-0.15332329425000957,126.81144776875259
22.0,79,186.998,7.226,0.2332,87,166.55,6.1231,0.8856,93,154.3955,4.9238,0.9384,97,142.1513,3.9225,0.212,116,131.7496,4.2365,-0.3123,117,119.1367,4.1688,-0.1942,0.9621342272126,0.235816836357117,3.97785136520356,140.945058706704,-0.098110834860533,3.91255084854836,126.861785350643,0.095015130733871,3.93438390197246,125.027901134542,3.679759062,3.787085367975,-0.15332329425000069,127.19015630555008
22.1,79,187.7218,7.2499,0.2694,87,167.1668,6.2127,0.8698,93,154.8925,5.0156,0.9058,97,142.5445,3.9408,0.3199,116,132.1717,4.2045,-0.3715,117,119.5526,4.1485,-0.2431,0.987442543295704,0.307948648929596,4.00864623009652,141.345923329714,-0.084904215859251,3.90273976506231,127.252059327149,0.118648387757741,3.94388541504585,125.422289676047,3.679759062,3.77175303855,-0.15332329425000069,127.56733160940507
22.2,79,188.4482,7.2784,0.3418,87,167.7924,6.2995,0.8299,93,155.3985,5.1036,0.8681,97,142.941,3.9884,0.2996,116,132.5903,4.1675,-0.4201,117,119.9662,4.1242,-0.2545,1.00995892087754,0.393201470375061,4.04796637713403,141.750719967427,-0.072470993851042,3.89424934347639,127.641484261497,0.139788472705985,3.95575025382162,125.817864701429,3.679759062,3.756420709125,-0.15332329425000069,127.94297368031758
22.3,79,189.1778,7.314,0.4286,87,168.4265,6.3818,0.7818,93,155.9131,5.1892,0.8582,97,143.3414,4.0198,0.3356,116,133.005,4.127,-0.4033,117,120.3773,4.0973,-0.2664,1.01711469297504,0.300761163234711,4.0780424934575,142.158524216773,-0.058929734825644,3.88700224409128,128.030184485906,0.16113414696122,3.96972910109222,126.214837611538,3.679759062,3.7410883797,-0.15332329425000069,128.31708251828758
22.4,79,189.9114,7.3579,0.5213,87,169.0685,6.4598,0.7651,93,156.4364,5.276,0.8923,97,143.745,4.0528,0.3343,116,133.4156,4.0859,-0.3969,117,120.7857,4.0706,-0.2528,1.03248426131143,0.386226713657379,4.11666516482323,142.570190733256,-0.044613398912056,3.88110927060872,128.418295412967,0.181899557179202,3.98584251578835,126.613421863117,3.679759062,3.725756050275,-0.15332329424999624,128.6896581233151
22.5,79,190.6498,7.4096,0.6002,87,169.7183,6.5356,0.7543,93,156.9686,5.368,0.9792,97,144.1519,4.0854,0.3241,116,133.8222,4.0463,-0.3711,117,121.1915,4.046,-0.225,1.04769589769038,0.36221706867218,4.15288687169045,142.985479420425,-0.030902376370452,3.87664793071751,128.805960206039,0.200133911179835,4.00403247150627,127.013825110268,3.679759062,3.71042372085,-0.15332329425000069,129.06070049540008
22.6,79,191.3937,7.4676,0.6063,87,170.3757,6.6112,0.7625,93,157.5104,5.4677,1.0632,97,144.5621,4.1177,0.3449,116,134.225,4.0097,-0.3412,117,121.595,4.0243,-0.1937,1.0644757083145,0.362574458122253,4.18914431750268,143.404393852175,-0.017579111011669,3.87355769308047,129.193315975347,0.217265798876365,4.02404586262425,127.41622969653,3.679759062,3.695091391425,-0.15332329425000069,129.43020963454256
22.7,79,192.1435,7.5295,0.6337,87,171.0406,6.688,0.7764,93,158.0625,5.5749,1.133,97,144.9755,4.152,0.378,116,134.6243,3.9758,-0.322,117,121.9965,4.0053,-0.1715,1.08322226971001,0.390696048736572,4.22821392237633,143.827215244412,-0.00270087883009,3.8717997819793,129.580495953545,0.236920101657914,4.04577244251189,127.820806940781,3.679759062,3.679759062,0.0,129.79818554074257
22.8,79,192.8996,7.593,0.6393,87,171.7133,6.7657,0.7696,93,158.6256,5.6876,1.1769,97,145.3927,4.1902,0.4301,116,135.0203,3.944,-0.3057,117,122.3961,3.9881,-0.1578,1.10280593399595,0.392220377922058,4.26743596016854,144.253958840429,0.012392746159078,3.87152969409629,129.967648922954,0.257315372173614,4.06946445267768,128.227753386049,3.679759062,3.679759062,0.0,130.16616144694257
22.9,79,193.6621,7.6564,0.6297,87,172.3937,6.8428,0.7545,93,159.2002,5.8033,1.1416,97,145.8138,4.2336,0.4861,116,135.4132,3.9135,-0.2957,117,122.7942,3.9721,-0.1492,1.12197229453559,0.471308290958404,4.31456678926438,144.685415519356,0.028494418078054,3.8727689687122,130.354925819825,0.279614079047931,4.09519598989504,128.637272985039,3.679759062,3.679759062,0.0,130.53413735314257
