t,a_0_origin,a_1_origin,a_2_origin,v_0_origin,v_1_origin,v_2_origin,x_0_origin,x_1_origin,x_2_origin
1113433914.3,-0.5914983847762294,-0.9067254526537868,-0.4145320356200683,3.904687231946155,6.348414052948755,6.678973687664518,0.0,-17.561316054312783,-36.52201735106769
1113433914.4,-0.6881608042640235,-0.9248883776047996,-0.4564902168437422,3.843540587245543,6.258684175487052,6.637069231667578,0.3874113909595849,-16.930961142890965,-35.85621520510102
1113433914.5,-0.7797187425860607,-0.9892769625733712,-0.4940276548705296,3.773400107746584,6.16708704051976,6.591340280177661,0.7682584257091776,-16.309672582090627,-35.19479472950877
1113433914.6,-0.7278524867783592,-0.989757066989746,-0.4807751830867631,3.699037624092421,6.047232760442951,6.54286933450598,1.1418803123011685,-15.69895659204252,-34.538084248774595
1113433914.7,-0.6635690645206437,-0.9733156481790258,-0.4813111917760532,3.628105165273804,5.9557946584336365,6.498608924568014,1.5082374517694461,-15.09880522109873,-33.886010335820885
1113433914.8,-0.6302577962847593,-0.9705756709339188,-0.4763423038477003,3.5621479286356186,5.865250008019712,6.449362914747331,1.867750106464939,-14.50775298777603,-33.23861174385516
1113433914.9,-0.6301095167519908,-0.9248291431508004,-0.4745926493838049,3.4978964065538687,5.774794505652153,6.400462396700175,2.220752323224417,-13.925750762092434,-32.59612047828276
1113433915.0,-0.6061458828425722,-0.9492295518696664,-0.4898072318178107,3.433858737658846,5.683106743020186,6.35156720169655,2.5673400804351445,-13.352855699658846,-31.958518998362877
1113433915.1,-0.5939234561295134,-1.013820104791226,-0.4925351078415124,3.3706709161409574,5.587065124135494,6.302450964812261,2.9075665631250445,-12.789347106301022,-31.325818090037444
1113433915.2,-0.5451520631309419,-1.0714927236458347,-0.4940380442581863,3.3106946312138907,5.485041816042122,6.2531231910964165,3.241634840492793,-12.235741759292182,-30.698039382242
1113433915.3,-0.4532501201658859,-1.0743332075724186,-0.4932008462886722,3.258125286333146,5.378857353306402,6.203762131054665,3.5700758363701652,-11.692546800824744,-30.075195116134466
1113433915.4,-0.3819752367613954,-1.0821142311635468,-0.4845347164891678,3.214011585431954,5.27094397203745,6.15460907867593,3.893682679958431,-11.160056734557543,-29.457276555648008
1113433915.5,-0.3466635209275072,-1.08122007643897,-0.4789392598317077,3.175386445820639,5.162685956676153,6.105905027709674,4.213152581521058,-10.63837523812191,-28.844250850328677
1113433915.6,-0.298617950914505,-1.0766095034215457,-0.4696543018639934,3.1411800758252397,5.054703410019972,6.057953188520918,4.5289809076033976,-10.127505769787092,-28.236057939517167
1113433915.7,-0.2578651872105392,-1.0582112318415888,-0.4551259798311722,3.1116809053863785,4.947429651446754,6.0112051215474205,4.841623956663966,-9.627399116713661,-27.63260002401367
1113433915.8,-0.251597998312596,-1.047127818993348,-0.4557704031275743,3.08549939585056,4.841193232057989,5.965783652874325,5.151482971725841,-9.13796797253849,-27.03375058529261
1113433915.9,-0.2289057243166374,-1.037558956703704,-0.4613715202055881,3.061603739777901,4.735998936388921,5.9206789080293785,5.458838128507239,-8.65910836411615,-26.439427457247405
1113433916.0,-0.2370545160635386,-1.0184275850946063,-0.4849823179474397,3.038431337310901,4.632252868302874,5.87413753060788,5.763839882361651,-8.190695773881544,-25.84968663531555
1113433916.1,-0.2612026791895596,-0.9731197691509208,-0.508751536523862,3.0136527934354307,4.531297092183428,5.825266019220832,6.0664440888989475,-7.732518275857217,-25.26471645782408
1113433916.2,-0.2678320129420046,-0.9377947906629588,-0.5003273707651169,2.9876233040623266,4.433965492211307,5.77469607509388,6.366507893773928,-7.284255146637463,-24.684718353108366
1113433916.3,-0.2636889464393034,-0.9131229054886988,-0.502543716785952,2.961745478557979,4.3396898063320295,5.723483480872571,6.6639763329049515,-6.845572381710383,-24.10980937531002
1113433916.4,-0.2735902232551734,-0.8815492191302943,-0.5028934556811588,2.935587306702145,4.248278964116485,5.672139847011998,6.958842972167929,-6.416173943187914,-23.5400282089158
1113433916.5,-0.2966145746297032,-0.8360598032199338,-0.4818417889856798,2.907826105566104,4.160738423740141,5.621853377368434,7.251013642781288,-5.995723073795091,-22.975328547696762
1113433916.6,-0.3255437192569544,-0.7968321007880292,-0.3979350931028676,2.8774507283357083,4.077460613832882,5.5759354418720894,7.540277484476405,-5.583813121916421,-22.415439106734766
1113433916.7,-0.3604494120831537,-0.7689398210367075,-0.3176395786241465,2.8438736286148014,3.997605936285769,5.537611403997095,7.826343702323925,-5.180059794410454,-21.859761764441288
1113433916.8,-0.3943770515371331,-0.7410850610954954,-0.2580703392411947,2.8069273644569583,3.9205943687834894,5.506778103757399,8.108883751977544,-4.784149779157019,-21.307542289053544
1113433916.9,-0.4079369747311559,-0.72457133541043,-0.233760773406786,2.7676567408358945,3.846446745126124,5.4804371012960775,8.387612957242197,-4.3957977234615555,-20.75818152880086
1113433917.0,-0.3619262279246854,-0.7062346874801402,-0.2699758430045074,2.7286200125748685,3.774662426676567,5.45519486343459,8.662426794912676,-4.0147422648714155,-20.21139993056437
1113433917.1,-0.330989064377308,-0.7041159356600857,-0.2930961033924051,2.692110943822944,3.703904366787712,5.428659891845462,8.933463342732523,-3.640813925198188,-19.667207192800362
1113433917.2,-0.2996018554498717,-0.7123321931112259,-0.327693463924126,2.6588856888717567,3.632840391716105,5.399404956242688,9.20101317436729,-3.2739766872729774,-19.125803950395948
1113433917.3,-0.2672593381193609,-0.6813208694693574,-0.3714731284952919,2.6290182945181653,3.5617213299599366,5.366456474641654,9.465408373536832,-2.914248601189229,-18.587510878851703
1113433917.4,-0.1831662062551858,-0.6431542121960526,-0.4206924242669926,2.602642363987746,3.492941388714919,5.328971009552957,9.726991406462048,-2.561515465255468,-18.052739504642005
1113433917.5,-0.156365225014138,-0.5942333185210236,-0.4800644029097199,2.5798527060184404,3.4286839007197347,5.286191980870846,9.986116159962364,-2.2154342007836476,-17.5219813551208
1113433917.6,-0.1286917257169136,-0.548586645451608,-0.5416936298889479,2.560719424646969,3.369337302913736,5.237666324586595,10.243144766495618,-1.8755331406021014,-16.995788439847928
1113433917.7,-0.1005268348791623,-0.4899908903958876,-0.5960798222407822,2.5453340667239264,3.314991825396132,5.183630827242706,10.498447441064172,-1.5413166841865973,-16.474723582256473
1113433917.8,-0.0733510002436681,-0.4591789090122343,-0.6115571297808305,2.545767364801206,3.264903022522416,5.125117981622313,10.753002512640421,-1.2123219417906625,-15.959286141813209
1113433917.9,-0.0355715064409209,-0.4449379401176988,-0.6371677895987201,2.5383561029330903,3.217191716643199,5.063445852634554,11.007208686027184,-0.8882172048323582,-15.449857950100409
1113433918.0,-0.010427090580657,-0.3872575419792002,-0.6561156837869303,2.5352262846937803,3.173275785604156,4.999573062117964,11.260887805408515,-0.5686938297200186,-14.946707004362764
1113433918.1,-0.0185966363196489,-0.3246971943422896,-0.6705232331433205,2.5332514638142927,3.13685529724563,4.934052910213127,11.514311692833985,-0.2531872755775453,-14.450025705746185
1113433918.2,-0.0003529240093291,-0.2868678132340872,-0.6718375475703926,2.5319727414427167,3.1067486844675685,4.867581597991332,11.767572903096777,0.05899292350812857,-13.959943980335964
1113433918.3,0.0981133638089741,-0.3211564000589581,-0.6699738669360903,2.5356783112144363,3.0768163807508397,4.800963214881474,12.02095545572962,0.3681711767690672,-13.476516739692329
1113433918.4,0.1850534751284954,-0.3692570317157049,-0.6762668677536687,2.546411635255025,3.0428281544957287,4.734124924454011,12.27505995305313,0.6741534035313634,-12.999762332725538
1113433918.5,0.2702735893740884,-0.3417659571794731,-0.6937541747597742,2.5636706227342594,3.0066574533105266,4.666105986999746,12.530564065952603,0.9766276839217198,-12.529750787152864
1113433918.6,0.2569167503649204,-0.3137151123621374,-0.7046476745813672,2.587281491872939,2.9721489792100675,4.59639835228934,12.788111671682941,1.2755680055477114,-12.066625570188421
1113433918.7,0.2610466473820769,-0.2988678016489141,-0.7109285643392418,2.614228869384479,2.9398989225649306,4.525555904998374,13.048187189745875,1.571170400636504,-11.61052785732403
1113433918.8,0.1869026550706319,-0.2688133520735696,-0.7077257442308501,2.637533718745899,2.9100127652053445,4.454559415854416,13.310775319152299,1.8636659850250226,-11.16152209128137
1113433918.9,0.1414064515473692,-0.2029546340980152,-0.7022745879288046,2.654614210292201,2.8843412309841168,4.383996014558962,13.575382715604349,2.1533836848344663,-10.719594319760745
1113433919.0,0.1954719573024406,-0.1569016170597101,-0.6963920249648581,2.671908742309439,2.8639160132364374,4.313840695181314,13.841708863234373,2.4407965470455224,-10.28470248427368
1113433919.1,0.1754332979688167,-0.1160785766567749,-0.6960117217910469,2.6907655208938936,2.8484218266563093,4.24383977400431,14.109842576394499,2.7264134390401864,-9.856818460814395
1113433919.2,0.1003784107122916,-0.1049653717354441,-0.6933036914044007,2.7047877550027013,2.8358755091664998,4.173994113968076,14.379620240189354,3.0106283058312897,-9.435926766415776
1113433919.3,0.1566902405007247,-0.0923382043029017,-0.683260640449601,2.717857094323288,2.826251211029123,4.104789494608436,14.650752482655719,3.29373464184107,-9.021987585986949
1113433919.4,0.1886817608786354,0.1051124185240104,-0.6587099065639836,2.7347061329578666,2.826758444448513,4.036943887320322,14.923380644019744,3.5763851246149443,-8.614900916890463
1113433919.5,0.0777945530316778,0.2671434978570303,-0.6392169671867786,2.747251538893877,2.8415398343709177,3.970943619692018,15.197478527612304,3.8598000385559317,-8.21450654153989
1113433919.6,0.1172182187752546,0.2611437930298962,-0.6191270614540997,2.7564325214327154,2.862516856075678,3.906956160661468,15.472662730628599,4.1450028730782265,-7.820611552522223
1113433919.7,0.2729115515190894,0.1625126259025904,-0.5978227379646908,2.7747993933855923,2.880357361539926,3.845073620068295,15.749224326369529,4.432146583959025,-7.4330100634856535
1113433919.8,0.1748299148834494,0.1868148871173773,-0.5688347650445112,2.8003667413783324,2.8964168203409506,3.785456220003368,16.02798263310774,4.720985293053047,-7.0514835714821515
1113433919.9,0.0914514750124743,0.3365945752533326,-0.5437103270579057,2.819738867819538,2.920479261413341,3.728311123450609,16.30898791356759,5.011830097140773,-6.675795204309452
1113433920.0,0.027359105263135,0.4248636831669389,-0.5166064529415388,2.8283824068387373,2.955485400563627,3.6738486974332742,16.591393977300527,5.305628330239699,-6.30568721326523
1113433920.1,-0.0009795266733357,0.2281361762492615,-0.4875468631288703,2.830301536568783,2.9914359386839497,3.622271068258553,16.874328174470918,5.60297439720199,-5.9408812249806715
1113433920.2,-0.0116960703795667,0.1504945027402026,-0.4478819339587613,2.8296328382269045,3.0186852122499794,3.573786379186085,17.15732489321067,5.903480454748717,-5.581078352608415
1113433920.3,-0.0131130804976127,0.0684033613026953,-0.415020260385779,2.828365582706206,3.0344388426643043,3.528621988239473,17.440224814257363,6.206136657494426,-5.225957934237158
1113433920.4,-0.0116785680867511,-0.0046575237882924,-0.3802445269512057,2.827099221205513,3.0390264998762397,3.486997746237579,17.722998054452887,6.509809924621436,-4.875176947513296
1113433920.5,-0.0117492817980226,0.0042533824752965,-0.3444752974888806,2.8259025227674424,3.0356735903343366,3.4490658349592254,18.00564814165159,6.813544929131979,-4.528373768453434
1113433920.6,-0.0140976071075996,0.0040466934438262,-0.2897663415394393,2.824809138150709,3.0297847991846494,3.415024177307622,18.288183724697433,7.116817848607866,-4.185169267840081
1113433920.7,-0.0063378363511177,0.0011571097243343,-0.2476203771637861,2.824094168532341,3.026092771504424,3.385329491758569,18.570628890031628,7.419611727142296,-3.8451515843867696
1113433920.8,-0.0259312728185531,-0.0034486688027098,-0.2023760765164205,2.822965177487214,3.027718601551188,3.360463780111531,18.852981857332622,7.722302295795146,-3.507861920793289
1113433920.9,-0.0707888106210272,0.1055402168953396,-0.158467284666421,2.8195812567377114,3.036274442018412,3.340524451933409,19.135109179043866,8.025501947973623,-3.172812509191033
1113433921.0,-0.0851856607943638,0.1358852601108411,-0.1406305807802921,2.81309358546088,3.0502490385434315,3.325201169319015,19.416742921153798,8.329828122001686,-2.8395262281283635
1113433921.1,-0.1104321014191954,0.1078949050184861,-0.1084258605866072,2.803882843949922,3.0643599330966107,3.3135714430515564,19.697591742624297,8.635558570583726,-2.5075875975098256
1113433921.2,-0.1280019576668304,0.0509275555882467,-0.1072588148583154,2.7926560797706426,3.0735531625503234,3.303500016182435,19.97741868881036,8.94245422536602,-2.176734024548125
1113433921.3,-0.1425924916094758,-0.0049570401249248,-0.1460315522028441,2.779915030602198,3.0762992357797034,3.291672586147146,20.256047244328954,9.24994684528258,-1.846975394431695
1113433921.4,-0.1323155041803483,-0.0741625390714081,-0.2059191243342218,2.766472364311893,3.073078272792893,3.2749664884762097,20.533366614074737,9.55741572071122,-1.5186434407005436
1113433921.5,-0.1255989644972665,-0.1345847643313493,-0.2657056293444866,2.7533566383277868,3.0645801570965454,3.2523215939672867,20.809358064206606,9.864298642205654,-1.1922790365783271
1113433921.6,-0.1389681075783379,-0.1834139024590383,-0.2975179729589269,2.7399026074641744,3.0516344116061,3.225278613378136,21.08402102649626,10.170109370640773,-0.8683990262110797
1113433921.7,-0.1499238037010286,-0.0866525399991476,-0.3022546166069646,2.725211585410265,3.0365874111810305,3.196480746187908,21.357276736140022,10.474520461780116,-0.5473110582327649
1113433921.8,-0.4722658317376453,-0.0583461950958464,-0.2757187163844694,2.711791726316195,3.0239031814417645,3.1678267541517497,21.62912690172635,10.777544991411219,-0.2290956832158031
1113433921.9,-0.1095842684806089,-0.0260823217741137,-0.268860338066478,2.7046510934165986,3.016517525947441,3.13989582506812,21.899949042712933,11.079566026780697,0.08629044574519185
1113433922.0,0.2726488931354543,0.0232482483864754,-0.2618900035225934,2.7066522697043296,3.0162696062816368,3.112674157192953,22.170514210868987,11.381205383392171,0.39891894485833745
1113433922.1,0.4790916993636274,0.099386394064376,-0.2459745926322213,2.715877847915534,3.021804130332768,3.0866262769020234,22.44164071674993,11.68310907022294,0.7088839665630076
1113433922.2,0.1512425014264145,-0.1138687051328744,-0.2205345386260246,2.7287807755442777,3.0212940021200767,3.062582389091173,22.71387364792298,11.985263976845545,1.016344399862703
1113433922.3,0.1796258031031869,-0.2336789797622462,-0.2005900117645399,2.744145586013577,3.0090519035709016,3.040759732396134,22.98751996600089,12.286781272130042,1.3215115059369964
1113433922.4,0.1968015704304208,-0.1755511450430931,-0.1879958122463898,2.761626061388886,2.994637088755867,3.0206232311494468,23.26280854837097,12.586965721746367,1.624580654114311
1113433922.5,0.2135889483083002,-0.1879945956855125,-0.1778791938558242,2.7806837119782437,2.9794328867453843,3.0016636035426973,23.539924037039327,12.885669220521436,1.9256949958489145
1113433922.6,0.2383065643767325,-0.2084838363172947,-0.1549014649048126,2.8029066578711097,2.960408653831006,2.983882433441896,23.81910355553191,13.18266129755034,2.224972297698116
1113433922.7,0.2610985918132136,-0.1097185765710523,-0.1396880052419548,2.8286921361330184,2.945140340782741,2.967596529684516,24.100683495231976,13.477938747280973,2.522546245854471
1113433922.8,0.2256803037303148,-0.1181357769752439,-0.1209469940985973,2.8538256904702504,2.9342072005598987,2.9531877440855268,24.38480938656221,13.771906124348106,2.8185854595429305
1113433922.9,0.1897765002050545,-0.232351474869728,-0.0950509823816377,2.87527671526216,2.916999608190473,2.9412466443069336,24.671264506848843,14.064466464785596,3.1133071789626
1113433923.0,0.1638299531645365,-0.3179889326407829,-0.0434912854288251,2.894392853883641,2.8896685034844696,2.9328236887791954,24.959747985306137,14.354799870369334,3.4070106956168615
1113433923.1,0.1551033496148589,-0.3375210171882277,-0.011629674173396,2.912531595824136,2.8571144499748486,2.9288082851492927,25.250094207791506,14.642139018042258,3.700092294313265
1113433923.2,0.1250888087393002,-0.2988415169951999,0.0057962848460812,2.928467006801436,2.825511298878932,2.928383339487088,25.542144137922776,14.92627030548499,3.9929518755451454
1113433923.3,0.0808182981364377,-0.2515028186280496,-0.0016325561975934,2.9401775928167093,2.79832931402108,2.928686655163188,25.835576367903627,15.207462336129936,4.285805375277619
1113433923.4,0.0813915849063883,-0.3041568898001709,-0.0262009978923828,2.946876894849155,2.7710639313270966,2.927727965683822,26.129929092286943,15.485931998397461,4.578626106319973
1113433923.5,-0.004752776596015,-0.3753480322142676,0.0157115300767106,2.9488570083180634,2.7377216510426847,2.927391770046956,26.424715787445336,15.761371277515934,4.87138209310649
1113433923.6,-0.077520319733249,-0.3161073988612252,0.1100030078121856,2.946731322001143,2.703792977327193,2.931421019182523,26.719495203961344,16.033447008934388,5.164322732567939
1113433923.7,-0.134356181001952,-0.2961003927607558,0.2093854283966874,2.941257078310505,2.673617800070708,2.941657668038854,27.013894623976853,16.30231754780425,5.457976666929028
1113433923.8,-0.0826641790083768,-0.3560684263480398,0.2082666484497968,2.933353125606672,2.6413193757415976,2.958617862523142,27.307625134172724,16.568064406594885,5.752990443457122
1113433923.9,-0.0903423741821645,-0.3005452893756792,0.2934327427200937,2.9240762112273835,2.608800819519086,2.9833075162044254,27.600496601014413,16.830570416357943,6.050086712393465
1113433924.0,-0.0866035925656715,-0.2357905620688054,0.3465533383857992,2.914588058593812,2.582238980919472,3.014802540877468,27.892429814505533,17.090122406379805,6.349992215247596
1113433924.1,-0.0699311504429842,-0.2341732406180962,0.3232843589172632,2.906194391524589,2.55476733301538,3.047766624669789,28.183468937011412,17.346972722076657,6.653120673524995
1113433924.2,-0.076532745311961,-0.2781146223296827,0.3522768413171895,2.900398995986752,2.5202152214442064,3.075771571370437,28.473798606386936,17.600721849799527,6.959297583326986
1113433924.3,0.0137187919653947,-0.2073582150905664,0.2308862514120393,2.8987201066446686,2.4874716941101824,3.095794536591202,28.763754561518567,17.851106195577245,7.267875888725143
1113433924.4,0.0808093996688807,-0.1458486257663497,0.1338302030229398,2.9012466531364267,2.4636490680913523,3.108317113848992,29.053752899507572,18.098662233687378,7.57808147124706
1113433924.5,0.1172081452875223,-0.2331195651852712,0.0637396689346492,2.906539259763789,2.4682178626349107,3.1151006958763863,29.344142195152585,18.345255580223636,7.889252361733384
1113433924.6,0.0843160193526716,-0.2832619976623388,0.0093302862064169,2.913919355147735,2.442733957290365,3.153844867839119,29.63516512589814,18.59080317121993,8.20269963991916
1113433924.7,0.0901401437601557,-0.2962141427414804,-0.0349122203013014,2.922707460921993,2.414136276478452,3.1529128419098607,29.926996466701667,18.833646682908352,8.518037525406612
1113433924.8,0.0796674832436511,-0.2842166002779583,-0.0757694414935148,2.9312613999789927,2.385491485148951,3.148880379848805,30.21969490974675,19.073628070989685,8.833127186494494
1113433924.9,0.0765593888554791,-0.2444953513257259,-0.114476282161382,2.939131218117208,2.3585366320482057,3.141949162423292,30.513214540651575,19.310829476849563,9.147668663608158
1113433925.0,0.0821991069196971,-0.2220884755838774,-0.119117813418301,2.946987658668932,2.3338644652585256,3.132262102064141,30.807520484490794,19.545449531714894,9.461379226832491
1113433925.1,0.0867161075011838,-0.1990807630889552,-0.1467695923264791,2.9552070873209133,2.311593745392293,3.119948849484708,31.10263022179032,19.77772244224741,9.773989774409984
1113433925.2,0.0918285646735662,-0.175920132725608,-0.1728017187683681,2.9638950862034497,2.291764329724166,3.1051494938716475,31.398585330466517,20.00789034600325,10.08524469157777
1113433925.3,0.0968340365083787,-0.146077076890287,-0.1972419008994868,2.9730754243691297,2.274378159775789,3.0880127643540725,31.695433855995134,20.23619747047826,10.39490280448905
1113433925.4,0.1015100758445545,-0.1244749749452927,-0.2161775422704737,2.9827454402292144,2.259405986588751,3.068668999522878,31.99322489922514,20.46288667779652,10.702736892682822
1113433925.5,0.1058507526552594,-0.1027933332459539,-0.2377270071412233,2.992873579068203,2.2468291074001487,3.047232301228926,32.29200585018998,20.688198432495938,11.008531957720436
1113433925.6,0.1104835619434515,-0.0806240307814769,-0.2612829816286764,3.0034400104899177,2.2366789107149003,3.023665393629534,32.59182152966781,20.912373833401716,11.312076842463398
1113433925.7,0.1166076165233922,-0.0374271004602322,-0.2944366424626144,3.014531840134224,2.228981218189488,2.99742024157474,32.89272012219902,21.135656839846945,11.613131124223571
1113433925.8,0.1068761718285535,-0.0234923342156295,-0.3219160936919945,3.02619064092588,2.22371401902904,2.9677065821725788,33.19475624625204,21.358291601707947,11.91138746541094
1113433925.9,0.0926147234704304,-0.0096699721077423,-0.3504884627291182,3.037321554906419,2.220846748954155,2.934687082361734,33.497931856043635,21.580519640107013,12.206507148637684
1113433926.0,0.0530123004894382,0.004324990398863,-0.3619473498139557,3.045447047924584,2.2203846126372406,2.8997017837749497,33.802070286185256,21.80258120818661,12.498226591944501
1113433926.1,0.024984854353581,0.0375580262217368,-0.3662745420367168,3.049799024088625,2.222354776551014,2.863941284547817,34.10683258978594,22.02471817764598,12.786408745360745
1113433926.2,0.0470899210748829,0.0666231677272533,-0.3711333240975898,3.05393944594008,2.2267824819718083,2.8276439373454,34.41201951328725,22.247175040572188,13.070988006455309
1113433926.3,0.1085720818573952,0.0943593980670342,-0.3820156470907544,3.063017877720587,2.2336242482465334,2.7904853274730708,34.717867379470306,22.47019537708303,13.351894469696276
1113433926.4,0.1060666715027269,0.1242030315621659,-0.3922618899147532,3.07553591836716,2.2429131613197035,2.752284283547993,35.02479506927472,22.694022247561293,13.629032950247336
1113433926.5,-0.0022926242529715,0.1319613983851534,-0.4000261775200086,3.0815881699815355,2.254629138908833,2.7131946421482884,35.33265127369219,22.9188993625728,13.902306896532139
1113433926.6,-0.0419261982251544,0.1571668916935105,-0.4287961018479968,3.079883050958283,2.2687334000517496,2.6731002334830896,35.64072483473922,23.145067489520784,14.171621640313731
1113433926.7,0.086882904337757,0.2232967442781399,-0.4573993925043002,3.081568045429457,2.287293183584754,2.63102612428487,35.948797389558536,23.372868818702614,14.436827958202059
1113433926.8,-0.0153200936319793,0.2566980802348645,-0.5065622901942283,3.084250246836269,2.3107082992427115,2.585259891710645,36.25708830417187,23.60276889284404,14.697642259001952
1113433926.9,-0.1504038004179775,0.1853732426393481,-0.5717063037946276,3.078038852155438,2.331541450368,2.5340666833749923,36.56520275912146,23.834881380324532,14.953608587756207
1113433927.0,-0.0964627244927024,0.1059647061665834,-0.604353153544417,3.0678063321645483,2.344603102760768,2.476653824648974,36.872495018337474,24.068688607981017,15.204144613157382
1113433927.1,-0.1744493264556686,0.1544060530798031,-0.6448319397559121,3.0549005200072705,2.356276392713059,2.41408673952275,37.17863036094599,24.30373258275472,15.448681641365965
1113433927.2,-0.2166153393224744,0.2829456397970104,-0.649961600179304,3.036270831515329,2.3758843284768654,2.349235295114315,37.48318892852217,24.540340618814184,15.686847743097758
1113433927.3,-0.1631494211898757,0.3112414933541095,-0.6283998649196003,3.018179452243093,2.404410414536274,2.285206872874971,37.78591144271013,24.77935535596481,15.918569851497296
1113433927.4,-0.119032447908002,0.2375988061617301,-0.5767035975480701,3.0027386510184764,2.4323437351792063,2.2238991688090506,38.086957347873124,25.021193063450596,16.144025153581538
1113433927.5,-0.1260688169253305,0.1706784231319653,-0.5420116752497683,2.9869480821597354,2.453123074391595,2.1660268835532177,38.386441684532144,25.265466403929167,16.363521456199578
1113433927.6,-0.1193195011454845,0.2108411563288966,-0.5066942081579995,2.9711390199900127,2.472540578452499,2.111776255614385,38.68434603963959,25.51174958657134,16.57741161315795
1113433927.7,-0.0983596488169523,0.2984881970760566,-0.4713608649714631,2.9671829911796976,2.4974464024339444,2.0611804663511317,38.981262140198055,25.76024893561572,16.786059449256243
1113433927.8,-0.0978629410059242,0.3595181731559569,-0.4314039790155012,2.956460609538899,2.5286947345328614,2.014222134216321,39.27744432023394,26.011555992464082,16.989829579284617
1113433927.9,-0.0750516281784606,0.4133389392440935,-0.3970728665068463,2.948749800327356,2.56539726023147,1.9708698953556671,39.57270484072728,26.26626059220223,17.189084180763246
1113433928.0,-0.0827740648599258,0.4508948962746638,-0.3629110666364816,2.9417118519726366,2.6064392122932567,1.9311017290176955,39.86722792334234,26.52485241582849,17.384182761981947
1113433928.1,-0.1158173604729041,0.3658747987252799,-0.3291077896992412,2.9328560302855884,2.6496704230090216,1.8948900148121772,40.1609563174552,26.787657897593647,17.575482349173342
1113433928.2,-0.1491022773470482,0.3346741499256301,-0.2791994746518474,2.9193100100871776,2.691446771139807,1.8621725640305136,40.45356461947381,27.0547137573011,17.76333547811555
1113433928.3,-0.1885477066471221,0.2544295458073888,-0.2524243904550724,2.900329985141293,2.726577222945449,1.8326665908518307,40.74454661923522,27.325614957005257,17.94807743585966
1113433928.4,-0.1583433103642598,0.1322737057255709,-0.2260793348750604,2.880830502041975,2.749637780941373,1.8061088702298451,41.0336046435944,27.599425707199657,18.130016208913617
1113433928.5,-0.0895951868433461,0.051778601440803,-0.1749616765067554,2.8668933508939776,2.7583956430274084,1.783850453890684,41.32099083624121,27.874827378398095,18.309514175119773
1113433928.6,-0.031132524445904,-0.1355531952352143,-0.0842434889196987,2.8607511619670007,2.756988218707746,1.7689060763816402,41.60737306188423,28.15059657148487,18.487152001633376
1113433928.7,0.0691845131884526,-0.0329849386631219,-0.0280019541421991,2.862102799564924,2.7541567556388684,1.7619326971089562,41.89351575996085,28.42615382020216,18.66369394030795
1113433928.8,0.1625563985720037,0.2156701975696872,-0.0157618794375014,2.8703344252870835,2.7572258922897723,1.7592138178239454,42.18013762120347,28.701722952598573,18.83975126605452
1113433928.9,0.2519437159144854,0.1611085161845917,-0.0244675200301563,2.8850578065766688,2.7682867095386245,1.7567145193869873,42.46790723279662,28.97799858269002,19.0155476829151
1113433929.0,0.2602778047391817,0.2313480041995013,-0.1064111122884002,2.906006372289904,2.7864043541869177,1.7536585921286845,42.75746044174002,29.255733135876312,19.191066338490828
1113433929.1,0.3237134360272738,0.3076470030134954,-0.0432892646009145,2.932929519861737,2.8112869067772848,1.75149793506184,43.04940723634752,29.53561769892457,19.36632416485037
1113433929.2,0.3845105122793574,0.3544332180958884,0.0580881559030396,2.9655800401831365,2.841851653575184,1.7517115305766802,43.34433271434983,29.818274626942127,19.541484638132317
1113433929.3,0.4428197775788132,0.2918456697899104,0.173588777828493,3.003721597675103,2.873740383687971,1.755055372552856,43.6427977962428,30.104054228805296,19.716822983288807
1113433929.4,0.4787124073740925,0.2526181652023331,0.0959179085270158,3.047138525352366,2.9027062904082173,1.7618562478129065,43.94534080239407,30.39287656251014,19.892668564307144
1113433929.5,0.5296166553354088,0.1707789032066045,0.1352803860936559,3.0955885929775917,2.925231349376246,1.772209856837563,44.252477158310626,30.68427344449941,20.069371869539623
1113433929.6,0.5780395852392776,0.1086233331314446,0.1683975416787878,3.148811317330234,2.9400957693708474,1.785809276066552,44.56469715382599,30.977539800436773,20.24727282618477
1113433929.7,0.6261116748603457,0.2163271764584403,0.1986461465615136,3.206670613606047,2.9561269908210006,1.8022463646239877,44.88247125037276,31.272350938446323,20.42667560821934
1113433929.8,0.6452954035041654,0.2821803619891497,0.2208686371745086,3.268386557633279,2.9797527132560546,1.821680446099004,45.20622410893475,31.569144923650185,20.60787194875553
1113433929.9,0.6670326525080355,0.2476576400846469,0.2671447151220406,3.332714818175024,3.0048632775045365,1.8449648718654543,45.53627917772525,31.868375723188194,20.791204214653703
1113433930.0,0.7117210325140629,0.3109543603225946,0.3161347058242253,3.400299158741897,3.031337525239309,1.8727946972466865,45.87292987657099,32.170185763325435,20.977092193109343
1113433930.1,0.7560961267006824,0.3210072926493264,0.3398209585673681,3.472249250956286,3.061838944706484,1.9040921011019991,46.21655729705594,32.47484458682271,21.165936533026752
1113433930.2,0.7431782137707791,0.2075247299096125,0.3154698875334113,3.5464010791559737,3.0877946906692944,1.936077347767818,46.56748981356151,32.78232626859153,21.357945005470242
1113433930.3,0.7051823123487128,0.1815226374090327,0.2930893885349428,3.618683215730322,3.106900467051078,1.9665014207451128,46.925744028305814,33.09206102647744,21.553073943895924
1113433930.4,0.6786447815858506,0.2772301660574002,0.2710311108384979,3.687744735424631,3.1294294165153915,1.9947038390071543,47.291065425863565,33.40387752065584,21.751134206883535
1113433930.5,0.7025246624331991,0.3340183104196735,0.2717546298615126,3.756673621972223,3.160567427309021,2.0218396557393894,47.66328634373332,33.718377362847036,21.95196138162089
1113433930.6,0.7746215801976157,0.349473004447474,0.3406201060819638,3.8293540761698273,3.196425180215118,2.0512118494446545,48.04258772864051,34.03622699322324,22.155613956880018
1113433930.7,0.8264738840206062,0.2976475250243169,0.4271915333779242,3.907112594242593,3.2303748260138687,2.086796442479585,48.42941106216114,34.357566993534704,22.362514371476323
1113433930.8,0.8698420192760528,0.2148777616986126,0.5263872582281582,3.989495571255164,3.2572632512062327,2.1309905019105053,48.82424147043605,34.68194889739567,22.573403718695772
1113433930.9,0.9168625912028656,0.2248320173948411,0.6027366838568624,4.076268350174042,3.2801690874680287,2.183320284242736,49.22752966650745,35.008820514329386,22.78911925800344
1113433931.0,0.959483647930157,0.2620800383916919,0.5989812014229533,4.168134083639543,3.305361862826625,2.240905407599145,49.63974978819817,35.33809706184411,23.01033054259551
1113433931.1,0.997997930010716,0.1807133483078385,0.6130463234161236,4.264709338083876,3.3282719431764995,2.300903679089073,50.06139195928438,35.66977875214434,23.237420996929927
1113433931.2,1.0166798756607136,0.134489533214841,0.624594667164938,4.364106453182518,3.344580505045553,2.362169878608597,50.49283274884772,36.00342137455539,23.47057467481477
1113433931.3,1.0416709928938688,0.2027706083202477,0.6376650551244974,4.465658243557723,3.36038058119895,2.4246547644355734,50.934320983684756,36.338669428867604,23.70991590696707
1113433931.4,1.0663039757581605,0.1254091891532551,0.637724987305171,4.569717328289087,3.374690521965145,2.4883341323119965,51.38608976227698,36.67542298402583,23.95556535180441
1113433931.5,1.082269516005227,0.0542793326115921,0.6408610752198226,4.675839300792465,3.3825256541780835,2.5527188881836507,51.8483675937311,37.01328379283302,24.207618002829122
1113433931.6,1.1078467581838929,0.2039266116509629,0.6338728528381591,4.784013147263009,3.393784457420459,2.6169096651402257,52.32136021613394,37.35209929841295,24.46609943049532
1113433931.7,1.1465605421569838,0.348443527032418,0.6197201010126939,4.895362445043751,3.419019155372556,2.6800358626342917,52.805328995749164,37.692739479052534,24.730946706884083
1113433931.8,1.1585808548967744,0.3397090956427567,0.5952240625346293,5.010015407499513,3.451294871086045,2.7415520339495814,53.30059788837633,38.03625518037546,25.002026101713284
1113433931.9,1.1761345698097572,0.3192447643429271,0.5759543011503464,5.126938987869565,3.482201107220881,2.8011896223479806,53.8074456081448,38.38292997929079,25.27916318452816
1113433932.0,1.1772637410961249,0.4125071783856129,0.5557411711929086,5.244798215437968,3.5165217170653773,2.8588167019326725,54.32603246831013,38.73286612050515,25.5621635007422
1113433932.1,1.1555075570887523,0.5294815940546578,0.5348176167033131,5.361624433092548,3.5610096119129278,2.9143490598838397,54.85635360073678,39.086742686954096,25.850821788833002
1113433932.2,1.1410299066589669,0.6229795499543596,0.5079995178664747,5.476764079788655,3.6157300085480455,2.967725749107701,55.39827302638071,39.44557966797714,26.144925529282602
1113433932.3,1.143383920312562,0.6933810627101568,0.4858818183943609,5.591424869026372,3.678232571184795,3.0188739726114195,55.951682473821506,39.8102777969637,26.44425551536858
1113433932.4,1.1390860129619411,0.7516148513795442,0.4607779879644463,5.705988089083379,3.746842909994183,3.067592029376414,56.516553121726986,40.181531571022674,26.748578815467965
1113433932.5,1.1237930516919257,0.7837374077642556,0.4313353020490297,5.819567991480788,3.820755317722799,3.113502952827212,57.09283092575521,40.55991148240861,27.05763356457811
1113433932.6,1.092836346964898,0.8316614439682951,0.3759110535839713,5.931493368951196,3.89954214491965,3.156325211735132,57.68038399377684,40.94592635554068,27.37112497280617
1113433932.7,1.0795580044301945,0.8753334460887855,0.3465951144965131,6.041857237868043,3.982796327801229,3.1959655958784063,58.27905152411779,41.34004327917671,27.688739513186817
1113433932.8,1.0514307044624926,0.9160856588883084,0.3047837390187613,6.150117581290727,4.070168079557515,3.2317035717143088,58.88865026507574,41.74269149954466,28.010122971566545
1113433932.9,1.003790712944651,0.9454992652105538,0.2371229236006606,6.254528728815656,4.161437113393764,3.2614353431856906,59.50888258058103,42.15427175919223,28.33477991731155
1113433933.0,0.9598926051615756,0.9809479362058364,0.1273547235475955,6.354254945831418,4.256362576557835,3.2827664948051223,60.13932176431342,42.57516174368982,28.661990009211138
1113433933.1,0.925885311090756,1.0117107042108666,0.064904518015157,6.449990035919382,4.354550600725004,3.295328740012065,60.77953401340096,43.005707402553924,28.990894770951968
1113433933.2,0.8874025025154049,1.0385183212960185,0.0297571470606725,6.542045028553922,4.455575398962698,3.3015139461884453,61.42913576662471,43.44621370253833,29.32073690526198
1113433933.3,0.8585794199113387,1.0542216432837843,0.0177808730384457,6.630683110055931,4.559104736086091,3.304620086940293,62.08777217355515,43.89694770929083,29.651043606918392
1113433933.4,0.8337249980151765,1.0747498727826814,0.0757059098552211,6.717430929699325,4.664837176125208,3.3067462209713097,62.75517787554281,44.358144804901315,29.981611922314016
1113433933.5,0.7972660933361442,1.0922430432129009,0.0504678028008963,6.801864335534248,4.772457896659336,3.308353400838216,63.4311426388046,44.83000955854055,30.31236690340444
1113433933.6,0.7326109960022361,1.1062061091221225,-0.026680826768889,6.88106325565504,4.881640847875049,3.30865639540157,64.11528901836408,45.31271449576724,30.643217393216446
1113433933.7,0.6756043214751162,1.1073394693592458,-0.1830405109936,6.953963969849015,4.99184680292624,3.3059849997152853,64.80704037963932,45.80638887830736,30.973949462972257
1113433933.8,0.6101575579937677,1.1180833397897345,-0.1122445335453144,7.021351570582193,5.1029185361890095,3.2983914584606726,65.50580615666081,46.31112714526313,31.304168285881133
1113433933.9,0.5592412881866139,1.136179324606995,-0.1804253042252913,7.083472412753643,5.215429678042465,3.284671154375041,66.21104735582759,46.827044555974624,31.633321416522904
1113433934.0,0.5073303303291297,1.1379944281667496,-0.2300097184545329,7.1401308637131065,5.328934590197954,3.2654300417224507,66.92222751965085,47.35426276938665,31.960826476327725
1113433934.1,0.4531616640722452,1.0351777901636643,-0.2422066577273977,7.191154149554408,5.441806459118513,3.2432926314420345,67.6387917703143,47.89279982185252,32.28626260998601
1113433934.2,0.3712574050746358,1.0199074639154837,-0.2557018098491125,7.23434065464037,5.553127520294926,3.2219028370654184,68.36006651052406,48.442546520823214,32.60952238341133
