t1,ID1,Y1,v1,a1,ID2,Y2,v2,a2,ID3,Y3,v3,a3,ID4,Y4,v4,a4,ID5,Y5,v5,a5,ID6,Y6,v6,a6,a4_IDM,a4_PERL
0.0,350,96.9701,9.8778,-0.4096,355,81.9349,9.0098,0.2727,361,68.583,9.0913,-0.725,364,48.3004,9.0106,0.5864,372,32.6325,10.2897,-0.5379,379,0.0,10.4376,0.9842,0.5864,0.5864
0.1,350,97.9559,9.838,-0.3905,355,82.8373,9.0394,0.3111,361,69.4884,9.0174,-0.6518,364,49.2041,9.0639,0.5551,372,33.6587,10.236,-0.4898,379,1.0487,10.5357,0.9446,0.21641999462944836,0.5551
0.2,350,98.9378,9.7996,-0.3715,355,83.7429,9.0717,0.3235,361,70.3869,8.9528,-0.5533,364,50.1134,9.122,0.5802,372,34.68,10.1883,-0.4234,379,2.107,10.6306,0.9159,0.1486024362654067,0.5802
0.3,350,99.9159,9.7629,-0.354,355,84.6516,9.1033,0.299,361,71.2795,8.8984,-0.4619,364,51.0285,9.1806,0.5653,372,35.6967,10.1469,-0.3847,379,3.1747,10.7236,0.8972,0.07683315075058338,0.5653
0.4,350,100.8904,9.7273,-0.3516,355,85.5633,9.1304,0.1987,361,72.167,8.8521,-0.4115,364,51.9494,9.2359,0.5138,372,36.7095,10.1089,-0.3729,379,4.2516,10.8137,0.86,0.004692861268310433,0.5138
0.5,350,101.8613,9.6913,-0.3609,355,86.4773,9.1498,0.1241,361,73.0502,8.8105,-0.3817,364,52.8754,9.2853,0.4168,372,37.7185,10.0704,-0.3925,379,5.3372,10.899,0.8046,-0.06546619051390967,0.4168
0.6,350,102.8286,9.6544,-0.3674,355,87.3931,9.166,0.0537,361,73.9293,8.7717,-0.3575,364,53.8061,9.3288,0.3672,372,38.7235,10.0307,-0.3983,379,6.4311,10.9784,0.7379,-0.13245922309486866,0.3672
0.7,350,103.7922,9.6177,-0.3567,355,88.3099,9.1696,0.0055,361,74.8047,8.7362,-0.3202,364,54.7409,9.3665,0.3111,372,39.7247,9.992,-0.3716,379,7.5326,11.0517,0.6801,-0.1967095921494304,0.3111
0.8,350,104.7522,9.5826,-0.3352,355,89.2268,9.1686,-0.0332,361,75.6767,8.705,-0.2684,364,55.6791,9.3969,0.2368,372,40.7221,9.9566,-0.3348,379,8.6411,11.1193,0.6298,-0.2576062113682435,0.2368
0.9,350,105.7088,9.5493,-0.3354,355,90.1434,9.1646,-0.0673,361,76.5459,8.6783,-0.2295,364,56.6198,9.4185,0.0657,372,41.7161,9.9237,-0.3206,379,9.7562,11.1825,0.5921,-0.312832003333653,0.0657
1.0,350,106.6621,9.516,-0.3468,355,91.0595,9.1574,-0.1105,361,77.4126,8.6552,-0.2019,364,57.5623,9.431,0.0308,372,42.7068,9.8906,-0.3371,379,10.8775,11.2424,0.5716,-0.3602019363117654,0.0308
1.1,350,107.6119,9.4807,-0.3776,355,91.9747,9.1465,-0.1619,361,78.2771,8.6348,-0.1784,364,58.5056,9.4351,0.0011,372,43.6941,9.8556,-0.3456,379,12.0046,11.3002,0.5541,-0.3992126090909227,0.0011
1.2,350,108.5581,9.4425,-0.4065,355,92.8886,9.1313,-0.1791,361,79.1397,8.6172,-0.136,364,59.449,9.4327,-0.0193,372,44.6779,9.8194,-0.3473,379,13.1374,11.3561,0.5361,-0.43029741480513245,-0.0193
1.3,350,109.5003,9.4026,-0.3741,355,93.8008,9.112,-0.2198,361,80.0007,8.6027,-0.1071,364,60.392,9.4263,-0.0862,372,45.6581,9.7843,-0.3247,379,14.2757,11.4098,0.5089,-0.454698063480324,-0.0862
1.4,350,110.4387,9.3639,-0.3495,355,94.7109,9.0894,-0.2489,361,80.8604,8.5917,-0.0768,364,61.3342,9.4177,-0.1048,372,46.6349,9.7524,-0.2843,379,15.4192,11.4595,0.4267,-0.474285395675742,-0.1048
1.5,350,111.3733,9.3288,-0.3048,355,95.6186,9.065,-0.2569,361,81.7192,8.5844,-0.0467,364,62.2754,9.4072,-0.1262,372,47.6088,9.7254,-0.2377,379,16.5673,11.5028,0.3579,-0.49031969271944115,-0.1262
1.6,350,112.3047,9.2989,-0.253,355,96.5239,9.0408,-0.2384,361,82.5774,8.5805,-0.0328,364,63.2155,9.3944,-0.1562,372,48.5802,9.7034,-0.1943,379,17.7193,11.5382,0.283,-0.5027762359418251,-0.1562
1.7,350,113.2334,9.2745,-0.2105,355,97.4268,9.0183,-0.2181,361,83.4354,8.58,0.0179,364,64.1542,9.379,-0.1506,372,49.5496,9.6838,-0.1903,379,18.8745,11.5662,0.2228,-0.5112590778403411,-0.1506
1.8,350,114.1598,9.255,-0.1673,355,98.3276,8.9972,-0.2114,361,84.2936,8.5829,0.0703,364,65.0912,9.362,-0.1551,372,50.517,9.6633,-0.21,379,20.0323,11.5885,0.1312,-0.5152512961779814,-0.1551
1.9,350,115.0845,9.2389,-0.1453,355,99.2262,8.9755,-0.2291,361,85.1522,8.589,0.1151,364,66.0266,9.3462,-0.131,372,51.4822,9.6422,-0.1474,379,21.192,11.6063,0.101,-0.515525633965176,-0.131
2.0,350,116.0077,9.2236,-0.1508,355,100.1226,8.9511,-0.2616,361,86.0115,8.5975,0.1137,364,66.9606,9.334,-0.0872,372,52.4455,9.6238,-0.1129,379,22.3532,11.6182,0.0549,-0.5148948884915481,-0.0872
2.1,350,116.9292,9.2071,-0.1684,355,101.0163,8.9232,-0.2976,361,86.8718,8.6079,0.134,364,67.8937,9.3266,-0.1138,372,53.4073,9.6114,-0.0626,379,23.5152,11.622,-0.0054,-0.5161120155199485,-0.1138
2.2,350,117.849,9.1892,-0.1766,355,101.9071,8.8926,-0.3133,361,87.7332,8.6209,0.1765,364,68.8261,9.3226,-0.0649,372,54.3682,9.6064,-0.008,379,24.6772,11.6167,-0.1086,-0.520681737935958,-0.0649
2.3,350,118.767,9.1715,-0.1639,355,102.7948,8.8621,-0.2986,361,88.5962,8.6393,0.262,364,69.7573,9.3006,-0.067,372,55.329,9.6091,0.0689,379,25.8382,11.6036,-0.1818,-0.5268936579758985,-0.067
2.4,350,119.6834,9.1557,-0.14,355,103.6796,8.834,-0.2749,361,89.4615,8.6662,0.329,364,70.6872,9.2972,-0.083,372,56.2904,9.6188,0.1376,379,26.9976,11.5853,-0.2272,-0.5117347425846236,-0.083
2.5,350,120.5983,9.1422,-0.1048,355,104.5618,8.8094,-0.2412,361,90.33,8.7029,0.4289,364,71.6167,9.2938,-0.0539,372,57.253,9.6333,0.1699,379,28.1551,11.5634,-0.2587,-0.5097300000774491,-0.0539
2.6,350,121.5119,9.1307,-0.09,355,105.4416,8.7863,-0.243,361,91.2025,8.7473,0.4856,364,72.546,9.2922,-0.0002,372,58.2171,9.6485,0.1535,379,29.3102,11.5391,-0.234,-0.5016968692679934,-0.0002
2.7,350,122.4245,9.1211,-0.073,355,106.3189,8.7607,-0.2943,361,92.0795,8.7942,0.4813,364,73.4754,9.2946,0.0827,372,59.1826,9.6621,0.1508,379,30.4628,11.5133,-0.241,-0.49036097104252424,0.0827
2.8,350,123.3363,9.1141,-0.0468,355,107.1934,8.7287,-0.3763,361,92.9612,8.8387,0.3908,364,74.4052,9.3018,0.1727,372,60.1496,9.6774,0.2104,379,31.6129,11.4881,-0.2224,-0.48057463544116014,0.1727
2.9,350,124.2475,9.1108,-0.015,355,108.0643,8.6889,-0.4551,361,93.847,8.8778,0.3348,364,75.336,9.3139,0.1483,372,61.1185,9.7012,0.3518,379,32.7606,11.4667,-0.1716,-0.47571850566755125,0.1483
3.0,350,125.1587,9.112,0.0484,355,108.9309,8.6429,-0.506,361,94.7365,8.911,0.2813,364,76.2682,9.33,0.1849,372,62.0904,9.7372,0.4979,379,33.9066,11.4522,-3.4138,-0.47777377531205145,0.08449703454971313
3.1,350,126.0701,9.1176,0.0975,355,109.7927,8.5933,-0.5311,361,95.629,8.9391,0.239,364,77.2021,9.349,0.2053,372,63.0664,9.7832,0.4976,379,35.0515,11.4462,-0.7439,-0.48636300449129216,0.19609767198562622
3.2,350,126.9823,9.126,0.1202,355,110.6494,8.5418,-0.5243,361,96.5241,8.9632,0.2133,364,78.138,9.3689,0.2065,372,64.0473,9.8346,0.5264,379,36.1962,11.4479,2.3308,-0.5002946298933745,0.17235040664672852
3.3,350,127.8954,9.1359,0.1235,355,111.501,8.4889,-0.5378,361,97.4215,8.9846,0.1903,364,79.0759,9.3884,0.1711,372,65.0334,9.8873,0.5256,379,37.3413,11.454,3.3037,-0.517234509150509,0.18819183111190796
3.4,350,128.8096,9.148,0.1635,355,112.3472,8.4348,-0.549,361,98.3209,9.0036,0.17,364,80.0156,9.4066,0.1582,372,66.0248,9.9393,0.5102,379,38.487,11.4599,0.0795,-0.535296075375411,0.14551854133605957
3.5,350,129.7253,9.1652,0.2453,355,113.1879,8.38,-0.5517,361,99.2221,9.0206,0.1513,364,80.9571,9.4232,0.1424,372,67.0212,9.9892,0.4468,379,39.6331,11.4622,-0.0035,-0.5534468948155281,0.14282751083374023
3.6,350,130.6431,9.1904,0.3515,355,114.0232,8.3255,-0.5196,361,100.1249,9.0357,0.1327,364,81.9001,9.4373,0.1126,372,68.0224,10.036,0.4144,379,40.7792,11.4595,-0.0879,-0.571210835122453,0.1291065216064453
3.7,350,131.5638,9.2242,0.4045,355,114.8531,8.2729,-0.4957,361,101.0292,9.0491,0.1169,364,82.8443,9.4468,0.1054,372,69.0282,10.0786,0.3696,379,41.9248,11.4528,-0.1375,-0.5875685422219958,0.09129637479782104
3.8,350,132.4883,9.2654,0.4715,355,115.6779,8.2232,-0.4618,361,101.9346,9.0607,0.102,364,83.7892,9.4494,-0.023,372,70.0378,10.1149,0.3,379,43.0697,11.445,-0.0938,-0.6001458053610966,0.08856523036956787
3.9,350,133.4172,9.3122,0.5237,355,116.4979,8.1773,-0.4235,361,102.8412,9.0709,0.0885,364,84.7338,9.444,-0.1505,372,71.0507,10.1423,-0.0649,379,44.2138,11.4386,-0.0662,-0.6065162276846693,-0.05719345808029175
4.0,350,134.351,9.3641,0.5821,355,117.3136,8.1355,-0.3768,361,103.7488,9.0797,0.0715,364,85.6776,9.4319,-0.2395,372,72.0657,10.1587,-0.0319,379,45.3574,11.4326,-0.0829,-0.6049643830242877,-0.14904102683067322
4.1,350,135.2903,9.4224,0.6305,355,118.1252,8.0979,-0.3355,361,104.6571,9.0875,0.0632,364,86.62,9.4161,-0.1499,372,73.0803,10.1317,-0.0069,379,46.5001,11.4222,-0.177,-0.5967550727077896,-0.2042180895805359
4.2,350,136.2358,9.4882,0.7091,355,118.9334,8.0647,-0.2953,361,105.5662,9.0943,0.0549,364,87.5608,9.3999,-0.1393,372,74.0935,10.1323,0.0034,379,47.6414,11.403,-0.2477,-0.5847349354961143,-0.07932448387145996
4.3,350,137.1883,9.5605,0.7634,355,119.7384,8.0352,-0.2629,361,106.4759,9.0997,0.0403,364,88.5001,9.3857,-0.113,372,75.1067,10.1322,0.0088,379,48.7804,11.376,-0.3055,-0.5722768736510336,-0.16590341925621033
4.4,350,138.1481,9.6359,0.7719,355,120.5405,8.0084,-0.2443,361,107.386,9.1027,0.0187,364,89.4381,9.3749,-0.0808,372,76.1201,10.1358,0.0599,379,49.9165,11.3464,-0.3014,-0.5621650879677169,-0.12428018450737
4.5,350,139.1154,9.7099,0.6877,355,121.3401,7.9829,-0.2394,361,108.2962,9.1015,-0.0533,364,90.3753,9.3678,-0.1204,372,77.1341,10.1438,0.0919,379,51.0497,11.3179,-0.2835,-0.5564893312841653,-0.09057039022445679
4.6,350,140.0898,9.7789,0.6279,355,122.1372,7.9579,-0.2321,361,109.206,9.0946,-0.1401,364,91.3119,9.3647,-0.0228,372,78.1489,10.152,0.064,379,52.1801,11.2892,-0.3106,-0.5567591482675802,-0.15231266617774963
4.7,350,141.0708,9.8415,0.5657,355,122.9318,7.935,-0.2017,361,110.1148,9.0815,-0.2268,364,92.2484,9.3662,0.0927,372,79.1642,10.1547,-0.0181,379,53.3073,11.256,-0.3803,-0.5643220930851586,0.017682790756225586
4.8,350,142.0578,9.898,0.5112,355,123.7244,7.9167,-0.1089,361,111.0221,9.0626,-0.2364,364,93.1854,9.373,0.2209,372,80.1794,10.1489,-0.1278,379,54.4309,11.2161,-0.4495,-0.5804364828736872,0.05203068256378174
4.9,350,143.0502,9.9492,0.4709,355,124.5154,7.9046,-0.0626,361,111.9271,9.0382,-0.2921,364,94.1233,9.3848,0.1198,372,81.1936,10.1356,-0.2046,379,55.5503,11.1718,-0.4719,-0.6060446758214577,0.16690009832382202
5.0,350,144.0474,9.9958,0.4315,355,125.3056,7.8982,-0.0283,361,112.8295,9.0089,-0.3455,364,95.0625,9.3996,0.1306,372,82.2063,10.1172,-0.2559,379,56.6653,11.128,-0.3748,-0.6412235866439754,0.011342942714691162
5.1,350,145.0492,10.039,0.4028,355,126.0953,7.8957,-0.0072,361,113.7286,8.9746,-0.3998,364,96.0031,9.4133,0.103,372,83.2168,10.0941,-0.2903,379,57.7761,11.0888,-0.3189,-0.6839918332271406,0.09151726961135864
5.2,350,146.0551,10.0795,0.3816,355,126.8849,7.896,0.0205,361,114.6241,8.9352,-0.4325,364,96.9449,9.4224,0.0503,372,84.2247,10.0636,-0.3938,379,58.8834,11.0565,-0.2519,-0.7304531518012963,0.06316739320755005
5.3,350,147.065,10.1179,0.3552,355,127.6746,7.8993,0.0625,361,115.5154,8.8906,-0.4855,364,97.8873,9.4252,-0.0046,372,85.229,10.0224,-0.5331,379,59.9878,11.032,-0.1835,-0.7769585851034172,-0.013156235218048096
5.4,350,148.0785,10.1537,0.3289,355,128.4649,7.9061,0.1109,361,116.402,8.8414,-0.5275,364,98.8297,9.4225,-0.0634,372,86.2286,9.9689,-0.6696,379,61.0902,11.015,-0.0649,-0.8216368101568599,-0.06478136777877808
5.5,350,149.0956,10.1866,0.2998,355,129.256,7.9168,0.1603,361,117.2835,8.7891,-0.5491,364,99.7716,9.4158,-0.1033,372,87.2223,9.9054,-0.6802,379,62.1912,11.0052,-0.0322,-0.864909587510083,-0.12654703855514526
5.6,350,150.1157,10.2165,0.2705,355,130.0484,7.9314,0.1781,361,118.1598,8.7357,-0.5289,364,100.7127,9.4064,-0.134,372,88.2094,9.8363,-0.7099,379,63.2915,11.0009,-0.0104,-0.9074844403678735,-0.15606743097305298
5.7,350,151.1387,10.2433,0.2341,355,130.8425,7.9499,0.2211,361,119.0307,8.683,-0.5162,364,101.6528,9.3947,-0.1364,372,89.1895,9.7656,-0.7142,379,64.3916,11.0007,0.0089,-0.9495413853568087,-0.18239140510559082
5.8,350,152.1642,10.2671,0.2058,355,131.6386,7.9725,0.2639,361,119.8964,8.6317,-0.5,364,102.5915,9.3808,-0.1578,372,90.1625,9.6946,-0.7158,379,65.4919,11.0052,0.0683,-0.9904029337209331,-0.2033030390739441
5.9,350,153.192,10.2878,0.1774,355,132.4372,7.9988,0.3015,361,120.7571,8.5818,-0.4893,364,103.5288,9.365,-0.1787,372,91.1284,9.6234,-0.7166,379,66.5928,11.014,0.1036,-1.0295195312633827,-0.2114439606666565
6.0,350,154.2216,10.3054,0.149,355,133.2385,8.0279,0.297,361,121.6128,8.5323,-0.4868,364,104.4644,9.3472,-0.201,372,92.0871,9.5516,-0.7228,379,67.6948,11.0245,0.0992,-1.0671433687243161,-0.25880861282348633
6.1,350,155.2529,10.3199,0.1104,355,134.0428,8.0581,0.2979,361,122.4636,8.4823,-0.4953,364,105.3982,9.3273,-0.2017,372,93.0387,9.4791,-0.7323,379,68.7977,11.0334,0.0735,-1.1036655433418996,-0.25562411546707153
6.2,350,156.2855,10.3314,0.0843,355,134.8501,8.0875,0.2825,361,123.3093,8.4319,-0.496,364,106.3298,9.3059,-0.2096,372,93.9829,9.4057,-0.7396,379,69.9013,11.0397,0.115,-1.1394582611464896,-0.25841009616851807
6.3,350,157.319,10.3399,0.0607,355,135.6602,8.1154,0.2663,361,124.15,8.3827,-0.4712,364,107.2594,9.2849,-0.1946,372,94.9198,9.3322,-0.7197,379,71.0054,11.0429,0.0395,-1.1751264943124586,-0.27417564392089844
6.4,350,158.3533,10.3459,0.0413,355,136.4731,8.1422,0.2771,361,124.986,8.3374,-0.4093,364,108.1869,9.2663,-0.1649,372,95.8494,9.2598,-0.7028,379,72.1097,11.0419,-0.0851,-1.2120645222512583,-0.24422717094421387
6.5,350,159.3881,10.3496,0.0373,355,137.2887,8.1693,0.2865,361,125.8177,8.2974,-0.3564,364,109.1127,9.2502,-0.1521,372,96.7719,9.1894,-0.6796,379,73.2135,11.0348,-0.2536,-1.2509526129163095,-0.23522567749023438
6.6,350,160.4231,10.3502,-0.0201,355,138.1071,8.1977,0.3031,361,126.6457,8.262,-0.3204,364,110.037,9.2349,-0.1567,372,97.6874,9.1216,-0.653,379,74.3163,11.0212,-0.1759,-1.2910640723608624,-0.2244253158569336
6.7,350,161.4579,10.3462,-0.1014,355,138.9283,8.2281,0.3282,361,127.4703,8.2295,-0.3026,364,110.9597,9.2185,-0.1743,372,98.5963,9.0567,-0.6079,379,75.4176,11.0038,-0.1972,-1.330557406088239,-0.2520170211791992
6.8,350,162.492,10.3367,-0.186,355,139.7528,8.2617,0.3783,361,128.2917,8.1985,-0.2957,364,111.8806,9.2009,-0.1797,372,99.4989,8.9955,-0.5701,379,76.517,10.9854,-0.1954,-1.3679194443293061,-0.24876999855041504
6.9,350,163.525,10.3226,-0.1907,355,140.581,8.3005,0.444,361,129.11,8.1686,-0.2851,364,112.7999,9.1839,-0.18,372,100.3956,8.9383,-0.5303,379,77.6146,10.9662,-0.2159,-1.4037843356058235,-0.2562786340713501
7.0,350,164.5559,10.2957,-0.2092,355,141.4133,8.346,0.519,361,129.9255,8.1399,-0.2724,364,113.7175,9.1686,-0.1602,372,101.2868,8.8853,-0.4896,379,78.7101,10.9428,-0.2811,-1.4408981368388567,-0.25061070919036865
7.1,350,165.5846,10.2779,-0.2126,355,142.2505,8.3979,0.5796,361,130.7381,8.1128,-0.254,364,114.6336,9.1535,-0.173,372,102.1729,8.8369,-0.4301,379,79.8028,10.9119,-0.373,-1.4806069507491644,-0.237076997756958
7.2,350,166.6115,10.2594,-0.2234,355,143.0931,8.4538,0.5552,361,131.5481,8.0878,-0.2316,364,115.548,9.135,-0.2377,372,103.0545,8.794,-0.3739,379,80.892,10.8732,-0.4468,-1.5207343509390403,-0.2741401195526123
7.3,350,167.6364,10.239,-0.242,355,143.9413,8.5104,0.5429,361,132.3558,8.065,-0.2085,364,116.4602,9.1088,-0.329,372,103.932,8.7571,-0.3171,379,81.9772,10.8296,-0.4763,-1.5556146398083,-0.33257627487182617
7.4,350,168.659,10.214,-0.3059,355,144.795,8.5644,0.5064,361,133.1613,8.0446,-0.1858,364,117.3693,9.0725,-0.4431,372,104.8062,8.7256,-0.2739,379,83.0579,10.7851,-0.4473,-1.5785116797522707,-0.4015085697174072
7.5,350,169.6789,10.1826,-0.3834,355,145.6539,8.6145,0.4659,361,133.9648,8.0261,-0.1719,364,118.2742,9.0265,-0.5367,372,105.6773,8.6974,-0.2689,379,84.1343,10.7421,-0.4249,-1.5851118815179261,-0.4662942886352539
7.6,350,170.6952,10.1444,-0.4545,355,146.5177,8.6608,0.4433,361,134.7665,8.008,-0.2005,364,119.1743,8.9742,-0.5763,372,106.5457,8.6706,-0.265,379,85.2064,10.7005,-0.4205,-1.5755954663039078,-0.5459084510803223
7.7,350,171.7074,10.1004,-0.4762,355,147.386,8.7046,0.423,361,135.5663,7.9879,-0.2361,364,120.069,8.9203,-0.5224,372,107.4114,8.6439,-0.2653,379,86.2743,10.6577,-0.4504,-1.5555747669704896,-0.55439293384552
7.8,350,172.7151,10.052,-0.5148,355,148.2586,8.7468,0.4112,361,136.3639,7.9638,-0.289,364,120.9584,8.867,-0.516,372,108.2745,8.6174,-0.2623,379,87.3377,10.6108,-0.5085,-1.5333831365124746,-0.4981069564819336
7.9,350,173.7177,10.0004,-0.5418,355,149.1353,8.7881,0.4073,361,137.1588,7.9347,-0.3433,364,121.8424,8.8141,-0.5142,372,109.1349,8.5913,-0.2492,379,88.3962,10.5589,-0.5578,-1.5138087245812086,-0.5415667295455933
8.0,350,174.715,9.9466,-0.5599,355,150.0162,8.8293,0.4012,361,137.9506,7.9011,-0.3533,364,122.7213,8.7627,-0.4851,372,109.9928,8.5657,-0.2434,379,89.4493,10.503,-0.5909,-1.4974382254747498,-0.5340486168861389
8.1,350,175.7069,9.8911,-0.5628,355,150.9012,8.8705,0.3983,361,138.7389,7.8641,-0.3798,364,123.5952,8.7166,-0.3948,372,110.8481,8.541,-0.233,379,90.4967,10.4444,-0.6138,-1.4857392957129882,-0.49768364429473877
8.2,350,176.6932,9.8343,-0.5776,355,151.7902,8.9106,0.3807,361,139.5233,7.8253,-0.3882,364,124.465,8.6784,-0.314,372,111.7011,8.5179,-0.212,379,91.5381,10.3837,-0.6736,-1.483525736456095,-0.4095999002456665
8.3,350,177.6737,9.776,-0.5912,355,152.6831,8.9481,0.3488,361,140.3039,7.787,-0.3705,364,125.3313,8.6476,-0.2576,372,112.5518,8.4975,-0.141,379,92.5733,10.3208,-0.6963,-1.493953509632594,-0.3652222156524658
8.4,350,178.6483,9.7169,-0.5945,355,153.5797,8.9822,0.3058,361,141.0809,7.7519,-0.2859,364,126.1947,8.6212,-0.2336,372,113.4007,8.4805,-0.1139,379,93.6011,10.2358,-0.7154,-1.5149958876461365,-0.3355056047439575
8.5,350,179.6171,9.6585,-0.5467,355,154.4794,9.0129,0.2752,361,141.8546,7.7222,-0.2312,364,127.0556,8.5966,-0.2379,372,114.2481,8.4676,-0.0806,379,94.6214,10.1696,-0.7307,-1.5406786681291231,-0.31409990787506104
8.6,350,180.5802,9.6034,-0.5043,355,155.3821,9.0405,0.2476,361,142.6257,7.6989,-0.1746,364,127.9141,8.5728,-0.2303,372,115.0945,8.4602,-0.0296,379,95.635,10.1021,-0.6862,-1.5657033091006942,-0.3027806282043457
8.7,350,181.538,9.5533,-0.4488,355,156.2874,9.0652,0.2205,361,143.3947,7.6818,-0.1232,364,128.7702,8.5497,-0.2246,372,115.9406,8.461,0.0662,379,96.6418,10.0333,-0.699,-1.5875642079585477,-0.27659356594085693
8.8,350,182.4911,9.5089,-0.3988,355,157.195,9.0871,0.1994,361,144.1623,7.6704,-0.8656,364,129.624,8.5272,-0.2184,372,116.7872,8.4718,0.1935,379,97.6416,9.9631,-0.7134,-1.605977576214997,-0.26466405391693115
8.9,350,183.44,9.4687,-0.3811,355,158.1047,9.1069,0.1811,361,144.929,7.6646,-0.3102,364,130.4757,8.5054,-0.2216,372,117.6355,8.493,0.3147,379,98.6343,9.8916,-0.7256,-1.6208333554336223,-0.2635154724121094
9.0,350,184.385,9.4308,-0.3666,355,159.0163,9.1251,0.1694,361,145.6955,7.6645,0.302,364,131.3252,8.4841,-0.2198,372,118.4863,8.5232,0.4103,379,99.6199,9.8196,-0.7036,-1.6321549151724208,-0.2628517150878906
9.1,350,185.3262,9.3941,-0.3594,355,159.9296,9.1422,0.1603,361,146.4623,7.6711,1.0236,364,132.1725,8.4623,-0.2341,372,119.3404,8.5595,0.3883,379,100.5983,9.7488,-0.6822,-1.639123747282132,-0.25074172019958496
9.2,350,186.2638,9.358,-0.3531,355,160.8447,9.1582,0.1435,361,147.2301,7.6854,0.2199,364,133.0175,8.4383,-0.2629,372,120.1983,8.5985,0.4001,379,101.5698,9.6808,-0.6489,-1.6391419306027477,-0.25260043144226074
9.3,350,187.1979,9.3226,-0.342,355,161.7612,9.1725,0.1247,361,148.0005,7.7219,0.3113,364,133.86,8.4116,-0.2668,372,121.0602,8.6384,0.408,379,102.5346,9.616,-0.6175,-1.6283961602472035,-0.2652461528778076
9.4,350,188.1284,9.2881,-0.3316,355,162.6791,9.1847,0.1042,361,148.7741,7.7505,0.3758,364,134.6997,8.3832,-0.2736,372,121.9261,8.6794,0.4214,379,103.4932,9.5544,-0.5533,-1.594057149829131,-0.23289787769317627
9.5,350,189.0556,9.255,-0.3137,355,163.598,9.1951,0.0908,361,149.5508,7.783,0.4023,364,135.5367,8.3554,-0.2554,372,122.7961,8.7213,0.4115,379,104.4457,9.497,-0.5049,-1.5605344256573177,-0.24269616603851318
9.6,350,189.9795,9.2239,-0.2933,355,164.518,9.2045,0.0582,361,150.3307,7.8163,0.3159,364,136.371,8.3305,-0.2186,372,123.6703,8.7624,0.3938,379,105.3929,9.4467,-0.422,-1.5223588408884785,-0.2059558629989624
9.7,350,190.9004,9.1946,-0.2731,355,165.4389,9.2129,0.0499,361,151.114,7.8482,0.2938,364,137.203,8.3102,-0.1225,372,124.5484,8.8011,0.3649,379,106.3355,9.4059,-0.3293,-1.4853315810147556,-0.16980552673339844
9.8,350,191.8185,9.1665,-0.2633,355,166.3605,9.219,0.0284,361,151.9003,7.8774,0.2635,364,138.0333,8.2956,-0.0781,372,125.4304,8.8375,0.3473,379,107.2745,9.3735,-0.2785,-1.4536966120265598,-0.07448887825012207
9.9,350,192.7338,9.1398,-0.2464,355,167.2825,9.2208,-0.0043,361,152.6893,7.9035,0.2348,364,138.8625,8.2877,-0.0294,372,126.3159,8.873,0.3557,379,108.2105,9.3454,-0.2579,-1.4304287912394957,-0.06610441207885742
10.0,350,193.6466,9.1155,-0.2172,355,168.2044,9.2177,-0.0643,361,153.4808,7.9271,0.2285,364,139.6911,8.2861,0.0068,372,127.205,8.909,0.3651,379,109.1437,9.3189,-0.2499,-1.4176198215160427,-0.014034152030944824
10.1,350,194.5571,9.0946,-0.173,355,169.1258,9.2106,-0.1001,361,154.2747,7.9497,0.2261,364,140.5198,8.2878,0.0532,372,128.0978,8.946,0.3755,379,110.0743,9.294,-0.2257,-1.4145055017041748,0.012223958969116211
10.2,350,195.4657,9.077,-0.1445,355,170.0464,9.2011,-0.118,361,155.0708,7.9726,0.2332,364,141.3487,8.2894,0.0149,372,128.9942,8.9837,0.3799,379,111.0026,9.2723,-0.1991,-1.415924451085407,0.05749523639678955
10.3,350,196.3726,9.0623,-0.1206,355,170.9659,9.1898,-0.1413,361,155.8692,7.9961,0.2385,364,142.1776,8.2886,-0.0486,372,129.8945,9.0206,0.2908,379,111.9289,9.2536,-0.1751,-1.4160410327573278,-0.006007671356201172
10.4,350,197.2783,9.0504,-0.0961,355,171.8842,9.1753,-0.1861,361,156.67,8.0198,0.2381,364,143.0063,8.2852,-0.0984,372,130.7981,9.0532,0.2385,379,112.8534,9.2362,-0.1725,-1.411094742324477,-0.03920412063598633
10.5,350,198.1828,9.0412,-0.045,355,172.8006,9.1522,-0.2595,361,157.4732,8.0433,0.2354,364,143.8346,8.2799,-0.064,372,131.7047,9.0778,0.1607,379,113.7761,9.2183,-0.1843,-1.4009555140302692,-0.06717824935913086
10.6,350,199.0866,9.0348,-0.0286,355,173.7145,9.1256,-0.335,361,158.2787,8.0668,0.2358,364,144.6622,8.2736,-0.0727,372,132.6132,9.0925,0.078,379,114.697,9.1992,-0.1597,-1.3868817132526223,-0.011502981185913086
10.7,350,199.9899,9.0313,-0.0126,355,174.6254,9.0933,-0.385,361,159.0865,8.0905,0.24,364,145.4892,8.2665,-0.0814,372,133.5227,9.0974,0.0035,379,115.6159,9.1795,-0.1568,-1.369973324225261,-0.06756091117858887
10.8,350,200.893,9.0305,0.0039,355,175.533,9.0588,-0.2954,361,159.8968,8.1147,0.2463,364,146.3155,8.2583,-0.0951,372,134.4323,9.0937,-0.0975,379,116.533,9.1622,-0.1211,-1.3504452710037846,-0.06546688079833984
10.9,350,201.7962,9.0329,0.0521,355,176.4373,9.0267,-0.2531,361,160.7095,8.1398,0.2565,364,147.1408,8.2486,-0.1042,372,135.3411,9.0828,-0.1786,379,117.4487,9.1514,-0.0516,-1.3275348192538443,-0.08144259452819824
11.0,350,202.6998,9.0396,0.1155,355,177.3387,9.0012,-0.1833,361,161.5248,8.1659,0.2667,364,147.9651,8.2371,-0.1212,372,136.2485,9.0664,-0.2355,379,118.3638,9.1503,0.0458,-1.3003307341671098,-0.07333922386169434
11.1,350,203.6044,9.0524,0.2032,355,178.2379,8.984,-0.1105,361,162.3427,8.1926,0.2676,364,148.7882,8.2245,-0.1274,372,137.1542,9.0466,-0.1947,379,119.2793,9.1592,0.1573,-1.2683271819568462,-0.07955121994018555
11.2,350,204.5107,9.0726,0.3035,355,179.1359,8.9745,-0.1178,361,163.1633,8.2184,0.2335,364,149.61,8.2121,-0.1155,372,138.0578,9.0259,-0.1923,379,120.1961,9.1769,0.2429,-1.2328418611521532,-0.08281242847442627
11.3,350,205.4193,9.1004,0.2919,355,180.0332,8.9716,-0.0017,361,163.9863,8.2414,0.1995,364,150.4307,8.2018,-0.0525,372,138.9594,9.0066,-0.1671,379,121.1149,9.1998,0.2751,-1.196820515604135,-0.06269264221191406
11.4,350,206.331,9.1331,0.3207,355,180.9305,8.9745,0.1209,361,164.8114,8.2609,0.1657,364,151.2505,8.1945,-0.0334,372,139.8593,8.9907,-0.1292,379,122.036,9.2224,0.1795,-1.164547097337205,0.004415035247802734
11.5,350,207.246,9.166,0.2961,355,181.8284,8.9843,0.2672,361,165.6383,8.2774,0.1462,364,152.0698,8.1902,-0.0178,372,140.7578,8.9783,-0.1309,379,122.9591,9.2398,0.1206,-1.1379195010020098,-0.011640787124633789
11.6,350,208.164,9.194,0.2271,355,182.7277,9.0014,0.2103,361,166.4668,8.2929,0.1659,364,152.8887,8.1888,0.0013,372,141.655,8.9668,-0.1416,379,123.8837,9.2514,0.081,-1.1167755832699044,0.016084671020507812
11.7,350,209.0844,9.2139,0.1033,355,183.629,9.0249,0.2633,361,167.2969,8.3089,0.1801,364,153.7077,8.1916,0.0558,372,142.551,8.9523,-0.201,379,124.8093,9.2603,0.0719,-1.0995814127400616,0.03184342384338379
11.8,350,210.0064,9.2261,0.0576,355,184.5328,9.0517,0.2759,361,168.1287,8.3268,0.2076,364,154.5273,8.1994,0.1113,372,143.4451,8.9313,-0.2967,379,125.7357,9.2677,0.1022,-1.0871852800320012,0.08976972103118896
11.9,350,210.9293,9.2324,0.026,355,185.4393,9.078,0.2541,361,168.9624,8.3479,0.2485,364,155.3478,8.2112,0.1383,372,144.3368,8.9013,-0.3722,379,126.6626,9.2707,-0.006,-1.0797836056333538,0.13251900672912598
12.0,350,211.8526,9.2344,0.0007,355,186.3483,9.1017,0.2273,361,169.7985,8.3731,0.2721,364,156.1696,8.2239,0.1312,372,145.2249,8.8615,-0.4746,379,127.5894,9.2654,-0.1624,-1.0750915226757374,0.13963103294372559
12.1,350,212.776,9.2327,-0.0396,355,187.2596,9.1231,0.2095,361,170.6372,8.4018,0.3,364,156.9925,8.2352,0.0964,372,146.1086,8.8134,-0.5508,379,128.5152,9.2514,-0.2874,-1.0682081078940315,0.14047956466674805
12.2,350,213.699,9.2275,-0.0762,355,188.1729,9.1437,0.2131,361,171.4789,8.4318,0.298,364,157.817,8.2535,0.0686,372,146.9873,8.7595,-0.5984,379,129.4394,9.2323,-0.1896,-1.0563031125720428,0.11962711811065674
12.3,350,214.6213,9.2196,-0.1007,355,189.0884,9.1656,0.2364,361,172.3235,8.4607,0.2779,364,158.6426,8.2583,0.021,372,147.8603,8.7017,-0.6038,379,130.3617,9.2133,-0.1659,-1.052313448042997,0.09773516654968262
12.4,350,215.5428,9.2101,-0.1118,355,190.0062,9.1904,0.2707,361,173.171,8.4879,0.2817,364,159.4683,8.257,-0.0448,372,148.7275,8.6405,-0.6379,379,131.2822,9.1974,-0.1314,-1.0302704805711966,0.07469689846038818
12.5,350,216.4633,9.1999,-0.106,355,190.9266,9.2183,0.3004,361,174.0211,8.5148,0.2909,364,160.2936,8.2493,-0.102,372,149.5883,8.576,-0.6694,379,132.2013,9.1844,-0.1131,-1.0003425129533505,0.0032393932342529297
12.6,350,217.3828,9.1893,-0.1096,355,191.8499,9.2483,0.3127,361,174.874,8.5438,0.3286,364,161.118,8.2381,-0.1156,372,150.4425,8.5092,-0.686,379,133.1192,9.1723,-0.1205,-0.9613032679399276,-0.03097367286682129
12.7,350,218.3012,9.1783,-0.1134,355,192.7763,9.2789,0.3139,361,175.7301,8.5774,0.3857,364,161.9413,8.227,-0.0985,372,151.2901,8.4419,-0.6566,379,134.0358,9.16,-0.1263,-0.9152977717861367,-0.0274849534034729
12.8,350,219.2184,9.167,-0.1171,355,193.7057,9.3102,0.3368,361,176.5898,8.6166,0.4402,364,162.7635,8.2176,-0.082,372,152.131,8.3764,-0.6281,379,134.9511,9.1472,-0.1291,-0.8652777388075843,-0.00421297550201416
12.9,350,220.1345,9.1553,-0.1199,355,194.6384,9.3437,0.3738,361,177.4537,8.6616,0.4991,364,163.5848,8.2095,-0.0727,372,152.9656,8.3145,-0.587,379,135.8652,9.1345,-0.1263,-0.8126325398176514,-0.001539766788482666
13.0,350,221.0494,9.1432,-0.1231,355,195.5747,9.3816,0.4279,361,178.3224,8.7119,0.5474,364,164.4054,8.2024,-0.064,372,153.7941,8.2561,-0.5581,379,136.7781,9.1221,-0.1355,-0.7567530489123824,0.005911529064178467
13.1,350,221.9632,9.1309,-0.1259,355,196.515,9.4246,0.4823,361,179.1963,8.7661,0.5841,364,165.2254,8.1961,-0.0548,372,154.6168,8.199,-0.579,379,137.6896,9.1097,-0.1406,-0.697674522697694,0.02116560935974121
13.2,350,222.8756,9.1184,-0.1286,355,197.4599,9.4722,0.4954,361,180.0758,8.8237,0.5963,364,166.0447,8.1906,-0.0499,372,155.4338,8.1401,-0.6093,379,138.5999,9.0958,-0.1688,-0.6361952484663543,0.04788631200790405
13.3,350,223.7868,9.1055,-0.1309,355,198.4096,9.5231,0.5192,361,180.9612,8.8841,0.6255,364,166.8635,8.1854,-0.0374,372,156.2447,8.0783,-0.6376,379,139.5086,9.0782,-0.221,-0.5726858162379957,0.055683910846710205
13.4,350,224.6967,9.0924,-0.1338,355,199.3645,9.5753,0.5236,361,181.8527,8.9473,0.6524,364,167.6818,8.1805,-0.0338,372,157.0494,8.0148,-0.6438,379,140.4153,9.0555,-0.272,-0.5071458338056078,0.0725255012512207
13.5,350,225.6053,9.079,-0.1365,355,200.3247,9.6271,0.5108,361,182.7507,9.0124,0.6648,364,168.4996,8.1766,-0.0215,372,157.8477,7.952,-0.5918,379,141.3194,9.0269,-0.3333,-0.4397618832434824,0.07921183109283447
13.6,350,226.5125,9.0654,-0.1386,355,201.2899,9.6771,0.4751,361,183.6552,9.0776,0.623,364,169.3172,8.1749,-0.0028,372,158.6399,7.892,-0.5558,379,142.2204,8.993,-0.3862,-0.37195590052067934,0.0996789038181305
13.7,350,227.4183,9.0515,-0.1421,355,202.26,9.7247,0.4499,361,184.5661,9.1402,0.588,364,170.1348,8.1759,0.0256,372,159.4263,7.8364,-0.5082,379,143.1178,8.9548,-0.4238,-0.306287121628352,0.1174420416355133
13.8,350,228.3228,9.0374,-0.1468,355,203.2347,9.7697,0.4248,361,185.483,9.1986,0.5398,364,170.9525,8.179,0.0466,372,160.2075,7.786,-0.4553,379,144.0112,8.914,-0.4214,-0.24487181880293454,0.14189967513084412
13.9,350,229.2258,9.0224,-0.1589,355,204.2138,9.8122,0.4001,361,186.4056,9.2521,0.4948,364,171.7706,8.1837,0.0588,372,160.9838,7.7409,-0.3812,379,144.9005,8.8718,-0.4278,-0.18797970867806832,0.1483905166387558
14.0,350,230.1272,9.0062,-0.1732,355,205.197,9.8521,0.3778,361,187.3333,9.3021,0.4884,364,172.5893,8.1894,0.0702,372,161.7566,7.7157,-0.3524,379,145.7856,8.8292,-0.4323,-0.1354850538091001,0.16146481037139893
14.1,350,231.027,8.9894,-0.0411,355,206.1841,9.8899,0.3591,361,188.266,9.351,0.492,364,173.4086,8.196,0.0283,372,162.5262,7.6766,-0.3461,379,146.6663,8.7859,-0.4401,-0.08609632148957284,0.17279815673828125
14.2,350,231.9252,8.9753,-0.029,355,207.1749,9.9261,0.3478,361,189.2035,9.4009,0.5087,364,174.2285,8.2021,0.0229,372,163.2919,7.6373,-0.3549,379,147.5427,8.7418,-0.4482,-0.038381653026308075,0.12073564529418945
14.3,350,232.8224,8.9685,-0.0048,355,208.1693,9.9612,0.3356,361,190.1462,9.4519,0.5139,364,175.0489,8.2058,0.0079,372,164.0537,7.5974,-0.3756,379,148.4147,8.6969,-0.4557,0.009984714003411456,0.14397072792053223
14.4,350,233.7194,8.9719,0.0217,355,209.167,9.9942,0.288,361,191.0939,9.5024,0.4954,364,175.8694,8.2054,-0.0118,372,164.8115,7.5582,-0.358,379,149.2821,8.6513,-0.4625,0.060721393353478904,0.1193225234746933
14.5,350,234.6172,8.9841,0.1377,355,210.1679,10.0234,0.2445,361,192.0466,9.5508,0.4701,364,176.6897,8.2007,-0.0073,372,165.5655,7.5221,-0.3185,379,150.1449,8.6051,-0.4683,0.11428150011278326,0.10688168555498123
14.6,350,235.5165,9.0005,0.1494,355,211.1715,10.0475,0.1952,361,193.004,9.5972,0.457,364,177.5095,8.1942,-0.0074,372,166.3161,7.4909,-0.2657,379,151.0031,8.5583,-0.4712,0.16978992622317118,0.12495595216751099
14.7,350,236.4173,9.016,0.1223,355,212.1772,10.0668,0.1563,361,193.966,9.6434,0.4659,364,178.3287,8.1898,-0.0024,372,167.0639,7.4656,-0.1342,379,151.8565,8.5112,-0.4741,0.2249649471388643,0.11418145149946213
14.8,350,237.3195,9.0272,0.075,355,213.1846,10.0826,0.1302,361,194.9327,9.6913,0.4894,364,179.1477,8.1912,0.0054,372,167.8096,7.4471,-0.0912,379,152.7053,8.4639,-0.4741,0.2774411309062207,0.13053108751773834
14.9,350,238.2224,9.0326,0.031,355,214.1936,10.096,0.112,361,195.9044,9.7413,0.5105,364,179.9673,8.1995,0.1357,372,168.5537,7.4362,-0.0409,379,153.5493,8.4166,-0.4741,0.32527802691521895,0.13280422985553741
15.0,350,239.1256,9.0309,-0.081,355,215.2037,10.1074,0.0929,361,196.8811,9.7928,0.5174,364,180.788,8.2145,0.2068,372,169.2973,7.434,0.0145,379,154.3886,8.369,-0.4962,0.3680195902001357,0.29030442237854004
15.1,350,240.0282,9.0206,-0.2233,355,216.2149,10.1165,0.0718,361,197.8629,9.844,0.5065,364,181.6105,8.2354,0.2714,372,170.041,7.4405,0.1149,379,155.223,8.3198,-0.5193,0.4057860204086403,0.3036821484565735
15.2,350,240.9292,8.9994,-0.4033,355,217.2269,10.1232,0.0222,361,198.8498,9.8936,0.4825,364,182.4353,8.262,0.3369,372,170.7857,7.4533,0.1679,379,156.0524,8.2678,-0.5543,0.43859645697051325,0.36737382411956787
15.3,350,241.8274,8.9649,-0.4505,355,218.2395,10.1276,0.0126,361,199.8415,9.9412,0.4634,364,183.2632,8.2946,0.3684,372,171.5318,7.4696,0.1885,379,156.8764,8.2122,-0.5946,0.4662554119842713,0.43911314010620117
15.4,350,242.7214,8.9154,-0.6198,355,219.2523,10.1296,0.0031,361,200.838,9.9874,0.4544,364,184.0946,8.3335,0.4332,372,172.2797,7.4876,0.2066,379,157.6947,8.1525,-0.6149,0.4884875221954912,0.45775845646858215
15.5,350,243.6097,8.8508,-0.7766,355,220.2652,10.1292,-0.0063,361,201.839,10.0331,0.4548,364,184.9301,8.3776,0.4743,372,173.0295,7.5083,0.2572,379,158.5067,8.089,-0.651,0.5055126077456905,0.5426433682441711
15.6,350,244.491,8.7744,-0.8758,355,221.278,10.1264,-0.0456,361,202.8446,10.0791,0.4587,364,185.7702,8.424,0.4811,372,173.7816,7.5337,0.3265,379,159.3123,8.023,-0.6651,0.5184858031843381,0.5460101366043091
15.7,350,245.3643,8.6926,-0.7949,355,222.2904,10.1213,-0.073,361,203.8548,10.1254,0.4601,364,186.6149,8.4703,0.4682,372,174.5366,7.5666,0.4253,379,160.1113,7.9573,-0.6447,0.5297114673875162,0.548498809337616
15.8,350,246.2296,8.612,-0.7578,355,223.3022,10.1138,-0.1005,361,204.8697,10.1715,0.4563,364,187.4643,8.5162,0.4693,372,175.2954,7.6095,0.5566,379,160.904,7.895,-0.5716,0.5408143845834306,0.546333909034729
15.9,350,247.087,8.5362,-0.7012,355,224.3131,10.1039,-0.128,361,205.8891,10.2171,0.4482,364,188.3182,8.5632,0.4906,372,176.0591,7.6648,0.6648,379,161.6906,7.8377,-0.5198,0.5518030764493048,0.540727972984314
16.0,350,247.9371,8.4666,-0.6405,355,225.3228,10.0917,-0.1442,361,206.913,10.2615,0.4103,364,189.177,8.6128,0.5226,372,176.829,7.7337,0.8093,379,162.4718,7.7856,-0.474,0.5616072504094511,0.5777124166488647
16.1,350,248.7806,8.4032,-0.5682,355,226.3313,10.0772,-0.1689,361,207.9413,10.3036,0.3822,364,190.0409,8.6654,0.538,372,177.6065,7.8153,0.9398,379,163.2479,7.7381,-0.4329,0.5689921940791067,0.5808899998664856
16.2,350,249.6181,8.346,-0.5106,355,227.3382,10.0604,-0.1931,361,208.9736,10.3419,0.3387,364,190.9102,8.72,0.5514,372,178.3927,7.9085,1.0551,379,164.0196,7.6951,-0.3913,0.5733155524060066,0.5815518498420715
16.3,350,250.4501,8.2948,-0.4551,355,228.3432,10.0412,-0.2193,361,210.0094,10.3752,0.2885,364,191.785,8.775,0.5466,372,179.1887,8.0117,1.1078,379,164.7872,7.6576,-0.3342,0.5746159131814131,0.5959101915359497
16.4,350,251.2773,8.2494,-0.4008,355,229.3463,10.0192,-0.2599,361,211.0483,10.4034,0.2133,364,192.6652,8.829,0.5323,372,179.9954,8.1237,1.1904,379,165.5514,7.6254,-0.288,0.5734163784889018,0.579230010509491
16.5,350,252.1003,8.2097,-0.2663,355,230.3469,9.993,-0.3159,361,212.0899,10.4269,0.175,364,193.5507,8.8822,0.5581,372,180.8138,8.243,1.2596,379,166.3125,7.596,-0.2806,0.570543311625815,0.5720879435539246
16.6,350,252.9195,8.1757,-0.2261,355,231.3445,9.9606,-0.3943,361,213.1335,10.4452,0.1291,364,194.4416,8.9363,0.5812,372,181.6444,8.3688,1.322,379,167.0706,7.5657,-0.2979,0.5659959390764712,0.6003273129463196
16.7,350,253.7357,8.1471,-0.1868,355,232.3386,9.9208,-0.4793,361,214.1786,10.4573,0.0714,364,195.3382,8.994,0.6344,372,182.4878,8.4997,1.3224,379,167.8255,7.5331,-0.3192,0.5584342771539451,0.6044557094573975
16.8,350,254.5492,8.1239,-0.1485,355,233.3284,9.8742,-0.4985,361,215.2246,10.4623,0.0179,364,196.2408,9.0582,0.7172,372,183.3444,8.6324,1.3186,379,168.5771,7.5001,-0.3046,0.5456871950493944,0.6506388783454895
16.9,350,255.3618,8.127,-0.0097,355,234.3132,9.8234,-0.5251,361,216.2707,10.4609,-0.0534,364,197.1503,9.1313,0.8055,372,184.2142,8.7632,1.2838,379,169.3257,7.4711,-0.2434,0.525407803182059,0.7189159393310547
17.0,350,256.1739,8.115,-0.0057,355,235.293,9.7711,-0.5272,361,217.3165,10.4554,-0.0899,364,198.0675,9.2144,0.9094,372,185.0969,8.8911,1.2604,379,170.0717,7.4492,-0.1426,0.4959089245040791,0.7754522562026978
17.1,350,256.9851,8.11,-0.0007,355,236.2675,9.7189,-0.5236,361,218.3617,10.4479,-0.1024,364,198.9936,9.3066,0.9956,372,185.9924,9.0182,1.27,379,170.8159,7.4337,-0.1035,0.4568175342498219,0.8717474937438965
17.2,350,257.7963,8.1135,0.0052,355,237.2367,9.6668,-0.5226,361,219.4061,10.4395,-0.0944,364,199.9292,9.4056,1.0479,372,186.9006,9.1466,1.2868,379,171.5587,7.4222,-0.0803,0.40881941621213175,0.9225986003875732
17.3,350,258.6083,8.1259,0.1792,355,238.2008,9.6146,-0.5253,361,220.4496,10.4298,-0.1131,364,200.8748,9.5071,0.9808,372,187.8217,9.2756,1.2833,379,172.3005,7.4143,-0.0446,0.3532274577340352,0.9607720375061035
17.4,350,259.4218,8.1459,0.2518,355,239.1596,9.5621,-0.5275,361,221.492,10.4181,-0.1378,364,201.8305,9.6064,0.936,372,188.7557,9.4032,1.2579,379,173.0418,7.4121,0.0159,0.2922826758995195,0.873012900352478
17.5,350,260.2377,8.1716,0.3017,355,240.1132,9.5094,-0.5309,361,222.5331,10.4044,-0.1575,364,202.7958,9.6999,0.8674,372,189.7022,9.528,1.2222,379,173.7833,7.417,0.1105,0.22870244150091032,0.8501013517379761
17.6,350,261.0564,8.201,0.3314,355,241.0615,9.4562,-0.5068,361,223.5728,10.3892,-0.1633,364,203.7701,9.786,0.7951,372,190.6611,9.6503,1.2001,379,174.5255,7.4285,0.1885,0.16511663203911803,0.7865395545959473
17.7,350,261.878,8.2323,0.3058,355,242.0044,9.4026,-0.5081,361,224.6109,10.3736,-0.1653,364,204.7527,9.8651,0.7261,372,191.6322,9.7705,1.1785,379,175.2692,7.4457,0.2591,0.10316832175958819,0.7073144316673279
17.8,350,262.7028,8.2632,0.2913,355,242.9421,9.3501,-0.4841,361,225.6475,10.3576,-0.1727,364,205.7428,9.9383,0.6777,372,192.6151,9.8883,1.1544,379,176.015,7.4695,0.3145,0.04334291419575027,0.633010983467102
17.9,350,263.5305,8.2917,0.2609,355,243.8747,9.3026,-0.4154,361,226.6823,10.3401,-0.1958,364,206.7401,10.0069,0.6362,372,193.6097,10.0035,1.1231,379,176.7636,7.503,0.4437,-0.014871259370080714,0.5829880237579346
18.0,350,264.361,8.3174,0.2353,355,244.8031,9.2647,-0.1728,361,227.7153,10.3195,-0.2513,364,207.744,10.0704,0.5823,372,194.6157,10.116,1.095,379,177.5162,7.5488,0.5946,-0.07291051252060259,0.5338771343231201
18.1,350,265.1939,8.3416,0.2494,355,245.7283,9.24,-0.0946,361,228.746,10.2946,-0.308,364,208.7538,10.1273,0.494,372,195.6328,10.2256,1.065,379,178.274,7.6078,0.7449,-0.13095477279035012,0.46998003125190735
18.2,350,266.0294,8.3666,0.2695,355,246.6518,9.2294,-0.0208,361,229.774,10.2639,-0.3797,364,209.769,10.1761,0.4158,372,196.6606,10.3321,1.0335,379,179.0384,7.6793,0.8283,-0.1882054302287394,0.37508416175842285
18.3,350,266.8674,8.394,0.2993,355,247.5748,9.2305,0.0326,361,230.7984,10.2258,-0.4738,364,210.7887,10.2174,0.3529,372,197.699,10.4352,0.9961,379,179.8113,7.7779,0.9146,-0.24396617723001943,0.32066333293914795
18.4,350,267.7083,8.4241,0.3254,355,248.4983,9.2392,0.1255,361,231.8186,10.1783,-0.5538,364,211.8122,10.253,0.3103,372,198.7475,10.5348,0.96,379,180.5934,7.8655,0.9587,-0.29946108415825357,0.2512296736240387
18.5,350,268.5523,8.456,0.3113,355,249.4228,9.2519,0.1567,361,232.8335,10.1196,-0.6737,364,212.8391,10.2846,0.2846,372,199.8058,10.6306,0.9217,379,181.3845,7.9559,0.9762,-0.3573121157317535,0.2116604745388031
18.6,350,269.3995,8.4878,0.3003,355,250.3488,9.2676,0.1884,361,233.8421,10.0505,-0.7735,364,213.869,10.3131,0.2578,372,200.8734,10.7227,0.8863,379,182.1846,8.0471,0.9153,-0.4203173977687875,0.16703802347183228
18.7,350,270.2497,8.5175,0.2722,355,251.2765,9.2866,0.2311,361,234.8433,9.9742,-0.8242,364,214.9016,10.339,0.2346,372,201.9502,10.8116,0.8462,379,182.9939,8.1372,0.8937,-0.4893096588885814,0.12338155508041382
18.8,350,271.1028,8.5442,0.241,355,252.2063,9.3093,0.223,361,235.8368,9.8957,-0.8111,364,215.9367,10.3624,0.2114,372,203.0356,10.8979,0.8215,379,183.812,8.2247,0.864,-0.56353455869111,0.09268391132354736
18.9,350,271.9585,8.5684,0.2377,355,253.1385,9.3344,0.2321,361,236.8225,9.819,-0.7805,364,216.974,10.3834,0.1648,372,204.1296,10.9807,0.7797,379,184.6387,8.311,0.8693,-0.6406072240564937,0.06085449457168579
19.0,350,272.8165,8.592,0.2436,355,254.0731,9.3583,0.2026,361,237.8007,9.745,-0.7533,364,218.0132,10.402,0.1442,372,205.2315,11.0579,0.7121,379,185.4744,8.4013,0.9645,-0.7184454353656466,0.007340431213378906
19.1,350,273.6769,8.6169,0.2634,355,255.0099,9.3772,0.1412,361,238.7716,9.673,-0.7378,364,219.0542,10.4174,0.1127,372,206.3408,11.1275,0.6366,379,186.3195,8.5011,1.0834,-0.7964072054369514,-0.003429412841796875
19.2,350,274.5399,8.6434,0.2769,355,255.9482,9.3892,0.0864,361,239.7346,9.5875,-0.7027,364,220.0965,10.4279,0.0616,372,207.4566,11.19,0.5745,379,187.1751,8.6112,1.1764,-0.8739584439655058,-0.047671377658843994
19.3,350,275.4056,8.6706,0.296,355,256.8875,9.3957,0.0458,361,240.6899,9.5167,-0.706,364,221.1394,10.4318,0.0046,372,208.5785,11.2474,0.5384,379,188.042,8.7272,1.2048,-0.9586879606602232,-0.1082148551940918
19.4,350,276.2741,8.6979,0.2999,355,257.8273,9.4003,0.0488,361,241.638,9.4456,-0.7101,364,222.1825,10.4297,-0.0557,372,209.706,11.3018,0.5181,379,188.9206,8.8442,1.1788,-1.0311572965281883,-0.14386045932769775
19.5,350,277.1453,8.7272,0.3402,355,258.7676,9.4064,0.0767,361,242.579,9.3746,-0.7051,364,223.2252,10.4246,-0.0732,372,210.8388,11.3543,0.4827,379,189.8109,8.9614,1.1899,-1.1006080220683157,-0.2092198133468628
19.6,350,278.0198,8.7624,0.429,355,259.7087,9.415,0.0716,361,243.513,9.3051,-0.6236,364,224.2674,10.4187,-0.0749,372,211.9767,11.4045,0.4568,379,190.713,9.0815,1.2385,-1.1699588502989458,-0.2042589783668518
19.7,350,278.8983,8.8071,0.5227,355,260.6506,9.4242,0.066,361,244.4402,9.2397,-0.5719,364,225.3089,10.4119,-0.0929,372,213.1195,11.451,0.4153,379,191.6274,9.2064,1.2874,-1.2408987333512356,-0.22395873069763184
19.8,350,279.7817,8.8621,0.6276,355,261.5934,9.4312,0.0378,361,245.3613,9.1815,-0.4921,364,226.3496,10.4017,-0.1489,372,214.2666,11.4919,0.3519,379,192.5544,9.3337,1.2577,-1.3115444302635428,-0.2539787292480469
19.9,350,280.6711,8.9256,0.6982,355,262.5366,9.4338,0.0023,361,246.277,9.1334,-0.3887,364,227.389,10.3859,-0.2303,372,215.4175,11.525,0.2237,379,193.494,9.4583,1.2046,-1.3763682910804158,-0.2935367822647095
20.0,350,281.5671,8.9941,0.7333,355,263.48,9.4328,-0.0203,361,247.1886,9.0975,-0.1339,364,228.4264,10.3629,-0.3196,372,216.5712,11.5486,0.1468,379,194.4458,9.5771,1.1432,-1.4298549801341693,-0.3637591600418091
20.1,350,282.4701,9.0652,0.7365,355,264.4231,9.4306,-0.0159,361,248.0972,9.0749,-0.0719,364,229.4612,10.3327,-0.3544,372,217.7267,11.5632,0.0826,379,195.4092,9.6917,1.1207,-1.4672917367579317,-0.4053840637207031
20.2,350,283.3803,9.1384,0.7599,355,265.3661,9.4297,0.002,361,249.0042,9.0654,-0.0152,364,230.4927,10.2963,-0.4116,372,218.8835,11.571,0.0403,379,196.3841,9.8063,1.1698,-1.4867878311461655,-0.3994654417037964
20.3,350,284.2979,9.2145,0.7942,355,266.3091,9.4303,0.0077,361,249.9108,9.0673,0.0333,364,231.5202,10.2552,-0.4537,372,220.0407,11.5743,0.0202,379,197.3706,9.9238,1.205,-1.488677485998744,-0.4652688503265381
20.4,350,285.2233,9.2941,0.8344,355,267.2522,9.4301,-0.0218,361,250.8181,9.0787,0.1436,364,232.5435,10.2102,-0.4934,372,221.1981,11.5739,-0.0311,379,198.369,10.044,1.2248,-1.4752742796623552,-0.4760236144065857
20.5,350,286.1569,9.3778,0.8739,355,268.195,9.4256,-0.0953,361,251.7269,9.0961,0.1804,364,233.5621,10.1614,-0.5159,372,222.3553,11.57,-0.0789,379,199.3795,10.1659,1.2403,-1.4484880512229603,-0.5048055648803711
20.6,350,287.0991,9.4653,0.9135,355,269.137,9.4146,-0.1936,361,252.6374,9.1147,0.1682,364,234.5756,10.109,-0.5492,372,223.512,11.5633,-0.1053,379,200.4023,10.2903,1.2595,-1.4105517152724076,-0.503134548664093
20.7,350,288.0502,9.5567,0.952,355,270.0775,9.3957,-0.3015,361,253.5496,9.1302,0.1201,364,235.5837,10.0539,-0.5702,372,224.6679,11.5548,-0.1191,379,201.4378,10.4186,1.3041,-1.3650399764872232,-0.5230420231819153
20.8,350,289.0106,9.6518,0.9895,355,271.0157,9.3689,-0.3176,361,254.4631,9.1399,0.0479,364,236.5863,9.9973,-0.5806,372,225.8228,11.5422,-0.1984,379,202.4862,10.5502,1.3262,-1.3161578918503218,-0.5415325164794922
20.9,350,289.9807,9.7506,1.0213,355,271.9509,9.3358,-0.3712,361,255.3773,9.144,0.0122,364,237.5832,9.9398,-0.5841,372,226.9759,11.52,-0.3576,379,203.5478,10.6816,1.3011,-1.2674910100943004,-0.5456010103225708
21.0,350,290.9609,9.8534,1.0633,355,272.8827,9.2988,-0.399,361,256.2918,9.1447,-0.0025,364,238.5742,9.8816,-0.5914,372,228.126,11.4835,-0.5615,379,204.6223,10.8094,1.2326,-1.2198150392659584,-0.547406792640686
21.1,350,291.9516,9.9603,1.1039,355,273.8106,9.2596,-0.417,361,257.2063,9.1447,0.0019,364,239.5594,9.8226,-0.5989,372,229.2718,11.4311,-0.646,379,205.7095,10.9332,1.2038,-1.171966292943663,-0.5620607137680054
21.2,350,292.9532,10.0706,1.1315,355,274.7345,9.2184,-0.4248,361,258.1208,9.1459,0.0229,364,240.5387,9.7627,-0.6103,372,230.4116,11.365,-0.7782,379,206.8089,11.055,1.1927,-1.1221872523932492,-0.5579912662506104
21.3,350,293.9658,10.1826,1.1245,355,275.6541,9.1747,-0.4517,361,259.0355,9.1488,0.0413,364,241.5119,9.7013,-0.6183,372,231.5442,11.2871,-0.9001,379,207.9203,11.1744,1.157,-1.0691649985265366,-0.5686931610107422
21.4,350,294.9897,10.295,1.1231,355,276.5693,9.1289,-0.4641,361,259.9506,9.1531,0.0511,364,242.4788,9.6376,-0.6439,372,232.6684,11.1973,-1.035,379,209.0435,11.288,1.052,-1.0118808809159952,-0.5653181076049805
21.5,350,296.0248,10.4075,1.1263,355,277.4799,9.0832,-0.4521,361,260.8662,9.158,0.0528,364,243.4393,9.5717,-0.6631,372,233.783,11.0952,-1.0807,379,210.1775,11.3929,0.9605,-0.9496777842451336,-0.5832854509353638
21.6,350,297.0712,10.5206,1.1341,355,278.386,9.0391,-0.4525,361,261.7822,9.1627,0.0393,364,244.3932,9.5056,-0.6469,372,234.887,10.9832,-1.1586,379,211.3216,11.489,0.883,-0.8833980797335156,-0.5894591808319092
21.7,350,298.1289,10.6334,1.0687,355,279.2878,8.9957,-0.4581,361,262.6987,9.1668,0.0326,364,245.3407,9.4441,-0.5276,372,235.9794,10.8666,-1.17,379,212.4749,11.5778,0.8197,-0.8160564800631441,-0.5552158355712891
21.8,350,299.1978,10.7429,1.0154,355,280.1851,8.9497,-0.5083,361,263.6155,9.1701,0.0252,364,246.2825,9.3924,-0.4158,372,237.0604,10.7517,-1.1274,379,213.6368,11.6595,0.7132,-0.7534088872311966,-0.4210362136363983
21.9,350,300.2771,10.8448,0.9252,355,281.0774,8.8977,-0.584,361,264.5327,9.1726,0.0183,364,247.2198,9.354,-0.2843,372,238.13,10.6415,-1.0847,379,214.8064,11.7328,0.6255,-0.7013599736098504,-0.3579423725605011
22.0,350,301.3662,10.9363,0.8181,355,281.9643,8.8388,-0.6209,361,265.45,9.1742,0.0159,364,248.154,9.3298,-0.1585,372,239.1889,10.5353,-1.0607,379,215.9828,11.7957,0.5244,-0.6635884427616368,-0.232203871011734
22.1,350,302.4638,11.0162,0.6479,355,282.8449,8.7748,-0.6595,361,266.3674,9.1742,-0.0163,364,249.0858,9.3055,-0.0895,372,240.2371,10.4293,-1.0788,379,217.165,11.8474,0.4214,-0.6411448374302777,-0.12963104248046875
22.2,350,303.5688,11.0835,0.5334,355,283.7191,8.7084,-0.67,361,267.2847,9.1713,-0.0747,364,250.016,9.2993,-0.0553,372,241.2746,10.3202,-1.1226,379,218.3518,11.888,0.247,-0.6189872493033042,-0.06879991292953491
22.3,350,304.6798,11.1374,0.4126,355,284.5866,8.6421,-0.6563,361,268.2015,9.1639,-0.1581,364,250.9456,9.2929,-0.0943,372,242.3009,10.2069,-1.1402,379,219.542,11.9171,0.1658,-0.6175734777626551,-0.02995675802230835
22.4,350,305.7956,11.1776,0.2936,355,285.4476,8.5782,-0.5886,361,269.1172,9.1509,-0.1635,364,251.8743,9.2816,-0.1684,372,243.3158,10.0902,-1.163,379,220.7346,11.9348,0.0844,-0.6185531150235548,-0.07461732625961304
22.5,350,306.9147,11.2049,0.2056,355,286.3025,8.5184,-0.5415,361,270.0314,9.1323,-0.2158,364,252.8017,9.2647,-0.1608,372,244.3189,9.9728,-1.1544,379,221.9284,11.9415,0.0102,-0.6176149413079508,-0.12213310599327087
22.6,350,308.036,11.2212,0.1115,355,287.1516,8.4642,-0.485,361,270.9435,9.1099,-0.2387,364,253.7272,9.2453,-0.1616,372,245.3105,9.8582,-1.1077,379,223.1224,11.9387,-0.0856,-0.614004407291959,-0.07328593730926514
22.7,350,309.1586,11.2303,0.0643,355,287.9956,8.4161,-0.4253,361,271.8533,9.0871,-0.2254,364,254.6508,9.2285,-0.116,372,246.2909,9.7503,-0.9436,379,224.3158,11.9281,-0.1707,-0.6099860753386562,-0.1197059154510498
22.8,350,310.282,11.238,0.0865,355,288.8351,8.3741,-0.3744,361,272.761,9.0665,-0.1984,364,255.5732,9.2187,-0.0473,372,247.2611,9.653,-0.8319,379,225.5077,11.9105,-0.2572,-0.6090812139604892,-0.05203896760940552
22.9,350,311.4065,11.2517,0.2047,355,289.6707,8.3376,-0.3262,361,273.6668,9.0486,-0.1774,364,256.4949,9.2162,0.0118,372,248.2222,9.569,-0.7009,379,226.6975,11.8852,-0.3547,-0.6146230648669839,-0.020260274410247803
23.0,350,312.5329,11.2769,0.3539,355,290.5029,8.3054,-0.2921,361,274.5707,9.031,-0.1882,364,257.4166,9.2174,0.0295,372,249.1756,9.5,-0.5587,379,227.8844,11.8519,-0.3967,-0.6267690165733207,0.01923924684524536
23.1,350,313.6625,11.3145,0.4804,355,291.3319,8.2759,-0.2755,361,275.4728,9.0113,-0.2252,364,258.3383,9.2171,-0.0394,372,250.123,9.4468,-0.3372,379,229.0675,11.8112,-0.4686,-0.6433172777776623,0.03438889980316162
23.2,350,314.7963,11.3605,0.541,355,292.1581,8.2473,-0.2882,361,276.3728,8.9876,-0.2726,364,259.2598,9.2121,-0.1275,372,251.0658,9.4092,-0.2245,379,230.2463,11.7644,-0.5257,-0.6600729902063047,-0.052550554275512695
23.3,350,315.9348,11.4097,0.507,355,292.9814,8.2186,-0.2922,361,277.2702,8.9601,-0.3114,364,260.1806,9.2036,-0.0806,372,252.0055,9.3857,-0.1273,379,231.4201,11.7123,-0.5797,-0.674692098446183,-0.0975719690322876
23.4,350,317.0782,11.4593,0.5052,355,293.8018,8.1896,-0.2949,361,278.1646,8.929,-0.349,364,261.1006,9.1958,-0.0551,372,252.9435,9.3743,-0.043,379,232.5885,11.6548,-0.6307,-0.6883360387838015,-0.008910894393920898
23.5,350,318.2267,11.5094,0.5159,355,294.6193,8.1602,-0.2996,361,279.0558,8.8941,-0.3905,364,262.0199,9.1914,-0.021,372,253.8809,9.3736,0.0458,379,233.7508,11.5911,-0.6975,-0.7055895141075014,-0.05403703451156616
23.6,350,319.3802,11.5614,0.5474,355,295.4338,8.1298,-0.3177,361,279.9433,8.8553,-0.423,364,262.939,9.1894,-0.0127,372,254.8187,9.3823,0.132,379,234.9064,11.5214,-0.7579,-0.729722945591557,-0.019763946533203125
23.7,350,320.5391,11.6173,0.5784,355,296.2451,8.097,-0.3497,361,280.8266,8.8124,-0.4639,364,263.8578,9.1867,-0.0428,372,255.7577,9.3977,0.1823,379,236.0548,11.446,-0.8147,-0.7601243667039715,-0.05062633752822876
23.8,350,321.7039,11.6773,0.6189,355,297.053,8.0609,-0.3824,361,281.7055,8.7657,-0.5015,364,264.7761,9.1806,-0.0836,372,256.6984,9.4162,0.1942,379,237.1953,11.3647,-0.846,-0.7936891231016613,-0.08433043956756592
23.9,350,322.8747,11.7404,0.6376,355,297.8572,8.0228,-0.3914,361,282.5796,8.7157,-0.5334,364,265.6937,9.1713,-0.109,372,257.6407,9.4291,0.1658,379,238.3274,11.2774,-0.9057,-0.8272227894097293,-0.1001807451248169
24.0,350,324.0519,11.8033,0.618,355,298.6576,7.9857,-0.3118,361,283.4486,8.6631,-0.528,364,266.6103,9.1611,-0.1048,372,258.5844,9.4455,0.1412,379,239.4506,11.1858,-0.9321,-0.8607001295360027,-0.1402941346168518
24.1,350,325.2352,11.8626,0.5416,355,299.4546,7.9529,-0.2601,361,284.3122,8.6092,-0.5337,364,267.526,9.1526,-0.3104,372,259.5296,9.4591,0.1137,379,240.5645,11.0937,-0.915,-0.8963774219212616,-0.13139545917510986
24.2,350,326.4241,11.9158,0.479,355,300.2486,7.9268,-0.1959,361,285.1704,8.5555,-0.526,364,268.4411,9.1484,-0.0719,372,260.4761,9.4704,0.0976,379,241.6695,11.0048,-0.847,-0.9367268694471094,-0.4078950881958008
24.3,350,327.6181,11.9634,0.435,355,301.0403,7.908,-0.1332,361,286.0233,8.5032,-0.5039,364,269.356,9.1495,0.1668,372,261.4236,9.4809,0.1088,379,242.7658,10.9213,-0.7907,-0.9842100433102258,-0.01802825927734375
24.4,350,328.8167,12.0077,0.4141,355,301.8305,7.8956,-0.0917,361,286.8712,8.4539,-0.4546,364,270.2712,9.1545,0.2951,372,262.3723,9.4918,0.1164,379,243.854,10.8427,-0.7499,-1.0397059443479544,0.06501150131225586
24.5,350,330.0195,12.0495,0.3181,355,302.6196,7.8877,-0.06,361,287.7143,8.4088,-0.4112,364,271.1869,9.1606,-0.0763,372,263.322,9.5031,0.1169,379,244.9345,10.7672,-0.7287,-1.1009028794240059,0.1210397481918335
24.6,350,331.2263,12.0868,0.2668,355,303.4081,7.8818,-0.0538,361,288.5532,8.368,-0.3721,364,272.1032,9.1643,-0.0241,372,264.2729,9.5144,0.1172,379,246.0075,10.6932,-0.7335,-1.1637657475252496,-0.338336706161499
24.7,350,332.4364,12.1151,0.1766,355,304.196,7.8757,-0.0634,361,289.3881,8.3307,-0.3444,364,273.0196,9.164,0.032,372,265.225,9.5268,0.1563,379,247.0731,10.6187,-0.7502,-1.223625220448325,-0.005963683128356934
24.8,350,333.6487,12.1305,0.0652,355,304.9832,7.8687,-0.0341,361,290.2194,8.2957,-0.3405,364,273.9358,9.1611,0.0476,372,266.1784,9.5429,0.2188,379,248.1311,10.5421,-0.7762,-1.2785288189007005,-0.011153936386108398
24.9,350,334.8618,12.1322,-0.0582,355,305.7697,7.8617,-0.0299,361,291.0473,8.2623,-0.3282,364,274.8518,9.1585,-0.0245,372,267.1339,9.5659,0.3143,379,249.1814,10.4646,-0.7678,-1.3306956690580447,-0.045583367347717285
25.0,350,336.0746,12.1225,-0.1756,355,306.5557,7.8569,-0.0144,361,291.8719,8.2298,-0.3231,364,275.7676,9.1576,-0.0029,372,268.0921,9.5975,0.4221,379,250.2242,10.3904,-0.6838,-1.3843621177891607,-0.1486424207687378
