t,veh_ID0,Y0,v0,a0,veh_ID1,Y1,v1,a1,veh_ID2,Y2,v2,a2,veh_ID-1,Y-1,v-1,a-1,a0_IDM,a0_PERL
1118849283.8,1119.0,148.1971401662144,6.318426317517387,-0.8494747691257553,1128.0,132.19328958373606,6.296609102965163,0.1410208699854414,1130.0,118.84804600600522,6.068211459899193,0.1203716768314225,1113.0,160.3615183300344,4.865661302105066,-0.948304078719192,-0.8494747691257553,-0.8494747691257553
1118849283.9,1119.0,148.8247367255274,6.233504868742032,-0.8812850526531119,1128.0,132.8230801358318,6.29920193895028,0.0790598824796857,1130.0,119.45551211792169,6.081110778426174,0.1260550821477141,1113.0,160.84333833473616,4.770738791930684,-0.9841076072217952,-1.0879091131104033,-0.8812850526531119
1118849284.0,1119.0,149.44365933601975,6.14494734110308,-0.9166058517897202,1128.0,133.45300637085177,6.299322761453628,-0.0688044295303617,1130.0,120.06424420773644,6.093531017870207,0.1112194177057117,1113.0,161.31550560342384,4.672606581824249,-0.9912794973249256,-1.0929731492046815,-0.9166058517897202
1118849284.1,1119.0,150.0535613027998,6.053091994497636,-0.9482372235466572,1128.0,134.08276063581408,6.2957625377886295,-0.2333885003863918,1130.0,120.67413583033328,6.104301434068849,0.0945370919215432,1113.0,161.7777428272741,4.572137895177905,-1.008908362414564,-1.0957549510500635,-0.9482372235466572
1118849284.2,1119.0,150.65413506506874,5.958383250881161,-0.9745353883255224,1128.0,134.71196865696433,6.28839788521999,-0.107893296758649,1130.0,121.28502239137468,6.113429786759824,0.0451082606861908,1113.0,162.229885729946,4.470720158260399,-1.0101737308815808,-1.09607339974727,-0.9745353883255224
1118849284.3,1119.0,151.24512615346845,5.861438517110534,-0.9815784228549832,1128.0,135.34023615258005,6.276952027089767,-0.1596954885138688,1130.0,121.8967252866685,6.120628119116425,0.0325765224089435,1113.0,162.6719304878781,4.370175000380641,-0.9915365617446832,-1.0935800722926976,-0.9815784228549832
1118849284.4,1119.0,151.8263477502978,5.762993419481469,-0.9928040849895454,1128.0,135.9671023343724,6.260371608762745,-0.2279324157415791,1130.0,122.50899026088662,6.124671365241376,0.011058403384657,1113.0,163.1040600762265,4.2724167665876704,-0.932670701892864,-1.0878834734350173,-0.9928040849895454
1118849284.5,1119.0,152.39768315917016,5.663714757960986,-0.998296106172584,1128.0,136.5919968356318,6.237518416423958,-0.3063445172725077,1130.0,123.12144719604407,6.124467337909255,-0.0132602771321152,1113.0,163.5266295399523,4.178972507932198,-0.8847631757210996,-1.0786755439605331,-0.998296106172584
1118849284.6,1119.0,152.95906984330995,5.5640189248371055,-1.0011707414954247,1128.0,137.2142833221227,6.208211313391332,-0.3382331857491453,1130.0,123.73371946682428,6.120978077694575,-0.1058203343448005,1113.0,163.94011311421113,4.090698977243636,-0.8321031944382675,-1.0657714070054396,-1.0011707414954247
1118849284.7,1119.0,153.51047346862973,5.464053581559272,-1.003043715969964,1128.0,137.83336439297753,6.173410103706321,-0.3882098911667755,1130.0,124.34565166529018,6.117665891625998,-0.0492287594080283,1113.0,164.3450328149659,4.0076950378527405,-0.7822728367375557,-1.0490426066597154,-1.003043715969964
1118849284.8,1119.0,154.05186833191576,5.36384368416122,-1.0054162858248574,1128.0,138.44875776575287,6.134457351802624,-0.424892791279263,1130.0,124.95745351834708,6.118371169511674,0.08224402327208,1113.0,164.7418793556441,3.929235775708688,-0.7564277196978834,-1.0284445825303887,-1.0054162858248574
1118849284.9,1119.0,154.58323216541456,5.263432985816647,-1.0070682752195546,1128.0,139.0601124196303,6.092635725744229,-0.4480949867453131,1130.0,125.56959516263508,6.124461716247853,0.202864884362073,1113.0,165.1310366983839,3.8539110790896194,-0.7336401104718774,-1.0042417533168153,-1.0070682752195546
1118849285.0,1119.0,155.10454335990983,5.162790904087335,-1.0100537945476624,1128.0,139.66715761731254,6.048268227897304,-0.4849608378687238,1130.0,126.1825174514016,6.133984059082713,0.0390465169862409,1113.0,165.51274757308752,3.7803064149810304,-0.7224021580187289,-0.9771196384702785,-1.0100537945476624
1118849285.1,1119.0,155.61575767383425,5.061495374403076,-1.0293535823594469,1128.0,140.269503082855,5.998641082952413,-0.565967371582362,1130.0,126.79637602503246,6.143187413533718,0.0302113745924418,1113.0,165.8871543773446,3.707829670163573,-0.7113276906930154,-0.9477085640314802,-1.0293535823594469
1118849285.2,1119.0,156.1167618726327,4.95858860156278,-1.0517355351349134,1128.0,140.86641474827633,5.939592225479858,-0.6844795385240758,1130.0,127.4109632672054,6.148557429924909,0.0101995445978323,1113.0,166.25438866124375,3.636856007820544,-0.6836773132773545,-0.9157434818177045,-1.0517355351349134
1118849285.3,1119.0,156.60734066688428,4.852987283472824,-1.0838455136566596,1128.0,141.45693687195322,5.870850248052582,-0.7712335260096131,1130.0,128.02578568292796,6.147890884525538,-0.0152154906041772,1113.0,166.61463896254057,3.5681500181132355,-0.6578178525998835,-0.8797996245433236,-1.0838455136566596
1118849285.4,1119.0,157.0872065190464,4.744329759769072,-1.1135413431317676,1128.0,142.04035958938067,5.79760410049882,-0.7339712711257609,1130.0,128.6402006398361,6.140408253639948,-0.1241835556046191,1113.0,166.96815832238678,3.502237178812452,-0.6291406159110468,-0.8381076957670712,-1.1135413431317676
1118849285.5,1119.0,157.55610539588383,4.633647776974802,-1.0892455607836071,1128.0,142.6165433910948,5.726071933784948,-0.6916902845679712,1130.0,129.25354033161096,6.126385581856259,-0.1947096446433454,1113.0,167.31523494616803,3.439295296808248,-0.5998094479705931,-0.7899435873095155,-1.0892455607836071
1118849285.6,1119.0,158.0139495865446,4.523236036244383,-1.0730635264609454,1128.0,143.18573349774204,5.6577301991609845,-0.6703848234391768,1130.0,129.86518743497075,6.106556485339026,-0.256228959921742,1113.0,167.65619028525066,3.37981148484466,-0.5161450995492167,-0.7365027226257,-1.0730635264609454
1118849285.7,1119.0,158.46089744906203,4.415721214102876,-1.0325121613430333,1128.0,143.74808558942908,5.589311634580495,-0.6932215329618524,1130.0,130.4745918990182,6.081532795612628,-0.3128412302643145,1113.0,167.9914562484371,3.325507778887564,-0.4582885004343547,-0.6803625854957344,-1.0325121613430333
1118849285.8,1119.0,158.89733866453508,4.313103095356318,-0.9771662407339284,1128.0,144.3034850366227,5.518677309289357,-0.7158316306960009,1130.0,131.08124913452863,6.051611914596547,-0.3411736106276812,1113.0,168.32169198777137,3.2792070077952,-0.3725392720422131,-0.6238711588007061,-0.9771662407339284
1118849285.9,1119.0,159.32381627070504,4.21644902804264,-0.9027415316804916,1128.0,144.85180615584903,5.447745075237238,-0.7004171776516417,1130.0,131.68467761119228,6.016957618670397,-0.3902597177313611,1113.0,168.64781234935384,3.243200223854581,-0.2735716973783099,-0.5680866197248212,-0.9027415316804916
1118849286.0,1119.0,159.74094836982917,4.126192954441092,-0.8398015680150949,1128.0,145.39315299795177,5.379191766816591,-0.6683334708568823,1130.0,132.28441367771836,5.977763711856489,-0.4369892263357384,1113.0,168.97086021194173,3.217757027904244,-0.0663077598659765,-0.513197243058512,-0.8398015680150949
1118849286.1,1119.0,160.14938277730198,4.042495195017844,-0.7761224061081209,1128.0,145.92773426377363,5.312433549620861,-0.6645759858139523,1130.0,132.88001492731337,5.934261280040251,-0.4811979029853894,1113.0,169.29181309053098,3.2013005438803317,-0.0406985487673152,-0.4595246935403339,-0.7761224061081209
1118849286.2,1119.0,160.54976183939146,3.9650860467701863,-0.718389505941128,1128.0,146.45554401539397,5.2437614827875,-0.7170950461016475,1130.0,133.4710604847569,5.886649868828527,-0.5081892406880772,1113.0,169.61223376091877,3.2071128638778066,-0.020835502962289,-0.4078355388635777,-0.718389505941128
1118849286.3,1119.0,160.94265331807358,3.8927435268681454,-0.7018008998266921,1128.0,146.9762296645156,5.169951499641818,-0.7786150193587432,1130.0,134.05714523465605,5.835045129155755,-0.5487186483860069,1113.0,169.9327552137584,3.2033161929139067,-0.003734306213396,-0.35242942467889593,-0.7018008998266921
1118849286.4,1119.0,161.3284535697719,3.823261507102506,-0.6861364749732678,1128.0,147.4893009019736,5.091473249516914,-0.8116943619599054,1130.0,134.63788172410744,5.779684659873185,-0.5851096995246339,1113.0,170.2531509942105,3.204599416123366,0.0474214436270081,-0.3044621903618359,-0.6861364749732678
1118849286.5,1119.0,161.70733188278237,3.754304753104397,-0.6913084588624668,1128.0,147.99444898819053,5.01148847482557,-0.8091437346065683,1130.0,135.21293358209135,5.721352499803078,-0.6095813415647308,1113.0,170.57392162892592,3.210813278186884,0.1109804516967682,-0.2561390471574682,-0.6913084588624668
1118849286.6,1119.0,162.07927830613843,3.684623714014867,-0.7006044244047014,1128.0,148.49162874526107,4.9321066665848,-0.7845238055603821,1130.0,135.782075705872,5.661489975812185,-0.6012353772796798,1113.0,170.89558160435388,3.222386230370688,0.1840337506889052,-0.20528361073367382,-0.7006044244047014
1118849286.7,1119.0,162.44424741689207,3.614758501061437,-0.6762324849125518,1128.0,148.9809121334645,4.853561097485224,-0.7773821715633942,1130.0,136.34523631637737,5.6017222342942725,-0.5926402186690073,1113.0,171.21871862209665,3.2403541244874363,0.2739983803709063,-0.15072839140812855,-0.6762324849125518
1118849286.8,1119.0,162.80231840401663,3.5466612414265213,-0.6473352041321708,1128.0,149.4623800587729,4.775797408680812,-0.7689758437790055,1130.0,136.90247129190965,5.542977276352115,-0.5808050193632865,1113.0,171.54404846925908,3.2662428187616985,0.3384932361040733,-0.09290529577723676,-0.5628784894943237
1118849286.9,1119.0,163.15377119654198,3.4823946090837508,-0.601778761813826,1128.0,149.9361152360851,4.6989061375607095,-0.7600338422912027,1130.0,137.45386394750182,5.484875835495539,-0.5797858038205218,1113.0,171.87244528378992,3.3016934718523565,0.4540879511311267,-0.0333704083308338,-0.5380298495292664
1118849287.0,1119.0,163.49902559946568,3.42269344938729,-0.5585987100017873,1128.0,150.40221129797624,4.623015100265395,-0.7511154937518012,1130.0,137.99940990597165,5.426043333898953,-0.6239506712247388,1113.0,172.20492782082593,3.347957268869795,0.5802460305954964,0.02638071326858915,-0.48264092206954956
1118849287.1,1119.0,163.83847847118363,3.3663639849754152,-0.5015817579623122,1128.0,150.86078631870004,4.548485314206991,-0.7349508556562054,1130.0,138.53893129813574,5.364384509379907,-0.6667423407499043,1113.0,172.54260675301705,3.4056213749525885,0.7089681777602427,0.08597927161559,-0.4464152455329895
1118849287.2,1119.0,164.1723521721637,3.3111100346233893,-0.5029375763066243,1128.0,151.31199102856414,4.475608883080095,-0.7181488738629611,1130.0,139.07199069798892,5.296803487687225,-0.7479189526045783,1113.0,172.88660893968074,3.474422358320812,0.7605815615721225,0.14640687438019348,-0.37922489643096924
1118849287.3,1119.0,164.50174611654137,3.276768852932337,-0.5140115367148401,1128.0,151.75595996262183,4.403769798069164,-0.7142669755978405,1130.0,139.5978732934132,5.220848420795458,-0.8420347130054056,1113.0,173.23797004608284,3.5527997697222515,0.8466473977180832,0.20904128847947193,-0.3869183659553528
1118849287.4,1119.0,164.82656068271535,3.2195224705483074,-0.519870998808818,1128.0,152.19270679654417,4.331166880378526,-0.7381639806232797,1130.0,140.11581464775998,5.13797866614048,-0.860888237047292,1113.0,173.5975000376112,3.637800060846359,0.896392171974133,0.25898386995130473,-0.39273664355278015
1118849287.5,1119.0,165.1456629961426,3.1625237979961525,-0.5138695071957409,1128.0,152.62205555679154,4.255808324569996,-0.7742309344552729,1130.0,140.62536219461467,5.052972270951609,-0.8551960917783545,1113.0,173.96570379544838,3.7262750958943394,0.917901461366244,0.32614181959467686,-0.36488842964172363
1118849287.6,1119.0,165.4591948933298,3.1081141457452355,-0.4771347197736994,1128.0,153.0437126594733,4.177333729066801,-0.8007007760649876,1130.0,141.1264698115831,4.969180068417752,-0.8363764696346342,1113.0,174.3428462811222,3.8165746175838655,0.936548475554169,0.39241771390578534,-0.3645555078983307
1118849287.7,1119.0,165.76757300586704,3.0594481050010063,-0.409256758432267,1128.0,153.45747203387145,4.09785375889256,-0.7944081196990062,1130.0,141.61920364264455,4.88549655281447,-0.8530019517035397,1113.0,174.72913892423176,3.9092782446054097,0.9700416784441472,0.4555963313832635,-0.3207014203071594
1118849287.8,1119.0,166.07152641043723,3.0196199864050977,-0.3161629464900757,1128.0,153.8633855467808,4.020416499294288,-0.7414320444243165,1130.0,142.1033500898416,4.797432391124115,-0.9375784435598086,1113.0,175.12492512680348,4.006445806829054,1.0283560474670113,0.5139567609285522,-0.2633155584335327
1118849287.9,1119.0,166.3720514799981,2.9908814048069723,0.1062823954546932,1128.0,154.2617434583307,3.946741731706754,-0.7016060740645079,1130.0,142.5782724397799,4.701014607641622,-1.0357459227727013,1113.0,175.53073900870845,4.109831831274951,1.0979337494113537,0.5665659155056314,-0.17701685428619385
1118849288.0,1119.0,166.67032232701888,2.974535535612656,0.0463767360891167,1128.0,154.6529109867647,3.8766088369752727,-0.6720588015969766,1130.0,143.04313290239597,4.596194644682831,-1.1095407610089396,1113.0,175.94722373090596,4.21986261267154,1.1628345617920652,0.6131700596504165,0.3091621398925781
1118849288.1,1119.0,166.96759565797888,2.970931083583736,-0.0127136429929459,1128.0,155.0371952626641,3.8090766810108274,-0.6506664471075846,1130.0,143.49725881367394,4.486323580874472,-1.1391237439919333,1113.0,176.37502962981475,4.336255365505026,1.2264769879773558,0.6538835538695414,-0.0005047321319580078
1118849288.2,1119.0,167.2651089543676,2.979334844191732,-0.0657716783360895,1128.0,155.4148411048435,3.743840162574946,-0.6402074441101608,1130.0,143.9403366679172,4.375233503990777,-1.0979283067166896,1113.0,176.8147914579305,4.458981196811064,1.2928400575950854,0.6891649938391377,0.11240607500076294
1118849288.3,1119.0,167.56399063586858,2.998298785828451,0.2694085135962858,1128.0,155.78608464666257,3.681030673808724,-0.6157404449489754,1130.0,144.37236405804325,4.265314298531481,-1.0792218989263136,1113.0,177.26716146421666,4.588418928908198,1.364258951979992,0.7198987572613575,0.06651192903518677
1118849288.4,1119.0,167.86523741236573,3.0266367441118764,0.3709887988064109,1128.0,156.15114346903044,3.620145773551133,-0.601723085740395,1130.0,144.7934991186203,4.157386913010073,-1.0584766825054135,1113.0,177.73280759409218,4.724503668605992,1.3822779872811075,0.7471659601807311,0.4971771836280823
1118849288.5,1119.0,168.16977571349824,3.0641292785409413,0.4762888364909862,1128.0,156.51012512130436,3.5594872719272663,-0.6112133441600566,1130.0,145.20394876686584,4.051606051900661,-1.0367060706370117,1113.0,178.21230633544198,4.865471158389961,1.4163223230169246,0.7717326506659393,0.39252394437789917
1118849288.6,1119.0,168.47855084012446,3.1113732539855525,0.5913574137909432,1128.0,156.86294707143475,3.496951730678985,-0.6321045482643751,1130.0,145.60392907986667,3.948000208112224,-1.032653099822315,1113.0,178.70596201814195,5.007642495605682,1.4061777375082416,0.7936988741561583,0.5019967555999756
1118849288.7,1119.0,168.79257465992865,3.169103142096915,0.6652968922676152,1128.0,157.20938457417867,3.4317983241955985,-0.6561365499433276,1130.0,145.9936277090163,3.845972374881137,-1.0225382666994152,1113.0,179.21369248047506,5.146966751058224,1.3597997594239066,0.8126258621096197,0.6572675704956055
1118849288.8,1119.0,169.11290613481572,3.237526355641781,0.7770004432115555,1128.0,157.5492249779892,3.3650097520159665,-0.6644357457562616,1130.0,146.37311748235345,3.7438230918612594,-1.0350995161535292,1113.0,179.7350888904944,5.280961449328999,1.2932057745005654,0.8280077505528133,0.734097421169281
1118849288.9,1119.0,169.44058139824477,3.315978912939634,0.8767060766961945,1128.0,157.8824274556641,3.299039801481872,-0.6399504116499874,1130.0,146.7422878456162,3.639584173396623,-1.0646307094103014,1113.0,180.2696016464931,5.40929367064296,1.2405103751268456,0.8396940991704164,0.839455246925354
1118849289.0,1119.0,169.7765301762124,3.4029966464124097,0.9575463447414626,1128.0,158.20926389599384,3.237689005117579,-0.4583999635917145,1130.0,147.1008924567313,3.5325080489036607,-1.0642698217207436,1113.0,180.8167190540985,5.533054481470937,1.2029505256139217,0.8480018335101486,0.9235885143280029
1118849289.1,1119.0,170.12151791442247,3.496758117788589,0.9821465869780432,1128.0,158.53035607747128,3.1841546244280883,-0.3882503148672681,1130.0,147.4487045862913,3.423734542299258,-1.07067270366402,1113.0,181.37606070598875,5.653778556332541,1.1805548403331327,0.8535703559381727,0.9679005742073059
1118849289.2,1119.0,170.47613763933512,3.595636380465958,1.0270152199061129,1128.0,158.8475657640366,3.160039106876116,-0.3184809754716453,1130.0,147.78569023751268,3.315978482128548,-1.0442999804755744,1113.0,181.94738381384968,5.772683600886457,1.1733320506841534,0.8571251281142596,1.0108834505081177
1118849289.3,1119.0,170.8408470017483,3.6985508678013264,1.06416085591068,1128.0,159.1617561358203,3.123768328797376,-0.2514098560159336,1130.0,148.11211119358305,3.2124406392790594,-0.9878800106501284,1113.0,182.5305320847748,5.890281817615638,1.1609827319694077,0.8592596711885087,1.0378713607788086
1118849289.4,1119.0,171.21601684382594,3.8048459737488254,1.0957078689802633,1128.0,159.4727462969662,3.096034894122918,-0.1356174427901939,1130.0,148.42852301540978,3.115795797252616,-0.8729658826789668,1113.0,183.1253705411915,6.006487310717604,1.1456866029761277,0.8603139686841798,1.1039221286773682
1118849289.5,1119.0,171.6019422010616,3.9136611709661135,1.0804228065696,1128.0,159.78139211601825,3.07688148691813,-0.0857806938193289,1130.0,148.73572935993852,3.0283310933202,-0.7756723055326267,1113.0,183.7317431190417,6.120964246282696,1.1266710091960537,0.8604293977809186,1.0962727069854736
1118849289.6,1119.0,171.99878776998682,4.023250207534617,1.076610084966021,1128.0,160.08855479278185,3.066372048351497,-0.0357000479924054,1130.0,149.0347275399055,2.95163250602339,-0.6700333827541185,1113.0,184.34945887337415,6.233350840369032,1.0965342641363212,0.8597604527875761,1.0653425455093384
1118849289.7,1119.0,172.40650439700516,4.131082332835899,1.0458416521991467,1128.0,160.3951030942414,3.064593980841141,0.0151470033381754,1130.0,149.3265585081839,2.884986859541416,-0.5861825869830162,1113.0,184.97829183669035,6.343308425955774,1.0709746905689268,0.8586837301456923,1.0749692916870117
1118849289.8,1119.0,172.82480258887213,4.234881504504786,0.9972297572661384,1128.0,160.7019247820833,3.071839775996563,0.1329320002258962,1130.0,149.61207337023365,2.825310381457743,-0.5358290370508489,1113.0,185.6179828667205,6.45051217464577,1.042250004422527,0.8577840467955647,1.0329326391220093
1118849289.9,1119.0,173.25323024415076,4.333671601066205,0.958899319278741,1128.0,161.00993644087623,3.088393399861828,0.2378100629582054,1130.0,149.89183030436357,2.76982830113852,-0.5044468033627744,1113.0,186.26824038859309,6.554638262808549,1.0103071457449777,0.8575865764318614,0.9940042495727539
1118849290.0,1119.0,173.69132770985695,4.428277713057372,0.926129456383685,1128.0,161.32003890883828,3.113655959379096,0.3279810600589078,1130.0,150.1662519361236,2.718604334061947,-0.455990424176333,1113.0,186.9287401742766,6.655357450856303,0.9661099693284032,0.8582803396546677,0.9312728047370911
1118849290.1,1119.0,174.13878475310077,4.520863151820815,0.9186373626216876,1128.0,161.63298568742346,3.145279612324278,0.3802758408905594,1130.0,150.43587475129834,2.673851969435068,-0.3831057931043545,1113.0,187.5991253389316,6.75234584224784,0.9281354577890336,0.859586361835491,0.9277358651161194
1118849290.2,1119.0,174.59549671934045,4.613376172967489,0.9246865338428394,1128.0,161.9492366516601,3.1797396724099123,0.3603300661302984,1130.0,150.70143600855457,2.637373175688312,-0.1750029335435078,1113.0,188.27900710978983,6.845289574914435,0.8871151929015202,0.8608853063074172,0.9003735780715942
1118849290.3,1119.0,175.0614908714025,4.706506868278903,0.9339882479955984,1128.0,162.26893144573594,3.21415620910484,0.3490966240098158,1130.0,150.96378944771575,2.6096956075338698,-0.1268534382984392,1113.0,188.96796492633945,6.933866756079026,0.842853909180222,0.861618685962026,0.8996522426605225
1118849290.4,1119.0,175.5368207401734,4.800090507136316,0.9367642045541564,1128.0,162.59201558939262,3.2475266640304867,0.3387672245878533,1130.0,151.22481080573652,2.610731552883009,-0.0797813607120167,1113.0,189.6655472093322,7.017778903776225,0.7926523967589427,0.8615445588570545,0.8778189420700073
1118849290.5,1119.0,176.02151580757587,4.893810840910351,0.9367208020363051,1128.0,162.91847761087226,3.2817137655648185,0.3659301277913648,1130.0,151.48533577334595,2.599767799302432,-0.0388760341043794,1113.0,190.37128067174328,7.096890344441989,0.7459388480432938,0.8606348252419492,0.8625304698944092
1118849290.6,1119.0,176.51557739061678,4.987420819909363,0.9345581943094744,1128.0,163.24862090298365,3.321152076661825,0.445513179203569,1130.0,151.745090253262,2.595321799022479,-0.024121602331757,1113.0,191.0846947062546,7.171390345786072,0.7029672626418684,0.8589186846380851,0.9042489528656006
1118849290.7,1119.0,177.0189839322705,5.080710013168449,0.9285936147514672,1128.0,163.58315972064318,3.3696242765273614,0.550296204247339,1130.0,152.0046267184017,2.595407503772838,0.0265426060063801,1113.0,191.8053532193996,7.241779917116518,0.6659975452665544,0.8564527823560072,0.881827712059021
1118849290.8,1119.0,177.53169443908726,5.173500123164593,0.9228773649127304,1128.0,163.9229814403625,3.4268101178608505,0.6245256020336263,1130.0,152.2643145153451,2.598348435091924,0.0565333670324778,1113.0,192.53286894070808,7.30853450904729,0.6217633531087291,0.853330790648599,0.8897637724876404
1118849290.9,1119.0,178.05365851882763,5.265781471644899,0.9184421322046584,1128.0,164.2687123655174,3.4878083852375945,0.6286184103394782,1130.0,152.52437157892106,2.602792836426357,0.0690129056864533,1113.0,193.26687578970467,7.37160247088606,0.5844203035407769,0.8496390103248347,0.8463264107704163
1118849291.0,1119.0,178.5848363039841,5.357774231480073,0.917119062637171,1128.0,164.6204051555916,3.546047416244237,0.5257115327277441,1130.0,152.78491714707553,2.6081185266618334,0.0705079603166038,1113.0,194.0069685776477,7.4302532879757885,0.537284837392679,0.8453480303575606,0.8824925422668457
1118849291.1,1119.0,179.12519567708904,5.449413230619041,0.8796390195690627,1128.0,164.9775666609839,3.59718269160129,0.446868990286774,1130.0,153.0460699819598,2.6149381710222173,0.0962995916507014,1113.0,194.7526590547321,7.483556253715054,0.4821418929328561,0.840266658684639,0.858285129070282
1118849291.2,1119.0,179.67463643035532,5.539401834707331,0.8533910243080274,1128.0,165.33947512656823,3.640986620087147,0.3862710950923683,1130.0,153.30804640324976,2.6245902547807978,0.1397890338068772,1113.0,195.50339164480516,7.531095547744785,0.424470412426288,0.8342342129171267,0.8100102543830872
1118849291.3,1119.0,180.2328612224303,5.625094006795349,0.79689692335123,1128.0,165.7055361810496,3.680234469539119,0.3602134731563891,1130.0,153.57121338620874,2.638749404401409,0.2065417953890671,1113.0,196.2586102412018,7.573276380189718,0.3773638662915454,0.8274764905776635,0.8095047473907471
1118849291.4,1119.0,180.79930529032669,5.703787351130204,0.718605304594298,1128.0,166.07544560079504,3.7179539253705673,0.3831923783024015,1130.0,153.83612247466775,2.65943236477816,0.2728653104671339,1113.0,197.01782446336455,7.61100806306582,0.3398945416181912,0.8207147830410425,0.7392812967300415
1118849291.5,1119.0,181.3732079807731,5.774266457801326,0.6423920429481305,1128.0,166.44912130459164,3.7555601505605054,0.384113274710383,1130.0,154.10350929326518,2.6883040071674573,0.3708283758807387,1113.0,197.78063303158427,7.645163301323722,0.3093776335743534,0.8148094809159462,0.6720129251480103
1118849291.6,1119.0,181.95378499096347,5.837273746004816,0.5780287037269201,1128.0,166.82656335137492,3.7932807851061017,0.3855267510006552,1130.0,154.37422450471425,2.726000221816532,0.4696092771506538,1113.0,198.54670150630724,7.676206193135816,0.2624604340958328,0.8102604039050247,0.6113455295562744
1118849291.7,1119.0,182.54038848342236,5.894796103168802,0.5361515773514556,1128.0,167.20782439991413,3.831940185678738,0.4032675630165634,1130.0,154.6491435510865,2.7723807056287786,0.5644442829879763,1113.0,199.3157119098396,7.704001877512983,0.2315327960339575,0.806988613715398,0.5529717803001404
1118849291.8,1119.0,183.13257641116704,5.948962451727725,0.5130244376428059,1128.0,167.59309960530177,3.873563922073578,0.4432027640235653,1130.0,154.92912294083948,2.827207089426809,0.6200670177755329,1113.0,200.0873014334905,7.727788595504624,0.1912118824360235,0.8044732277391826,0.517546534538269
1118849291.9,1119.0,183.7300858404518,6.001226133968249,0.5051365107982148,1128.0,167.9827698499154,3.9198409701993273,0.4950763306824038,1130.0,155.21500750441194,2.8904841820240508,0.7095480592722244,1113.0,200.8610108543804,7.74639982229375,0.1395524158445362,0.802037937969074,0.491973340511322
1118849292.0,1119.0,184.33275261842456,6.052109425486177,0.4919734508833518,1128.0,168.3772689719278,3.970141470045492,0.5247792860945606,1130.0,155.50763947402842,2.96215521030624,0.7964452770218762,1113.0,201.63626494279384,7.758681945976849,0.2523154383008391,0.7991073488659365,0.48018378019332886
1118849292.1,1119.0,184.9404307193296,6.101452592616388,0.4749562036003884,1128.0,168.7768574401529,4.021627894456436,0.5191212573163823,1130.0,155.80782238240715,3.041502957268708,0.8708557376215158,1113.0,202.4123927585402,7.763874368945734,0.0434325928214586,0.7953433192606918,0.472450315952301
1118849292.2,1119.0,185.55294357140335,6.148804448855743,0.4529516842710808,1128.0,169.18152792917004,4.07178188588525,0.490178738961746,1130.0,156.1162424652003,3.1268986985959173,0.8828929340473635,1113.0,203.18868066354256,7.761883731105275,-0.1568145775939091,0.790641969983511,0.4499729573726654
1118849292.3,1119.0,186.1700701897923,6.193727918923553,0.434124096277628,1128.0,169.59113475551828,4.12035464108334,0.4796392502734412,1130.0,156.43339669953906,3.216185988177364,0.9107105518347272,1113.0,203.96445281838857,7.75355936581128,-0.3173214203399113,0.7850788358943305,0.4403811991214752
1118849292.4,1119.0,186.7915611977971,6.236092241175872,0.4091688878241528,1128.0,170.0055839405644,4.168629059836031,0.4842220652994179,1130.0,156.7595759248224,3.307398517488034,0.9215671586281252,1113.0,204.7391729441437,7.740843149295713,-0.1260298268960067,0.7788786534713298,0.4272221028804779
1118849292.5,1119.0,187.41718609773991,6.27640575768021,0.393301299946055,1128.0,170.42488589122465,4.217409953373526,0.4897516755491913,1130.0,157.09490312003518,3.3991453867672785,0.9214443755939506,1113.0,205.5125386344642,7.726470657113887,-0.1274837831230322,0.772368339923601,0.3990494906902313
1118849292.6,1119.0,188.04680737511123,6.316019789743081,0.3952451356998306,1128.0,170.84906444183827,4.266161058893645,0.4850919352477802,1130.0,157.43938839940373,3.490560200606343,0.9157846176211843,1113.0,206.28452640410904,7.713284735781469,-0.1051001331603695,0.7658418500862135,0.3898976743221283
1118849292.7,1119.0,188.68045395764332,6.356911860898314,0.4384415506612115,1128.0,171.27807043663657,4.313958837076134,0.4721427893730406,1130.0,157.7929856788139,3.581385387597648,0.9104825990174938,1113.0,207.0553671628093,7.703530438226614,-0.0669540349720367,0.7593878474186944,0.3905807435512543
1118849292.8,1119.0,189.318351923955,6.40104746533875,0.4814420823312599,1128.0,171.71180991618172,4.360830753823107,0.4665499286942215,1130.0,158.15566295523618,3.672160140845187,0.9147705212468512,1113.0,207.8254580032948,7.698286371480548,-0.0339700774014098,0.7528233050742826,0.43695372343063354
1118849292.9,1119.0,189.9608905429529,6.449724914617256,0.5331036445224627,1128.0,172.15024200724548,4.407811067453219,0.4743136279464821,1130.0,158.5274694647974,3.7639700503778175,0.9312970013897732,1113.0,208.59523626806072,7.69727892384038,0.010339106754791,0.7457673919729751,0.4623832106590271
1118849293.0,1119.0,190.6085344804696,6.503153835717777,0.5804732662716515,1128.0,172.59343110496894,4.455970887019777,0.4974744394418587,1130.0,158.90855765104277,3.857793674533872,0.9573257986157282,1113.0,209.36505890115845,7.699173738113533,0.0341061812027585,0.7377872985288731,0.5134146809577942
1118849293.1,1119.0,191.2617050680192,6.560257915276969,0.5712253861008673,1128.0,173.04151372610403,4.50568153568136,0.5129009980118,1130.0,159.29914511986345,3.953955701876824,0.9804307801450348,1113.0,210.1351061186036,7.701770610788409,0.0268067829119568,0.728563238753253,0.5559431314468384
1118849293.2,1119.0,191.92065984906537,6.618837705646664,0.5726572083478931,1128.0,173.49465318173023,4.557107576842178,0.5323400164062027,1130.0,159.6994488246255,4.052118393366959,0.9976410895902306,1113.0,210.90529537768444,7.702014570827365,-0.0229653875627312,0.717983989115688,0.5382184386253357
1118849293.3,1119.0,192.5854143743917,6.676252800874663,0.5484824829258552,1128.0,173.9530459914702,4.610748617957748,0.5579211618693263,1130.0,160.109639709792,4.151699309963651,1.0090093688707198,1113.0,211.67522521803735,7.696582236229603,-0.1158246691183694,0.7061151532293534,0.5624779462814331
1118849293.4,1119.0,193.25574769535737,6.730413618440493,0.5091112046531788,1128.0,174.4168851497979,4.666034548592706,0.5480851178069167,1130.0,160.52983639420304,4.252234378256059,1.0180109553826582,1113.0,212.44421045862956,7.683122575617995,-0.2280545646764312,0.6931102794976355,0.529053807258606
1118849293.5,1119.0,193.9312886534535,6.78040554347975,0.4584355140562243,1128.0,174.88622435380586,4.720749531571168,0.5292373280059083,1130.0,160.9601237259829,4.353512257338381,1.025128503836612,1113.0,213.21142678300885,7.661203911964031,-0.3319427101907525,0.6791341692090147,0.4937753677368164
1118849293.6,1119.0,194.6116267446916,6.826356281286203,0.4222401960315192,1128.0,175.3609209656906,4.773182706119148,0.5031569590950086,1130.0,161.4005825949452,4.45566512190755,1.0356625629256009,1113.0,213.97609377049076,7.632135837672549,-0.3321624862294113,0.6643402772443088,0.4418492019176483
1118849293.7,1119.0,195.29638637470663,6.868836319014909,0.3919172947327888,1128.0,175.84075441187915,4.823486217653483,0.487304869258134,1130.0,161.85133477914778,4.559378562145889,1.0566109337382534,1113.0,214.7375937952056,7.597864656627931,-0.3759658939085889,0.6488810346983673,0.40881484746932983
1118849293.8,1119.0,195.9852352587288,6.908141361424296,0.3613893503033428,1128.0,176.32556937156244,4.872812976009319,0.4876085234867308,1130.0,162.31259249094717,4.665775673844355,1.0685585118124326,1113.0,215.4954872113578,7.56000366641594,-0.4063369288144637,0.6328982986876895,0.3764803111553192
1118849293.9,1119.0,196.67783251574943,6.94380377899214,0.2903086529764855,1128.0,176.8152909605364,4.921618803472369,0.4806790975712979,1130.0,162.7846488715063,4.775351937338512,1.0988993176634176,1113.0,216.24947310084,7.519714123225028,-0.4261458770498911,0.6165792869862614,0.3384745121002197
1118849294.0,1119.0,197.37375637564867,6.974673418992539,0.2429266839308816,1128.0,177.30984118852928,4.969385756385557,0.4669976780454876,1130.0,163.26774253953542,4.886521423242743,1.100073023045903,1113.0,216.99936254295463,7.478074719072313,-0.4219753113033003,0.6003084537394717,0.2559719681739807
1118849294.1,1119.0,198.07246473700772,6.999493808186255,0.1858152318705065,1128.0,177.80911735412786,5.016137555588757,0.460538863874644,1130.0,163.7618416193128,4.995460172306288,1.0547745421263686,1113.0,217.74507243295287,7.436123080888107,-0.4203903144138013,0.584733481756509,0.23505899310112
1118849294.2,1119.0,198.77331098848987,7.017431221459043,0.124031679516773,1128.0,178.31304400152266,5.062395392307117,0.4553097482681686,1130.0,164.26651493859387,5.098006213309168,0.949287598352178,1113.0,218.4865987011228,7.394402282513746,-0.4173401759608093,0.5705877506593193,0.16527682542800903
1118849294.3,1119.0,199.47558814975403,7.028112003821591,0.1290727466345638,1128.0,178.82156799032623,5.108084383763374,0.4473980957013931,1130.0,164.7810136008577,5.191967031970137,0.8628366034050488,1113.0,219.22395039607107,7.35263161645296,-0.4213916298967401,0.5583995236419974,0.11069187521934509
1118849294.4,1119.0,200.1785664124552,7.031453250203246,-0.0058699256959861,1128.0,179.3346160100292,5.15287601029345,0.4375799115626816,1130.0,165.30450308875913,5.277822726058943,0.7929725235718866,1113.0,219.95708022568945,7.309964975914824,-0.4427384089174854,0.5483784653232884,0.131526380777359
1118849294.5,1119.0,200.88153552059103,7.027928912512986,-0.1240840782250642,1128.0,179.85208581841746,5.196520157474739,0.4247265817121339,1130.0,165.83627618508729,5.357639200502008,0.7463644798558802,1113.0,220.6858583872941,7.265598256178378,-0.4632795178596943,0.5405008046595549,-0.06348258256912231
1118849294.6,1119.0,201.58389414856663,7.019243647001124,-0.1961704284588461,1128.0,180.373856667593,5.23889682603157,0.4124895087515652,1130.0,166.37581576180375,5.433152333827677,0.6998359704425491,1113.0,221.4100985283576,7.21920456508944,-0.4841314258747931,0.5345201777358342,-0.12027710676193237
1118849294.7,1119.0,202.28527667267903,7.008406835247085,-0.0751019048611878,1128.0,180.89984005885327,5.2807709991797385,0.4147501989805653,1130.0,166.92269123433817,5.504357116862499,0.6537985264647546,1113.0,222.1296029436907,7.170883741572582,-0.5026337125653259,0.5297969658332984,-0.18347018957138062
1118849294.8,1119.0,202.98562875482352,6.998634807641674,-0.0579303286212659,1128.0,181.43004073958664,5.323242615482321,0.4242922182327437,1130.0,167.47639582043158,5.569734605004372,0.5890565107689046,1113.0,222.8441814642389,7.120686669393099,-0.5291305152392863,0.5252521093544477,-0.031006813049316406
1118849294.9,1119.0,203.6851717709538,6.992225514962028,-0.0293230597896857,1128.0,181.9644851001658,5.3656445961022685,0.4133745204315876,1130.0,168.03627718938563,5.627892774076086,0.5165560699747469,1113.0,223.55362251676297,7.068134381085866,-0.5577756991714251,0.5196761667833988,-0.10629063844680786
1118849295.0,1119.0,204.3842953758217,6.990246582396507,0.0023827123271557,1128.0,182.5030367035045,5.405387470671214,0.3532224728378141,1130.0,168.60162568016912,5.679077041592751,0.474953574739543,1113.0,224.25763974151627,7.012210113978322,-0.5988710504471328,0.5120506056203307,-0.06566429138183594
1118849295.1,1119.0,205.0834281837992,6.992409577152571,0.0326515863862562,1128.0,183.0453159251262,5.440196961761771,0.3001604347460789,1130.0,169.17184224683874,5.725254291800597,0.4384235874514097,1113.0,224.9558492126227,6.951979308149466,-0.6468451545569831,0.5016610763926627,-0.015716195106506348
1118849295.2,1119.0,205.78290234256568,6.997073598178333,0.0439530320783584,1128.0,183.59082696234185,5.470023782553557,0.2596964974398682,1130.0,169.7465531633964,5.76896403935322,0.4261468449589788,1113.0,225.6478193994025,6.887424427451622,-0.6651089529700327,0.4882814191766733,0.025044113397598267
1118849295.3,1119.0,206.48285362594305,7.001952069366315,0.0361738417035249,1128.0,184.13914824854584,5.496401941525943,0.2354281845395739,1130.0,170.3256111811289,5.812196315295546,0.4289792904769224,1113.0,226.33317788224065,6.819745229312052,-0.6874887741650948,0.47238580723561296,0.02026572823524475
1118849295.4,1119.0,207.1832057471686,7.0050903551465655,0.0153712056924241,1128.0,184.6899802571034,5.520238229627525,0.2065486944166504,1130.0,170.90901736546127,5.855927371355453,0.4274075725146078,1113.0,227.01170655350091,6.750828195891987,-0.6898476205806949,0.4550037251187485,0.011202752590179443
1118849295.5,1119.0,207.88372149211287,7.005224543738629,-0.0188828531266315,1128.0,185.2430632576979,5.541421782264013,0.180875138927467,1130.0,171.49681202671226,5.899965853663022,0.4264738734221876,1113.0,227.6833672073291,6.682384880668158,-0.6780213133630076,0.437269245634359,-0.013929486274719238
1118849295.6,1119.0,208.58407117045888,7.001769023181186,-0.0625091379615717,1128.0,185.7981201126728,5.5597153172330405,0.1536934560923647,1130.0,172.08896242838563,5.943042179802409,0.4087519046295692,1113.0,228.3482553394296,6.6153777613437565,-0.6662438703322086,0.4200909273342923,-0.036059558391571045
1118849295.7,1119.0,209.28390873395625,6.99498224676459,-0.0973478897807878,1128.0,186.35484819804572,5.5748463902222944,0.1230371943658568,1130.0,172.68528401856375,5.983389623760528,0.3735623800950054,1113.0,229.0065138447073,6.549792344211373,-0.6546182468738875,0.4039958980351555,-0.08854183554649353
1118849295.8,1119.0,209.98295291909344,6.985901455981906,-0.1165427904143876,1128.0,186.9129232014573,5.586653678007774,0.1125818178147652,1130.0,173.28543084697276,6.019546944421592,0.3042011570383302,1113.0,229.658234759916,6.484625959962213,-0.6578047281345246,0.38895775669375726,-0.10188013315200806
1118849295.9,1119.0,210.6810328057231,6.975696276610279,-0.1096759266780791,1128.0,187.47204210866064,5.595724466059191,0.0884483878033732,1130.0,173.88894451497822,6.050726415689204,0.2573291975903344,1113.0,230.3033831514645,6.418341871010494,-0.6771283392749112,0.3743670233548831,-0.13216140866279602
1118849296.0,1119.0,211.3780642955791,6.964933520511247,-0.1148519551827596,1128.0,188.0320325618658,5.604084598045665,0.0968319916646241,1130.0,174.49530835275644,6.076550339874252,0.2077498020206407,1113.0,230.9417901571592,6.349798242882184,-0.7561263129370221,0.3593778099610763,-0.11975514888763428
1118849296.1,1119.0,212.07398428897423,6.953466347394574,-0.1243711645387337,1128.0,188.5929818840779,5.614901846195672,0.1429039174426336,1130.0,175.10397861329045,6.096854870805663,0.1579270356853702,1113.0,231.57198449768916,6.254088567712423,-0.7787019934508664,0.3434446539967445,-0.14096170663833618
1118849296.2,1119.0,212.76870374494908,6.9409227720997375,-0.137307383780485,1128.0,189.1552634908616,5.630730289480312,0.1981558498324044,1130.0,175.71443474001347,6.112267663655068,0.1416826748855145,1113.0,232.193791168879,6.182044856086911,-0.7873769811611814,0.32063013634795406,-0.15393966436386108
1118849296.3,1119.0,213.46210366523377,6.927075633592293,-0.1509730652367569,1128.0,189.71943332941223,5.652666481531864,0.2652342016867081,1130.0,176.32629400724872,6.124917681049084,0.1280877426424065,1113.0,232.8083941982277,6.110015730884459,-0.7783849152501527,0.3029049579979136,-0.1544371247291565
1118849296.4,1119.0,214.15405093400528,6.911869741840448,-0.1650055670899928,1128.0,190.28607344686043,5.680135867434293,0.3150415416421244,1130.0,176.93943454224456,6.137893018868954,0.1486203591879656,1113.0,233.4158819459018,6.039739222602278,-0.661584548471,0.2849938818080282,-0.1756151020526886
1118849296.5,1119.0,214.84441153337795,6.895342245610164,-0.1784360238317695,1128.0,190.8556120416843,5.710636029044008,0.3292576797747789,1130.0,177.55401106736693,6.153637483576274,0.1871412991200441,1113.0,234.0165192748371,5.973007356104378,-0.6192492463241561,0.26735705213749217,-0.17499461770057678
1118849296.6,1119.0,215.53305545181576,6.877536123147925,-0.1915754371522777,1128.0,191.42821880397543,5.741499216773927,0.3028151303282732,1130.0,178.17033398510776,6.172820871238642,0.204707342213675,1113.0,234.6107255944244,5.911119035637588,-0.5686188070818731,0.2504623887794429,-0.1990741789340973
1118849296.7,1119.0,216.21985608918607,6.858476624261208,-0.2022284041314976,1128.0,192.003878323467,5.771691173057001,0.2956536566091772,1130.0,178.7887020577064,6.194540580733766,0.2224818493243795,1113.0,235.1990055877269,5.854480830413021,-0.5184799230349172,0.23468837648696939,-0.20809859037399292
1118849296.8,1119.0,216.9046891972824,6.838185537663233,-0.2147752771496078,1128.0,192.58252792783924,5.801300914387951,0.2912743917003781,1130.0,179.40931027106814,6.217623686505679,0.2315229933795896,1113.0,235.7818769277529,5.802945970111061,-0.4592861010859149,0.22022176680743846,-0.22655971348285675
1118849296.9,1119.0,217.58743282967745,6.816687110238321,-0.2270405583238021,1128.0,193.16411689985136,5.830478525855126,0.28708792363834,1130.0,180.03223420694272,6.2408550309862045,0.2253974488207091,1113.0,236.35984348743304,5.756385223486944,-0.4127800020603971,0.20711759316658554,-0.24055296182632446
1118849297.0,1119.0,218.26796755511003,6.7940073984112965,-0.2390519437509333,1128.0,193.7485999424941,5.859182327001546,0.2803989338832282,1130.0,180.65733855022276,6.261231834612469,0.0773635620757274,1113.0,236.93340658785775,5.714876785013766,-0.3646581794879644,0.1954324198282062,-0.23899418115615845
1118849297.1,1119.0,218.9461762753268,6.770167005925614,-0.3310054283594433,1128.0,194.3359249392512,5.887317608135718,0.2743670317813867,1130.0,181.2841140457157,6.274278075247454,0.0358270069246481,1113.0,237.5030797840433,5.678587138694124,-0.3150338947395955,0.18527444299122217,-0.25887811183929443
1118849297.2,1119.0,219.62017553241924,6.709818135921852,-0.3465160172501232,1128.0,194.9260279496696,5.914742600234925,0.2663935937369419,1130.0,181.91172560232505,6.277953056935628,-0.0039424755879949,1113.0,238.0693976485969,5.647770152373676,-0.2008442402785806,0.17677932881847574,-0.3683527708053589
1118849297.3,1119.0,220.28985788997912,6.683829015273813,-0.3618440177210237,1128.0,195.5188277434764,5.941253275901271,0.2563387193440136,1130.0,182.5393724646784,6.274984190137462,-0.0218157279874563,1113.0,238.63294483381893,5.623173552070393,-0.1520967626509881,0.18917328846528517,-0.33067864179611206
1118849297.4,1119.0,220.9568858438657,6.656730062462053,-0.3767656267289494,1128.0,196.11423701501516,5.9669321548760905,0.2605150292192369,1130.0,183.166620427743,6.269975071154979,-0.0588201292254427,1113.0,239.19442162562737,5.606362284101013,-0.0891311186201389,0.18506500853733993,-0.3732823431491852
1118849297.5,1119.0,221.6211500418348,6.628553896919652,-0.2919628254072016,1128.0,196.71221221023816,5.9925717495821775,0.266321284025733,1130.0,183.79335915690424,6.264799512067468,-0.0632114355920158,1113.0,239.7546969300142,5.5991438036361485,-0.0144481445091036,0.18356950065485805,-0.3898836374282837
1118849297.6,1119.0,222.28254436336857,6.599332533754134,-0.3024478441732363,1128.0,197.3128130922508,6.01944589066886,0.285882195554379,1130.0,184.41950209248597,6.258059199568858,-0.0957145601613049,1113.0,240.3147600264844,5.602118125767817,0.0856351711789941,0.18526867943171813,-0.284856379032135
1118849297.7,1119.0,222.94096542779585,6.569088754791978,-0.3127604471620264,1128.0,197.91620586379352,6.048409540188191,0.3092560079071982,1130.0,185.0448072199959,6.248043350624736,-0.1404434469178027,1113.0,240.8755380751111,5.613442846763309,0.1579571531587316,0.190431361291467,-0.35243290662765503
1118849297.8,1119.0,223.59631109415648,6.537824572421936,-0.323204530624701,1128.0,198.5225828211302,6.079129606546747,0.2801824444006674,1130.0,185.66891719322544,6.23415611396532,-0.160441858419127,1113.0,241.4376718081629,5.6292318142733775,0.1816601580493759,0.19867157025953644,-0.31243497133255005
1118849297.9,1119.0,224.24847813938663,6.50551633218296,-0.3338971940003363,1128.0,199.1320390634121,6.109995239088989,0.2717192015548613,1130.0,186.291443089406,6.2163618096519215,-0.1995409257633839,1113.0,242.00142707738843,5.645873570237755,0.1763004502542338,0.2090416020720533,-0.3178158402442932
1118849298.0,1119.0,224.8973625144584,6.4721711692492585,-0.3441930184948336,1128.0,199.74445510297653,6.138325552199079,0.2348489504013185,1130.0,186.9120314530661,6.19540546354707,-0.2244106760674181,1113.0,242.56683442685207,5.662273419031925,0.1748505379427981,0.22063916228142197,-0.32461845874786377
1118849298.1,1119.0,225.5428653414659,6.437885370897751,-0.353025475713257,1128.0,200.35940745886035,6.1607215654756144,0.1656092800670658,1130.0,187.5304786683045,6.173538841221413,-0.217956018736898,1113.0,243.13393837056327,5.679805455196272,0.1988270514834061,0.2331715227669842,-0.31461697816848755
1118849298.2,1119.0,226.18489429527548,6.402693705294807,-0.3626142725234939,1128.0,200.97616181684344,6.174365594189129,0.052620078341638,1130.0,188.1468516686688,6.153921166066636,-0.1391350696578301,1113.0,243.70294016523195,5.700230438175769,0.2365107685117942,0.24692518010184117,-0.35052984952926636
1118849298.3,1119.0,226.82333614734569,6.366143336109748,-0.3945709018839859,1128.0,201.59383746080647,6.179147285069639,0.0047973565725044,1130.0,188.76150218020464,6.139089064649689,-0.0942084616061759,1113.0,244.27414782219915,5.723922701168562,0.2684658149391261,0.2623158306508629,-0.3394446074962616
1118849298.4,1119.0,227.45798714826716,6.326876682322248,-0.4331265335439893,1128.0,202.21172050788425,6.178513656487318,-0.0124058216100814,1130.0,189.37495417223576,6.129950775968254,-0.0495581221499218,1113.0,244.84785089907345,5.750138836319637,0.2913190342331977,0.2796518882433825,-0.3728662133216858
1118849298.5,1119.0,228.0884745434083,6.282871220500521,-0.4944597102887708,1128.0,202.82951714031603,6.177418992148573,-0.0007386538471144,1130.0,189.98772836547752,6.125533088870803,-0.0199423942204772,1113.0,245.4242832104437,5.778507391082388,0.3154409479409968,0.29939696325869936,-0.41705217957496643
1118849298.6,1119.0,228.71425868814592,6.232811674248799,-0.560739907061817,1128.0,203.4473277344304,6.178792890134834,0.0169858725149838,1130.0,190.6001868579862,6.123636761303202,-0.0131367651449573,1113.0,246.003705742087,5.809943241782713,0.3569238013421273,0.3223863825985167,-0.4557158350944519
1118849298.7,1119.0,229.3347919533999,6.177853630831908,-0.5272784165640397,1128.0,204.06536362832696,6.181924987801691,0.0200776238735263,1130.0,191.21248457689603,6.1223176168911335,-0.0144259680392662,1113.0,246.58650924019807,5.8461267204415295,0.4169854460506607,0.3493355126515797,-0.5237900018692017
1118849298.8,1119.0,229.94978663143183,6.122039929809272,-0.5105717916274332,1128.0,204.6836713848577,6.184230142811386,0.0072002944623926,1130.0,191.824640190254,6.120794650271246,-0.0173955082218602,1113.0,247.17322586418416,5.888205759276354,0.4638847987302265,0.37987378594069565,-0.4536101520061493
1118849298.9,1119.0,230.5594179353337,6.070586148226638,-0.4462061490814639,1128.0,205.3020917166712,6.184176493455083,-0.007835151013844,1130.0,192.43663462236083,6.11909399186116,-0.0181387316732567,1113.0,247.7644356987672,5.935990932388367,0.5176759398296625,0.41217059097882197,-0.4685380458831787
1118849299.0,1119.0,231.16431651421453,6.027385429391732,-0.3571069123232311,1128.0,205.9204223290496,6.182435754118525,-0.0571078558736824,1130.0,193.04845567515343,6.117327063995246,-0.0136944602619617,1113.0,248.36064084114648,5.988111915195458,0.5529471645097644,0.44372560182482895,-0.3891257345676422
1118849299.1,1119.0,231.7653726508777,5.9937373038722885,-0.2443122770162616,1128.0,206.5376823134436,6.162763933758958,-0.0488325917205692,1130.0,193.66009252264243,6.115409885782142,-0.0155159630957417,1113.0,248.96218749626945,6.042821187264245,0.5708422873355204,0.4725917195468263,-0.3072676956653595
1118849299.2,1119.0,232.36349857221623,5.968781122894743,-0.1778204811159913,1128.0,207.1538389343633,6.160368484637333,-0.0783588356393309,1130.0,194.2715310306368,6.113360274105139,-0.0157122369720549,1113.0,249.5692655945486,6.098740778316878,0.5646654912474142,0.49800237214842635,-0.19002404808998108
1118849299.3,1119.0,232.9594736835193,5.950721103164806,-0.1276639977543807,1128.0,207.76962932325156,6.155439293123513,-0.1833669921856892,1130.0,194.8827892780149,6.111804673456946,-0.0079891347620521,1113.0,250.18196013108857,6.155149952484294,0.567685600560301,0.5201937078767291,-0.14472413063049316
1118849299.4,1119.0,233.5539100038769,5.938005303988196,-0.0874232138308866,1128.0,208.3846847442363,6.14566912657661,-0.1376008002098396,1130.0,195.4939813059121,6.1120358844860645,0.0176840778556147,1113.0,250.8003112819648,6.211873065042688,0.5709674533842186,0.539867550551458,-0.0862463116645813
1118849299.5,1119.0,234.1473110344213,5.930015306900546,-0.1131904083092843,1128.0,208.99849545517225,6.130545092141733,-0.1918538498912603,1130.0,196.105347358357,6.11528516441216,0.058365680635829,1113.0,251.4243542730312,6.268986756282915,0.5755260308335977,0.5576783352148134,-0.037131547927856445
1118849299.6,1119.0,234.74016387827984,5.927041570271937,-0.0061030474110806,1128.0,209.61059401871063,6.11142617862372,-0.2246233136932021,1130.0,196.7171955966414,6.121679601280014,0.0912968263038544,1113.0,252.05413487264127,6.326625235919406,0.5827846709764123,0.5739300505816468,-0.0824965238571167
1118849299.7,1119.0,235.33300464195705,5.929773703270236,0.115704410127744,1128.0,210.2206472666217,6.089638779599266,-0.24998284732275,1130.0,197.32978678589936,6.130144183875804,0.1068176719181864,1113.0,252.68971236977745,6.384924706803747,0.5900934545976636,0.5885821925125945,0.08419841527938843
1118849299.8,1119.0,235.9264326469021,5.938786395632867,0.2458458384545606,1128.0,210.82839235787492,6.065263045464888,-0.2538435747165568,1130.0,197.94326661060103,6.139452310157437,0.0712846938833138,1113.0,253.3311590208118,6.444008313883672,0.5985600489912493,0.6014514229370282,0.1493127942085266
1118849299.9,1119.0,236.52108401599315,5.954240986186728,0.2001440734922364,1128.0,211.4335671702009,6.038233201054866,-0.2780461071805103,1130.0,198.55767658640173,6.148747205856874,0.0683752402532235,1113.0,253.97855578898523,6.503927049585468,0.6068947064404299,0.6123996677346228,0.26740193367004395
1118849300.0,1119.0,237.1175835347345,5.975749388643569,0.2614366694002177,1128.0,212.03597104188052,6.009844232537574,-0.2805882380636004,1130.0,199.1729494658712,6.156710383535282,0.0512750394317279,1113.0,254.6319750676656,6.564458524020006,0.5975891380384101,0.6214214608366833,0.17174676060676575
1118849300.1,1119.0,237.71649143356763,6.00240858801439,0.3106826721084092,1128.0,212.6355903823169,5.982542576187428,-0.2566501230254718,1130.0,199.7888364358969,6.161029016975803,0.0136143451689943,1113.0,255.29144273801265,6.624894882921057,0.5918116357307414,0.6286443157721083,0.3049118220806122
1118849300.2,1119.0,238.31826039612807,6.032970663196269,0.3451942762188095,1128.0,213.2326350231844,5.958350241166282,-0.2112060213803802,1130.0,200.4048832488472,6.159907242031164,-0.08401856746164,1113.0,255.9568961686337,6.684173729503214,0.5748090422024317,0.634270554534761,0.3458879590034485
1118849300.3,1119.0,238.92320826705335,6.065986755308702,0.3318484491261939,1128.0,213.8274374091546,5.937697478234512,-0.1800121953021684,1130.0,201.01947818379236,6.131991456873799,-0.1459806199306898,1113.0,256.62817294611455,6.741361820113087,0.55066510049227,0.6385394981348713,0.3563283681869507
1118849300.4,1119.0,239.53150276734965,6.099903250617127,0.3329172958626136,1128.0,214.4203079837028,5.9197140127282,-0.1606424342207768,1130.0,201.63235342820468,6.125513431374077,-0.1233965696823945,1113.0,257.3050383379035,6.795946015666368,0.5101860417678915,0.6417671593473747,0.3272428512573242
1118849300.5,1119.0,240.143157974303,6.133200888448509,0.3197187981097975,1128.0,215.01146227969207,5.903371907059374,-0.1489204779040538,1130.0,202.2446613584156,6.120645172842022,-0.0790413184864556,1113.0,257.98721986614663,6.847684549196461,0.4820225582778809,0.6443709905257797,0.34902650117874146
1118849300.6,1119.0,240.75805593369847,6.164758299461577,0.2988087251866533,1128.0,215.6010444814594,5.8882721282855615,-0.1513516855487792,1130.0,202.8565267937815,6.116663534475044,-0.0437521430419995,1113.0,258.6744195762754,6.896309653376303,0.4504786792625455,0.6468016047037942,0.3351118862628937
1118849300.7,1119.0,241.3760096527784,6.194316082137227,0.2826739398959565,1128.0,216.1891755709164,5.874349660857776,-0.1397716089561971,1130.0,203.4679188856882,6.111178303658735,-0.0715813683476403,1113.0,259.3662950179909,6.941199180935895,0.410384052201238,0.6493696006990493,0.3174017369747162
1118849300.8,1119.0,241.99684959895865,6.222482841470459,0.2736237978044345,1128.0,216.77593491865417,5.86083729389376,-0.1427763522820495,1130.0,204.078652600628,6.103495995135051,-0.0899483187863047,1113.0,260.06241763447866,6.981253148817335,0.3268531709897019,0.6520309702678171,0.2828507423400879
1118849300.9,1119.0,242.6204789281484,6.250103742323116,0.271893152718241,1128.0,217.36127227836255,5.84590990027454,-0.169360273738987,1130.0,204.6885895952179,6.095243896666835,-0.0835618806097297,1113.0,260.7622448085852,7.01529033331175,0.2695241855989101,0.6543632944529201,0.2930728793144226
1118849301.0,1119.0,243.24685772375577,6.277472169821265,0.2686374110392783,1128.0,217.94496508018776,5.827946136232935,-0.1850737900190628,1130.0,205.29774074822103,6.087779163396453,-0.0825320909041314,1113.0,261.46513750527095,7.0425636004028105,0.208340219901193,0.6558473750335104,0.26653069257736206
1118849301.1,1119.0,243.87593127786096,6.303998912282999,0.244196969505487,1128.0,218.5267330753198,5.807413766406479,-0.2001501104461153,1130.0,205.9061300335678,6.080006543538789,-0.1012469916060364,1113.0,262.1704097948618,7.06288219141712,0.1476688853970827,0.6562192932860561,0.27109745144844055
1118849301.2,1119.0,244.50756086013465,6.32859273319372,0.2204652257676931,1128.0,219.10645946501717,5.787114027542071,-0.1807092180127575,1130.0,206.5135797439704,6.068987664508071,-0.1592880037545205,1113.0,262.8773784941829,7.076491795006026,-0.1147222577765884,0.6556019836681857,0.23647430539131165
1118849301.3,1119.0,245.1415133704941,6.350457473993184,0.1926352231561619,1128.0,219.68432188087712,5.770134289652583,-0.137860967209241,1130.0,207.11964682471464,6.05235395037961,-0.234006506621283,1113.0,263.5853986753038,7.083911827412059,-0.0495576107228513,0.6543640761310775,0.21539047360420227
1118849301.4,1119.0,245.7775163391012,6.369601898147123,0.1690690515434963,1128.0,220.2607069317427,5.7575667276642415,-0.0953300062566109,1130.0,207.7237681124391,6.030071804107882,-0.2384714774604118,1113.0,264.2938708514545,7.085531695598123,0.0136936524505333,0.6528340747085084,0.1883758306503296
1118849301.5,1119.0,246.41532821197245,6.386635559280283,0.155357097195347,1128.0,220.83600293838293,5.748353405136571,-0.0729409099523647,1130.0,208.32549537124584,6.0044733720282935,-0.2544131133764993,1113.0,265.00220323640093,7.08111600333084,0.084069983246218,0.6510591683067669,0.1598953902721405
1118849301.6,1119.0,247.05476976858503,6.402195572972171,0.1436318986946951,1128.0,221.41046591983192,5.740906223844934,-0.0630734339892679,1130.0,208.92466895116053,5.978998226268929,-0.2360976630290243,1113.0,265.70975104515367,7.06984017172576,-0.1700715695856347,0.6487765895237262,0.14752453565597534
1118849301.7,1119.0,247.69570941517384,6.416597358802872,0.1331015007617259,1128.0,221.98423215312584,5.734418442033285,-0.0554185634776355,1130.0,209.5214351784504,5.956326319526767,-0.2004381936736046,1113.0,266.41579161895487,7.0509713042996776,-0.2590248356889758,0.645601092304075,0.11917352676391602
1118849301.8,1119.0,248.33803387649368,6.4298918675942645,0.1223553332168308,1128.0,222.55739759704224,5.728890436296655,-0.0435370202515406,1130.0,210.1161079823944,5.937129759353919,-0.1722561072219241,1113.0,267.1195623767388,7.02444385137374,-0.3442352558983536,0.6412588313230245,0.11598402261734009
1118849301.9,1119.0,248.98163247698668,6.442080142267155,0.1105060438502168,1128.0,223.1300667149818,5.7244919224940345,-0.0332564472286199,1130.0,210.70898523163615,5.92041522547814,-0.1554220504936573,1113.0,267.8203198364193,6.990705342242664,-0.4230112703804063,0.6356746097719063,0.09863859415054321
1118849302.0,1119.0,249.62639650654032,6.453200448803038,0.1006150087118148,1128.0,223.70236051925457,5.721384162959533,-0.0210017957736899,1130.0,211.3002458658029,5.904797457856294,-0.1507546792907761,1113.0,268.51736539746,6.95020587857043,-0.4630128091205419,0.6288784366873849,0.09763002395629883
1118849302.1,1119.0,250.27222106083224,6.463290637034021,0.0909490595086629,1128.0,224.2744098212613,5.719601877171864,-0.010115056830932,1130.0,211.8899585410084,5.8894560462539465,-0.1500042606818683,1113.0,269.2100311478034,6.903109128292471,-0.5327958732637815,0.6208867022142,0.08839166164398193
1118849302.2,1119.0,250.91900380045524,6.472364155430254,0.0813133460348097,1128.0,224.846294885334,5.71809940428817,-0.0172044555534229,1130.0,212.4781456458001,5.8742860495850895,-0.1457482671920036,1113.0,269.89765545681746,6.849377051992632,-0.6033094373180111,0.6116605768524551,0.06562447547912598
1118849302.3,1119.0,251.5666429326307,6.480418488077716,0.0686889226462255,1128.0,225.4179522001069,5.715046891167178,-0.0396866800356779,1130.0,213.0648378473351,5.859557981110049,-0.139762202791999,1113.0,270.57958264067656,6.7891666251858975,-0.6697734278550769,0.6011264882798218,0.06130129098892212
1118849302.4,1119.0,252.2150356812941,6.487436485190408,0.0591325700195281,1128.0,225.98921232762328,5.710155659158785,-0.0514735320122439,1130.0,213.65009449301957,5.845574932577863,-0.1313057084547052,1113.0,271.2552068081266,6.72331672381467,-0.6866662663382386,0.589245579350205,0.04369616508483887
1118849302.5,1119.0,252.86407734274263,6.493396743778862,0.0494239222697852,1128.0,226.55999683612472,5.705534510869396,-0.0346530015975233,1130.0,214.23399878486225,5.832510904280735,-0.1219465673147752,1113.0,271.92404813714097,6.653509856476731,-0.7160214391460067,0.576109461452502,0.04938298463821411
1118849302.6,1119.0,253.5136617220116,6.498290841599486,0.039714172066492,1128.0,227.1304634435367,5.7037976373682655,0.0030251093555085,1130.0,214.8166448188268,5.820409775009737,-0.1108926543716336,1113.0,272.5858121221252,6.581769843202948,-0.725510582671133,0.5619800326357044,0.023244798183441162
1118849302.7,1119.0,254.1636819864304,6.502114446777895,0.0277171359429708,1128.0,227.70093570362653,5.705647564432468,0.0426789273910054,1130.0,215.3981280629012,5.809255106477076,-0.1019923764217368,1113.0,273.2403854232729,6.509696179755907,-0.722725750825264,0.5472016326834483,0.02162724733352661
1118849302.8,1119.0,254.81402957346657,6.504837293944524,0.0182137219559929,1128.0,228.2717085823694,5.709810010422062,0.0601578752851661,1130.0,215.97854227521844,5.7990291398681,-0.093168529531451,1113.0,273.8877814482565,6.438224319916626,-0.704641657030665,0.5320613459057042,0.009552955627441406
1118849302.9,1119.0,255.4645936499524,6.506444235770704,0.0088932775023967,1128.0,228.84295929859564,5.715204314104117,0.0731130295413777,1130.0,216.55798051757785,5.789735707316135,-0.084195115941515,1113.0,274.528089793433,6.367942583610295,-0.6902149080306469,0.516747302397066,0.0033179521560668945
1118849303.0,1119.0,256.1152749923635,6.507182612451256,0.0035621679615747,1128.0,229.4148042708772,5.7216951315255855,0.0596959255380782,1130.0,217.13653654831256,5.7813849073831225,-0.0731774808339678,1113.0,275.16144946981785,6.299250944085321,-0.6730835730807787,0.5013873367806312,-0.0099678635597229
1118849303.1,1119.0,256.7660317768415,6.5079530771142045,0.0141714968014323,1128.0,229.98733374264052,5.728894303741029,0.0619985284346072,1130.0,217.7143043672888,5.773971472138273,-0.0645407779155239,1113.0,275.78801474307625,6.232054521083088,-0.660539878747223,0.4859759625308201,-0.011469274759292603
1118849303.2,1119.0,257.4169479675276,6.510370736601903,0.0470875893522512,1128.0,230.56055487712828,5.735528386016237,0.0501436729091993,1130.0,218.2913769618469,5.767480419025694,-0.0560425282838477,1113.0,276.4078862850416,6.165376318227681,-0.6775706644850398,0.47013610604600903,0.002133578062057495
1118849303.3,1119.0,258.0682700201164,6.51607031517894,0.0973293464762713,1128.0,231.1343305345355,5.739984762129721,0.0251866903045908,1130.0,218.86784627780403,5.7619059001193,-0.0475144613977051,1113.0,277.021028618198,6.097470344896115,-0.7001717602237952,0.45297169021036965,0.030848562717437744
1118849303.4,1119.0,258.7203595636137,6.525720554765981,0.1471901407687544,1128.0,231.7083996533044,5.741397613244232,0.007331915467094,1130.0,219.44380444193703,5.757257382540011,-0.0348430407242032,1113.0,277.6272433849643,6.026824990430936,-0.7331498929388838,0.4333256290912276,0.07326808571815491
1118849303.5,1119.0,259.3735721380748,6.538530934454085,0.1213970967089038,1128.0,232.28249338069048,5.740476934476093,0.0801788328935051,1130.0,220.019344286917,5.753539517057658,-0.0271151453387018,1113.0,278.2262528389264,5.953364088814177,-0.7572963189220856,0.41038524730017967,0.11023011803627014
1118849303.6,1119.0,260.0281196666933,6.5524196379140935,0.1194203816799596,1128.0,232.856478433088,5.7392241134735045,0.0389021183477959,1130.0,220.59455853068536,5.750745358309486,-0.0194494784837992,1113.0,278.8178489160956,5.878557454570716,-0.7465879759856469,0.38420675370805873,0.06016874313354492
1118849303.7,1119.0,260.6839802908008,6.564792844240133,0.0951197556054596,1128.0,233.4304331007895,5.739869240560418,-0.1002216101377082,1130.0,221.16953976912657,5.748879410515628,-0.0116465203205519,1113.0,279.40198982716294,5.804260766774762,-0.7333307895077722,0.35579664271823913,0.09110680222511292
1118849303.8,1119.0,261.34090027947536,6.573606929247406,0.0577084570398872,1128.0,234.00462739976257,5.744016738901311,0.0692050197973799,1130.0,221.7443813378553,5.747951964053269,-0.0067226080405181,1113.0,279.97877009994073,5.731344688781434,-0.7190875528135833,0.3266348320058213,0.05107825994491577
1118849303.9,1119.0,261.99847540111546,6.577895503557505,0.0277996244297295,1128.0,234.57943969336992,5.752229133246233,0.1145395815502983,1130.0,222.31917637907455,5.74794886033269,0.006631328613051,1113.0,280.54830319982506,5.659317308904411,-0.7156287753501512,0.29790448188665936,0.01628589630126953
1118849304.0,1119.0,262.6562442634297,6.577481742727492,-0.0397769748251866,1128.0,235.15525346643196,5.764046327989059,0.1498590391038991,1130.0,222.8940180411224,5.748884380627254,0.0208820232180141,1113.0,281.11062376253045,5.587093945204992,-0.7282416510494223,0.2700703231840943,-0.011935144662857056
1118849304.1,1119.0,263.31374091913693,6.572451371415748,-0.1058398053358864,1128.0,235.73238011333692,5.7784866101113925,0.1732286951756762,1130.0,223.4690069161474,5.750893119871528,0.0381943537294381,1113.0,281.66567643335264,5.513959471237513,-0.739105832296489,0.24309233820703713,-0.09945167601108551
1118849304.2,1119.0,263.9705090203318,6.562910652480948,-0.1703403582368473,1128.0,236.31103944246564,5.794699972464019,0.1853526957313281,1130.0,224.0442440958311,5.753850473805272,0.0200389987137366,1113.0,282.21337136948324,5.439939251375847,-0.7460129829286016,0.216869666887054,-0.14505507051944733
1118849304.3,1119.0,264.6261085405639,6.549079752160675,-0.172616341465907,1128.0,236.89139873367617,5.812485851746118,0.2038187615702948,1130.0,224.6197697179317,5.756661968202705,0.0139280243085849,1113.0,282.7536423955374,5.365481269703741,-0.7478889499704725,0.19146046874656525,-0.21487824618816376
1118849304.4,1119.0,265.2801309272724,6.531367982009676,-0.2121268329223231,1128.0,237.47365182949943,5.832576064720938,0.2357736441186039,1130.0,225.1954916372924,5.757776419009786,-0.0004638053312317,1113.0,283.28646490920164,5.290969003580488,-0.7418456404127378,0.16696981252532148,-0.20529192686080933
1118849304.5,1119.0,265.9322058742413,6.510130957370617,-0.2491935322659199,1128.0,238.05810585998373,5.856504544962363,0.2878035925680753,1130.0,225.77123186209644,5.757028077077821,-0.0085772753318257,1113.0,283.8118471351015,5.216675514420902,-0.7382683352964384,0.1433825738145297,-0.270365834236145
1118849304.6,1119.0,266.5819800567716,6.485352693232594,-0.2890512574422778,1128.0,238.6452298293249,5.885974841862851,0.3393443111349287,1130.0,226.3469004193524,5.756343068041197,0.0006185306197021,1113.0,284.32982863492447,5.14295448203778,-0.7304408553509601,0.12067469743963616,-0.3078889548778534
1118849304.7,1119.0,267.2290867392208,6.456780955751017,-0.3058832960080808,1128.0,239.2356259784059,5.9219481397573,0.408785992490196,1130.0,226.92262153382225,5.75807922135406,0.0424339670072282,1113.0,284.84048196669227,5.0701121533183695,-0.7207623386354644,0.09905148057280763,-0.3365798890590668
1118849304.8,1119.0,267.87316463727063,6.424777005249927,-0.3354113133540209,1128.0,239.82991887886155,5.963909869357228,0.463884664460974,1130.0,227.49867238338143,5.76293776982591,0.0780465487438398,1113.0,285.3438794386888,4.997837286610937,-0.7380986970153427,0.07885860412666372,-0.3435969352722168
1118849304.9,1119.0,268.51395219013915,6.390974052120343,-0.3419316797174898,1128.0,240.4285996049865,6.009704653137678,0.4885013412545659,1130.0,228.075315484572,5.769924253983287,0.0952017412427852,1113.0,285.840004496847,4.924663876551609,-0.7581416508952384,0.05992116902309932,-0.3818529546260834
1118849305.0,1119.0,269.1513773395888,6.357528936868,-0.328240964128264,1128.0,241.03188616128307,6.056026472796938,0.4324277290701548,1130.0,228.652710354611,5.777973146802573,0.0856557022468464,1113.0,286.3286541715092,4.8483296166943175,-0.8027313415449875,0.040928651502342685,-0.3813989460468292
1118849305.1,1119.0,269.7855354979535,6.32563423043025,-0.3252806159423763,1128.0,241.6396624850308,6.099500002158945,0.3909199203125972,1130.0,229.2309464159685,5.786748080344548,0.0928878310633414,1113.0,286.8094366411474,4.767319776066896,-0.8537473168402069,0.019887098862794605,-0.37419718503952026
1118849305.2,1119.0,270.4165543861165,6.294743532825607,-0.3224114983270766,1128.0,242.25154095783205,6.1380694538636265,0.3395491229201979,1130.0,229.81008956048407,5.79611480996778,0.0976969744496891,1113.0,287.2819308992498,4.682565385981339,-0.8247792247405862,-0.00456181918532188,-0.381275475025177
1118849305.3,1119.0,271.04443348252903,6.262838395427313,-0.3465506002969468,1128.0,242.86703430078103,6.171797405118608,0.2992264674637249,1130.0,230.39018382349485,5.80577045024561,0.0987662948532183,1113.0,287.7459448571866,4.597713772755333,-0.8026762167034658,-0.03206439098277079,-0.3834500312805176
1118849305.4,1119.0,271.6689466830861,6.227425615710448,-0.3959570135011613,1128.0,243.48573611087588,6.202238796773594,0.2840353584513515,1130.0,230.97124603736015,5.815473827063872,0.1026207667604375,1113.0,288.20169967189145,4.517382521340414,-0.7380786053050462,-0.060422297790254605,-0.41207942366600037
1118849305.5,1119.0,272.2896486767525,6.186614257623477,-0.4597401013586146,1128.0,244.10739324126772,6.230903811065926,0.2720296398258325,1130.0,231.5532868963172,5.825343352080078,0.1062387575989436,1113.0,288.64980658184544,4.4447556777436015,-0.6549055385759613,-0.08655304081756347,-0.45863062143325806
1118849305.6,1119.0,272.90595545758555,6.139521359033349,-0.5276592324707193,1128.0,244.73185214496985,6.258274262977978,0.2589224866968762,1130.0,232.1363500062162,5.835918845898701,0.1175605240481432,1113.0,289.091070437105,4.380521427448843,-0.4975051306287109,-0.10790476667410033,-0.5060206651687622
1118849305.7,1119.0,273.5172374588848,6.086118666951967,-0.592037880351958,1128.0,245.35896734752612,6.284029788149852,0.2407021049488583,1130.0,232.7205412715261,5.847906460300605,0.1361221443761176,1113.0,289.52626640305726,4.323397891593538,-0.4469996590750655,-0.12320970872247225,-0.5724796056747437
1118849305.8,1119.0,274.12290160695653,6.02716429448207,-0.6440616133256597,1128.0,245.9885592247222,6.307807755765881,0.2160289577862369,1130.0,233.30602299685836,5.861728046342224,0.1513701668805095,1113.0,289.9559891318424,4.271056684109375,-0.4184320833310365,-0.1323963881643804,-0.6440616133256597
1118849305.9,1119.0,274.72247304042423,5.964264374872804,-0.6417310188371409,1128.0,246.62042806879384,6.329569125668364,0.1974411436677872,1130.0,233.8929707164609,5.877226345704283,0.1661166797110314,1113.0,290.38058229968806,4.220806672800444,-0.412422933840125,-0.13636337205457985,-0.6417310188371409
1118849306.0,1119.0,275.31566387257766,5.899552268198439,-0.6486674224199616,1128.0,247.25437639567724,6.349397412002324,0.1793000081486725,1130.0,234.4815231139156,5.893821603395235,0.1738416543996584,1113.0,290.8017719056659,4.202985446761352,-0.5241636577088232,-0.1368524492770852,-0.6486674224199616
1118849306.1,1119.0,275.9023864885075,5.8349000503952135,-0.6405367986223734,1128.0,247.8902096863885,6.367268402221938,0.1602521511267534,1130.0,235.0717640478684,5.910997075656789,0.1780025318337446,1113.0,291.219463149227,4.150839424462078,-0.5399405647468739,-0.1255877806633142,-0.6405367986223734
1118849306.2,1119.0,276.482691173285,5.77119364515563,-0.6298073493885185,1128.0,248.5277286055916,6.383109981838822,0.1343581715676277,1130.0,235.66374695913237,5.928661149624736,0.1866956800191214,1113.0,291.63186430563474,4.097183703692902,-0.5549709263292615,-0.12458429967448711,-0.6298073493885185
1118849306.3,1119.0,277.0566603613402,5.708190115945993,-0.6322033535620467,1128.0,249.16672824328208,6.39688277196832,0.115459868097403,1130.0,236.2575347078433,5.947093824594527,0.1967455597016165,1113.0,292.0388110395145,4.041750973901626,-0.5762026365287869,-0.12460953603865285,-0.6322033535620467
1118849306.4,1119.0,277.62431922585534,5.64498717435665,-0.6395319498615879,1128.0,249.80699943031075,6.408540968607339,0.0960025736449163,1130.0,236.85322318345183,5.966675687571885,0.2106013841570934,1113.0,292.4400714716212,3.9834576682299896,-0.6106510276409073,-0.12562103563228502,-0.6395319498615879
1118849306.5,1119.0,278.1856042064196,5.580712436933794,-0.6537694478810647,1128.0,250.4483280041196,6.418030507571195,0.0761236258383903,1130.0,237.45094745441392,5.987809731672328,0.2290344301496182,1113.0,292.83529299712626,3.920972841870433,-0.6588298066248838,-0.12735099620551438,-0.6537694478810647
1118849306.6,1119.0,278.7403982404841,5.5151682443547045,-0.6650752378429159,1128.0,251.090494749786,6.4253044057536615,0.0312464302080135,1130.0,238.050886383749,6.0109688550274765,0.2392155511462526,1113.0,293.2240499779435,3.8541667744784056,-0.6984440646155317,-0.12962274472927984,-0.6650752378429159
1118849306.7,1119.0,279.28861325855337,5.449132117031236,-0.5471121838669333,1128.0,251.73327535136195,6.430307625768069,0.0195587196403106,1130.0,238.653252382982,6.036351129636511,0.2605631273448863,1113.0,293.6059969441566,3.78477254977809,-0.7114124301255925,-0.1323737047436897,-0.5471121838669333
1118849306.8,1119.0,279.83026776731685,5.383958058239396,-0.5339726706155536,1128.0,252.37643660302936,6.432917407576842,0.0069422848096572,1130.0,239.25822786987024,6.063158608129316,0.2672779105908347,1113.0,293.98101176841186,3.715523935329292,-0.6709074087594378,-0.13567599578714254,-0.5339726706155536
1118849306.9,1119.0,280.3655019634589,5.320725864600343,-0.5149011930980871,1128.0,253.01972927907124,6.432936113262509,-0.0067523381033168,1130.0,239.86585337505664,6.089351495596524,0.2484617890954908,1113.0,294.34922304000395,3.648701496515945,-0.6387214951336319,-0.13971938589563376,-0.5149011930980871
1118849307.0,1119.0,280.8945213253729,5.259661373678515,-0.498015564060353,1128.0,253.66289628050475,6.43040391540914,0.0178150339601345,1130.0,240.47594698447887,6.112520692845234,0.1815023268657421,1113.0,294.7109225146125,3.5852879956557127,-0.6040968619700054,-0.14463496865197517,-0.498015564060353
1118849307.1,1119.0,281.41949099185007,5.239731955867154,-0.5892623449872543,1128.0,254.30573170897864,6.426304654067817,0.0212954153087767,1130.0,241.0881364214785,6.131268047150236,0.1410102330485954,1113.0,295.0664317357726,3.524896427543881,-0.5794957239217109,-0.15031376041737737,-0.5892623449872543
1118849307.2,1119.0,281.9405506602153,5.181461411437239,-0.575094294437313,1128.0,254.94820439817292,6.4231491298172925,0.0088109772436485,1130.0,241.70197954742443,6.14559447176716,0.1054486433590156,1113.0,295.4159866464673,3.4662017863508128,-0.5755940965675396,-0.18764053044629994,-0.575094294437313
1118849307.3,1119.0,282.4558512430032,5.124550244316372,-0.5620993930923086,1128.0,255.5905876763373,6.424516433471737,-0.0218562202177013,1130.0,242.31705660464056,6.155946672556422,0.0726412739153017,1113.0,295.75968882257104,3.4078417357217545,-0.5777103794711289,-0.1955077492066624,-0.5620993930923086
1118849307.4,1119.0,282.9654958471302,5.06834183822548,-0.561051788413289,1128.0,256.23346401981297,6.433010436038598,0.1282421630348917,1130.0,242.9329829852965,6.162580940564101,0.0519904268847994,1113.0,296.09755074194874,3.3493966518301392,-0.5772745139299686,-0.20461222060997727,-0.561051788413289
1118849307.5,1119.0,283.46946199773,5.0109811737741135,-0.6101511532516349,1128.0,256.8775377293161,6.448463754028015,0.1912328273201537,1130.0,243.5494321085561,6.166401524625442,0.0303721884130375,1113.0,296.429612779854,3.291844106280718,-0.5600721414294799,-0.21462368926459097,-0.6101511532516349
1118849307.6,1119.0,283.9675043102396,4.949865076413716,-0.6633000251578463,1128.0,257.5233872565353,6.468526790350589,0.2235414198695015,1130.0,244.1662422971444,6.169802247141149,0.0429392204709378,1113.0,296.75606181882875,3.2371366732109976,-0.5115186632885899,-0.22371817068916547,-0.6633000251578463
1118849307.7,1119.0,284.45914548227233,4.882958364241946,-0.7308078308493745,1128.0,258.1713064807254,6.489857693453564,0.2174441385562407,1130.0,244.7834959806924,6.175271423816906,0.0749630916643706,1113.0,297.0772630134152,3.186887218518104,-0.463340718479842,-0.22897118228263022,-0.7308078308493745
1118849307.8,1119.0,284.94378149968566,4.809761984027624,-0.7943552712630787,1128.0,258.82125218994366,6.50905649091669,0.1362908644011131,1130.0,245.4013899235484,6.182607433307399,0.0186490933931636,1113.0,297.39366296891126,3.1411118914040084,-0.4247188109907649,-0.2278685991123059,-0.7943552712630787
1118849307.9,1119.0,285.4208255861733,4.731119745721945,-0.8238473032022486,1128.0,259.4729061620238,6.524022950684122,0.0986862117439,1130.0,246.01994689267863,6.188531949292542,0.0099843109516579,1113.0,297.705632209801,3.0982729263925397,-0.4063741272693884,-0.21965413661025432,-0.8238473032022486
1118849308.0,1119.0,285.8897955872172,4.648280275155518,-0.8604693115141292,1128.0,260.12582054420955,6.534264693031645,0.0621116461897717,1130.0,246.63887076656917,6.18994552852082,-0.0031524303865655,1113.0,298.0133729281813,3.056541441208148,-0.4030768659119528,-0.20528417762834064,-0.8604693115141292
1118849308.1,1119.0,286.3503186488666,4.5621809578365085,-0.8901274714517603,1128.0,260.7795363535509,6.540051493794267,0.028742540075026,1130.0,247.25773259474863,6.187291035071525,-0.0096768343930641,1113.0,298.3169542418665,3.0150848324969246,-0.4008858681143625,-0.1862581551879289,-0.8901274714517603
1118849308.2,1119.0,286.80209435992344,4.473333263298451,-0.9163501299436114,1128.0,261.4336209090987,6.541639617157682,-0.0058884317564511,1130.0,247.87630653886544,6.184187847263922,-0.0336526106012138,1113.0,298.6164335910446,2.974502151064017,-0.3861289054818302,-0.16356667758904594,-0.9163501299436114
1118849308.3,1119.0,287.24486303929393,4.382040324110755,-0.9302273022288376,1128.0,262.08765258098566,6.538993820584863,-0.0583352827203076,1130.0,248.4947147198352,6.183975772128084,0.0271702013578667,1113.0,298.91197577686285,2.936341565302209,-0.3539144751725946,-0.13742621644501188,-0.9302273022288376
1118849308.4,1119.0,287.6783963462898,4.288625815806297,-0.9496678980228956,1128.0,262.74120787343844,6.532112028468057,-0.1087124247784076,1130.0,249.11328745216625,6.187478874490948,0.0799076182447026,1113.0,299.20389989661487,2.9021408297400613,-0.2876964638070726,-0.1076086116583772,-0.9496678980228956
1118849308.5,1119.0,288.1025048270736,4.193543799868285,-0.9637846120466456,1128.0,263.3939029137502,6.521788777772654,-0.1418727910095485,1130.0,249.73236812428505,6.194134567888023,0.1235340922978613,1113.0,299.49264628694897,2.8727869769393672,-0.241736853009903,-0.07393861922153282,-0.9637846120466456
1118849308.6,1119.0,288.51704857259205,4.097331110499444,-0.9724218320133566,1128.0,264.0455002888457,6.510158724131208,-0.1699889030900638,1130.0,250.35226904154905,6.203883777393833,0.1141453731334857,1113.0,299.7787117620398,2.848522524880315,-0.1959027788842067,-0.03658376183063936,-0.9724218320133566
1118849308.7,1119.0,288.9219366361007,4.000430159679585,-0.9777517356668568,1128.0,264.6959955320028,6.499746139015693,-0.1359587464558254,1130.0,250.97330819829,6.216899357423143,0.1461450836172775,1113.0,300.0625964982869,2.829172200058782,-0.1531044441644479,0.003995314894864111,-0.9777517356668568
