t,veh_ID0,Y0,v0,a0,veh_ID1,Y1,v1,a1,veh_ID2,Y2,v2,a2,veh_ID-1,Y-1,v-1,a-1,IDM_a0
1113433217.1,60.0,310.81308688186976,8.340664882209659,1.3424346245234586,79.0,278.85144096361023,9.24652995639825,-0.08343791300610232,87.0,256.63563506598564,9.605773960472387,0.3500620695642622,59.0,321.0165056332758,9.846452659297563,-0.49077968585079373,1.3424346245234586
1113433217.2,60.0,311.6539094259084,8.475785998563671,1.282755151579236,79.0,279.77569149190856,9.238480609566839,-0.07321125222449346,87.0,257.5979369083571,9.640262886956686,0.3288230437792311,59.0,321.99869815219114,9.797397719010728,-0.48975434362680687,-3.3643826494432805
1113433217.3,60.0,312.5079150395412,8.604326274093053,1.2145792861638278,79.0,280.69919925973636,9.231674746991326,-0.05923833821531578,87.0,258.56362668847635,9.673532715429417,0.3162788844595271,59.0,322.97599368472004,9.748512931567547,-0.48305295913565627,-3.5423247285433344
1113433217.4,60.0,313.3744011248529,8.725395432141127,1.137603144570871,79.0,281.6220549263133,9.225438584547353,-0.06902034197624742,87.0,259.53256735982103,9.705280711464058,0.299314714901815,59.0,323.9484200326608,9.700014027246986,-0.47776286663382683,-3.7278918442763014
1113433217.5,60.0,314.25259100160457,8.838402102893399,1.0553065664922257,79.0,282.54420636696875,9.217590228559498,-0.10067191254485841,87.0,260.50458193364057,9.73501076492642,0.27715098076385936,59.0,324.9160347025956,9.652279371448586,-0.46791236812234266,-3.9187644827838013
1113433217.6,60.0,315.1416894176142,8.943566217298036,0.9827841651268949,79.0,283.4654048889527,9.206380211120887,-0.1417040876419496,87.0,261.47945345435426,9.762419649347128,0.2742513937321152,59.0,325.8789314824097,9.605656224835252,-0.45574266575580813,-4.112751970063824
1113433217.7,60.0,316.0409605627312,9.041856685041555,0.9220946278783553,79.0,284.3853421383853,9.192364777531376,-0.16132886952455694,87.0,262.45698620313027,9.788235326173343,0.2655716194457868,59.0,326.83721758593157,9.560065845602784,-0.44990303473510274,-4.309149763999742
1113433217.8,60.0,316.94976805226383,9.134293105611622,0.8693321634225631,79.0,285.30386868043075,9.178166063378592,-0.09259300370915466,87.0,263.4371332878777,9.814706368775614,0.28795552902732463,59.0,327.7909692374111,9.514967183983705,-0.4484441669176304,-4.509341135200491
1113433217.9,60.0,317.86755040030374,9.2213538551854,0.8107578632225031,79.0,286.2211073064647,9.166606457299283,-0.06627767770249289,87.0,264.4200877366299,9.8443826062685,0.3325943814411759,59.0,328.74021203184816,9.469888704759382,-0.4495010095485798,-4.715643664993223
1113433218.0,60.0,318.79376820578136,9.303002254368295,0.757752374382749,79.0,287.137406210624,9.159371625887731,-0.03315500091696227,87.0,265.406229714029,9.87845694171177,0.3487420078141993,59.0,329.68495335571123,9.42493777250184,-0.4459034826362606,-4.929454257678222
1113433218.1,60.0,319.72786821398364,9.378997909676412,0.7021655732709245,79.0,288.05322375648683,9.1569792913686,0.00027569580818349626,87.0,266.39597539946607,9.91645676702985,0.38064582154162513,59.0,330.62523477814733,9.380690676219027,-0.4324505366097094,-5.150481569240878
1113433218.2,60.0,320.6692710698387,9.449059207426748,0.6437501321324758,79.0,288.9690222742916,9.15899106472655,0.046268842452932134,87.0,267.389595326343,9.955941770508998,0.37724926715136947,59.0,331.56115147685784,9.337643297991999,-0.41906900747920944,-5.377288053770252
1113433218.3,60.0,321.61736385268443,9.512796449486268,0.5628139154002337,79.0,289.8851854888158,9.164273225759217,0.07643931091413736,87.0,268.38700922063373,9.992336115306761,0.32132215865562574,59.0,332.49282597444477,9.29584665374664,-0.4077097864475657,-5.608170315164074
1113433218.4,60.0,322.5714866786231,9.569660069287028,0.49596278333273336,79.0,290.80199247873907,9.171866572703914,0.09995924560405027,87.0,269.3876886697605,10.021252867228052,0.18468502658257477,59.0,333.42036675218475,9.25496890105316,-0.4008924274515811,-5.841435492848017
1113433218.5,60.0,323.5309321113191,9.619248584634438,0.4273545284839349,79.0,291.7196697477949,9.181678808413084,0.1279855892519652,87.0,270.3908057725777,10.041089189116658,0.1161807569874038,59.0,334.3438491222584,9.21467850042022,-0.38950185340943444,-6.075225435694501
1113433218.6,60.0,324.4949819061651,9.66174731228435,0.36395391651454595,79.0,292.6384565063929,9.194056363548857,0.14319235237793487,87.0,271.3954959998977,10.052715357283613,0.06015819411001991,59.0,335.26333683231996,9.175075700809709,-0.38084787778960666,-6.307850773205301
1113433218.7,60.0,325.4629595199723,9.697804963859413,0.2770426886163067,79.0,293.55860247956207,9.20886309983347,0.16550652167695362,87.0,272.4010380433922,10.05812551260542,0.021899892528815038,59.0,336.17892923101726,9.136772273138082,-0.3642265992938157,-6.538482105273497
1113433218.8,60.0,326.434238207635,9.727768789394299,0.2257344155618876,79.0,294.4803140925779,9.225369160481455,0.17862078897211328,87.0,273.4069215817349,10.059545254248933,-0.0005827346703902029,59.0,337.0907956903966,9.100556914448585,-0.34023096699211636,-6.766828199521444
1113433218.9,60.0,327.40818604486066,9.751187955119175,0.16722676730551783,79.0,295.403731973854,9.242988465043409,0.1887160349813441,87.0,274.4128163348353,10.058349807759727,-0.028280124718537497,59.0,337.9991834246526,9.067197770671724,-0.27135124900218927,-6.991421190207821
1113433219.0,60.0,328.38410259748343,9.767143097336998,0.1004920589067413,79.0,296.32896439377373,9.261659933349693,0.19426912816736716,87.0,275.4184728017743,10.05477953102048,-0.05792063494315735,59.0,338.90443333466624,9.037800429600535,-0.23135074821132404,-7.208178926729832
1113433219.1,60.0,329.36120248019523,9.774854556898458,0.04956281432512874,79.0,297.25612220175145,9.281496226205883,0.2063230489220955,87.0,276.42366874754026,10.049139384298856,-0.07825506445380791,59.0,339.80702707449746,9.014074367021621,-0.17437094667091815,-7.410461849895052
1113433219.2,60.0,330.3386482785076,9.774061409350011,-0.07238504675757433,79.0,298.1853157960328,9.302375659420617,0.21533525530446182,87.0,277.4282777866738,10.043041398370343,-0.1629553802673647,59.0,340.70761284643515,8.99764107173585,-0.10664257563887818,-7.590251623311939
1113433219.3,60.0,331.3155981151054,9.76493532260328,-0.1902113306005192,79.0,299.11662386201374,9.323785660197034,0.21703781383153442,87.0,278.43239091103896,10.03922108893435,-0.054959360690195046,59.0,341.606936210958,8.98882621871939,-0.30497287996155764,-7.740432351365641
1113433219.4,60.0,332.2912338886993,9.747780149276931,-0.30341605794732246,79.0,300.05006096792215,9.344956457972238,0.20322744952156335,87.0,279.4363557091215,10.040074872715525,0.1036601464841316,59.0,342.50569083333266,8.98626622877503,0.002193708506881684,-7.856845919699528
1113433219.5,60.0,333.26478337590316,9.723209594800428,-0.29260597204428,79.0,300.9855772293742,9.365368771069175,0.19474683258509964,87.0,280.44067275222284,10.046265989311475,0.2494880976169771,59.0,343.4047594120119,8.995105344809664,0.17912760445787715,-7.938591086563547
1113433219.6,60.0,334.23556991769715,9.692521241078573,-0.3476116076579158,79.0,301.92309501741386,9.384986989722277,0.18774516857132983,87.0,281.44581428912267,10.056564748684698,0.12072046247984684,59.0,344.30446355192345,8.998977453420093,0.2784685637962051,-7.9754559809967365
1113433219.7,60.0,335.2030721654853,9.657523714684777,-0.3825035313450504,79.0,302.86253044107514,9.403721483504063,0.17751704732895324,87.0,282.4520931831162,10.06901313118505,0.13291532811256226,59.0,345.2046278205144,9.00430791839933,0.06755216519465318,-7.995012958304478
1113433219.8,60.0,336.1669427127593,9.61988723079857,-0.40266529330165013,79.0,303.803780520639,9.421280107772931,0.17213212018611043,87.0,283.4596539386074,10.0822019786406,0.1358074357724206,59.0,346.1053895104376,9.010925880064777,0.08276444617244204,-7.991995482848698
1113433219.9,60.0,337.1269706220177,9.580670954365539,-0.40875965341507264,79.0,304.74674510274207,9.4380115342874,0.16854978715461097,87.0,284.4685449649034,10.095618547278278,0.1375551471461201,59.0,347.0068926713432,9.019137338047228,0.10374593280875541,-7.971042611573451
1113433220.0,60.0,338.083019616664,9.540308938562479,-0.4196870897910457,79.0,305.6914015800908,9.455118012688498,0.179768850501906,87.0,285.4787891215691,10.109264586035795,0.1390959475885386,59.0,347.9093303263303,9.029615761694751,0.13425501291880412,-7.9343859559627425
1113433220.1,60.0,339.0349692469977,9.498683668108622,-0.4346884674364998,79.0,306.63783253279246,9.473501041344623,0.19454264408897778,87.0,286.4904132281756,10.123217546094196,0.14238889242338887,59.0,348.8129680981205,9.043139674108799,0.14658489027084726,-7.88174730106771
1113433220.2,60.0,339.98265795511224,9.45509049418346,-0.4600791066245622,79.0,307.586146557258,9.492779447966093,0.1921252599635842,87.0,287.5034478187017,10.137474264429567,0.14522391969177637,59.0,349.71811764094383,9.0598511823593,0.1751838044492648,-7.810865246741572
1113433220.3,60.0,340.9258299559533,9.40834952263882,-0.5080826857145587,79.0,308.53637747786007,9.511838964074185,0.18444539171997107,87.0,288.5179208058863,10.151985479262779,0.14752306507758137,59.0,350.6250286975832,9.07836995042998,0.18138244562260813,-7.718568830158233
1113433220.4,60.0,341.86410979532985,9.357247264891084,-0.5592655869041097,79.0,309.48847743668983,9.530160212521395,0.1775388490286016,87.0,289.5338544682752,10.166687768513922,0.1449120876129814,59.0,351.5337367920223,9.095791938348363,0.15406605058110515,-7.6027276176095615
1113433220.5,60.0,342.79701989253346,9.30095467918261,-0.6164905687981991,79.0,310.44238702922297,9.548031638142326,0.1755579638401364,87.0,290.5512596740951,10.181416347883385,0.14391555278213058,59.0,352.4439694585997,9.10886139320118,0.3888337241653373,-7.463930977941652
1113433220.6,60.0,343.7240285123621,9.239217717390456,-0.6729796509103603,79.0,311.39807592085117,9.565746194421324,0.17502629270234465,87.0,291.57012056420166,10.195801454247125,0.13817657733112176,59.0,353.35517087632803,9.11516696136553,0.09496764679853724,-7.305097611597818
1113433220.7,60.0,344.644622781902,9.172667673406098,-0.6737622868053993,79.0,312.35552798950266,9.58329517860633,0.1728662198096126,87.0,292.590382730542,10.209441872560063,0.12931221004624277,59.0,354.26661374458536,9.113690403781511,-0.20825808547690133,-7.130115208573199
1113433220.8,60.0,345.5584209305489,9.103295299533775,-0.6877720311688101,79.0,313.31472244691815,9.600593969705942,0.17006644430467438,87.0,293.61197079473453,10.222319411291169,0.12604573923702597,59.0,355.1775577455615,9.105189615741624,-0.44397384680509416,-6.943751853504572
1113433220.9,60.0,346.46529874225206,9.034260934527612,-0.6671283683536774,79.0,314.27563149321486,9.617586956229056,0.16680392461726484,87.0,294.6348323884575,10.234912463167477,0.12657452908448893,59.0,356.0874181432021,9.092018337069367,-0.1518849570210821,-6.752270835133428
1113433221.0,60.0,347.3654381334884,8.968526890199353,-0.6229984100218661,79.0,315.2382219651546,9.634222482564713,0.16194581388499205,87.0,295.6589661006935,10.247761781553002,0.1311865196416914,59.0,356.99585427653676,9.076704329623693,-0.16308200748254456,-6.562843162003627
1113433221.1,60.0,348.2592395561869,8.907501563771124,-0.5930837462354189,79.0,316.2024557346843,9.650452908029088,0.1577655596534521,87.0,296.6844018202625,10.260952609825475,0.13342531633778246,59.0,357.90271601598073,9.060530459255558,-0.1695699696173121,-6.381401752001342
1113433221.2,60.0,349.14713810412627,8.850469395015164,-0.562035995558978,79.0,317.1682907242253,9.666246882790848,0.1533484882067179,87.0,297.7111515818398,10.274042621721268,0.12430781872242652,59.0,358.80792201461696,9.04358951346984,-0.17885863660327206,-6.210801559381184
1113433221.3,60.0,350.0293964087139,8.794696696740608,-0.5675746476159779,79.0,318.13568174129153,9.681573458533705,0.14855860555031694,87.0,298.73917471551397,10.286420051763805,0.1146516570443709,59.0,359.7113854292903,9.025678779996948,-0.18836283305909238,-6.0493505328633805
1113433221.4,60.0,350.90597074927393,8.73679011445722,-0.6052553154456161,79.0,319.10457963068285,9.696384329294261,0.14394314170946004,87.0,299.7683806802628,10.29769924321195,0.10310515242735215,59.0,360.6130072845472,9.006758325139236,-0.1984113178695348,-5.890134234659001
1113433221.5,60.0,351.776545584661,8.674706593285524,-0.6468346352906379,79.0,320.07492723516106,9.7105677602691,0.13691550563765667,87.0,300.7986635741699,10.30795863492917,0.09496333658917389,59.0,361.51268969180904,8.986889820096541,-0.2077429858140541,-5.724360208072134
1113433221.6,60.0,352.64071418637286,8.608665440952329,-0.6798013725597495,79.0,321.04665671289416,9.72402179439228,0.12949971025054535,87.0,301.8299487768263,10.3177454181996,0.09465078337821796,59.0,362.4103412895753,8.966142135230921,-0.21638361462890404,-5.546978875458979
1113433221.7,60.0,353.4981680282705,8.540411397001044,-0.6912872470080318,79.0,322.01970729017984,9.736989751320841,0.12729026167320093,87.0,302.8622178571329,10.327636187932539,0.09766205734676113,59.0,363.3058778315798,8.944588704859788,-0.22217193404222726,-5.359098877469723
1113433221.8,60.0,354.34878072496196,8.47184253682799,-0.6861254072093658,79.0,322.99406423730693,9.750149191221347,0.13999709313904543,87.0,303.89548276753794,10.337662020169157,0.0972768938285371,59.0,364.1992224900452,8.922304464447803,-0.22921597478109879,-5.165761390349018
1113433221.9,60.0,355.1925879381574,8.404301727078746,-0.6293859243095962,79.0,323.96978432232993,9.76425250923924,0.15332486673908813,87.0,304.92972874951454,10.347257619361239,0.0892967489630376,59.0,365.09030533166026,8.899352367852535,-0.23569997899208517,-4.972204239980718
1113433222.0,60.0,356.0297501428495,8.338942366764172,-0.6027972012599918,79.0,324.9469885013063,9.779831070288406,0.17067931817851076,87.0,305.96487333381015,10.355634066551255,0.05986794808989722,59.0,365.9790624464884,8.8757899287109,-0.24157902779869975,-4.782076228556301
1113433222.1,60.0,356.86058263631935,8.277707502632417,-0.5516291259949377,79.0,325.9258294595219,9.79698809402159,0.1861538625458692,87.0,307.0007603106556,10.36210547035796,0.04252212890515774,59.0,366.8654380435889,8.851722013298376,-0.24939306678304596,-4.598360178655967
1113433222.2,60.0,357.68564183733184,8.22347651761785,-0.47075702185523055,79.0,326.906437099487,9.815164705281598,0.1699688155914853,87.0,308.03718146656297,10.366317647787836,0.024122633845516845,59.0,367.7493910552529,8.827338219982432,-0.2514602566680436,-4.425562751997261
1113433222.3,60.0,358.5057579031995,8.17884479973677,-0.3270852951870456,79.0,327.88885068061654,9.83310691730938,0.16057419386301447,87.0,309.07392061082817,10.368465237518912,0.009856373567209519,59.0,368.63089290253225,8.802698725605351,-0.25464527363294104,-4.269856414599712
1113433222.4,60.0,359.3219494024189,8.144985184648952,-0.23620892253403336,79.0,328.8729689613648,9.849258697656575,0.13698432766956115,87.0,310.1108074214538,10.369270974992034,0.004684973528095256,59.0,369.50988779853225,8.777199194395232,-0.2691257732894987,-4.136574434085771
1113433222.5,60.0,360.13526444857814,8.121315738535843,-0.15755994039006038,79.0,329.8585583987256,9.862530049559933,0.10750908211029775,87.0,311.1477426944026,10.369434483984751,-0.0004939700820246876,59.0,370.38621073706514,8.749259576261025,-0.31127391174861163,-4.028527100108644
1113433222.6,60.0,360.94662771507274,8.105949591356055,-0.09807385321851712,79.0,330.8453183185639,9.872668347205034,0.056703825260620545,87.0,312.184665003287,10.369011693702696,-0.01034283772637109,59.0,371.25952174428977,8.716960568230867,-0.36632880628001385,-3.9459189536429786
1113433222.7,60.0,361.7567727945707,8.096951998603805,-0.1487590533695419,79.0,331.8329433450254,9.87983218202496,0.03770823230794085,87.0,313.2215044325439,10.367776891436717,-0.021307167975581198,59.0,372.12933787590697,8.679362064112603,-0.42245234020475814,-3.886848986195865
1113433222.8,60.0,362.56628870346776,8.093366179337774,-0.023181262822385786,79.0,332.82114201186664,9.884141154799874,0.01907964679765622,87.0,314.25821953085415,10.366525074766447,-0.011533855756129708,59.0,372.99517421720896,8.637364761928065,-0.4586114399442932,-3.8486190593402316
1113433222.9,60.0,363.3757167606604,8.095194964514675,0.11087165607286241,79.0,333.80962865264524,9.885591660773525,3.654682351523904e-05,87.0,315.2949172203385,10.367428714920178,0.036317785186940336,59.0,373.8567121016275,8.593392926443256,-0.4265261558218207,-3.8288806411980434
1113433223.0,60.0,364.1856145845155,8.102761512589245,0.2519449199737448,79.0,334.7981092943002,9.884021172324006,-0.04799283621959733,87.0,316.33191290362487,10.37248495080869,0.10235842672007152,59.0,374.7138873086456,8.550111213918083,-0.40837292282000404,-3.825791923719036
1113433223.1,60.0,364.9965546413745,8.116039624589272,0.16485447975695067,79.0,335.78627851619626,9.879363265597437,-0.09409806578041399,87.0,317.3696423110212,10.382103197116,0.16143898947960456,59.0,375.5668547295978,8.50923720512713,-0.38008183760829406,-3.837898003683556
1113433223.2,60.0,365.8090650860814,8.134169269549439,0.2076317608581565,79.0,336.7733006900374,9.861080211224513,-0.11923535537566678,87.0,318.40851663134345,10.395383209329495,0.15270691570557138,59.0,376.4158888209467,8.471444621850447,-0.3489325917270487,-3.8639081705497467
1113433223.3,60.0,366.62353984404837,8.155325889791737,0.22704580483549952,79.0,337.7590283164578,9.853472317184892,-0.11311153721788737,87.0,319.44884125113,10.411109186402081,0.17208630120661583,59.0,377.26131113082147,8.43700157564554,-0.3067867693492976,-3.9018133913514825
1113433223.4,60.0,367.4401686311358,8.177249851956056,0.2233973375380595,79.0,338.7440308019603,9.846577392864651,-0.07575026630563282,87.0,320.4908200604019,10.428466999035885,0.18640969416910225,59.0,378.10346720016094,8.406119811143833,-0.27252275911891605,-3.947938890091995
1113433223.5,60.0,368.258947751878,8.198332562888138,0.20287723278653966,79.0,339.7283425651712,9.839657871354536,-0.08849821927755772,87.0,321.534596933782,10.447070468564599,0.19781321840852753,59.0,378.9427150150384,8.378836486404056,-0.23928381168669005,-3.9975340607482366
1113433223.6,60.0,369.0797855781604,8.218423962757939,0.19636661393845778,79.0,340.7118281122812,9.830053070845267,-0.13949065765135726,87.0,322.5802646983241,10.466284822278476,0.17224252618172756,59.0,379.77940520718863,8.354967356601254,-0.20847604122732002,-4.047036225491771
1113433223.7,60.0,369.90262907434567,8.238445960947624,0.20149812561050062,79.0,341.6940999566331,9.815383816192842,-0.20871302345188059,87.0,323.62781029106037,10.484627032447266,0.15560396220856232,59.0,380.6138683068941,8.334294637507318,-0.1713447249674027,-4.095913818553519
1113433223.8,60.0,370.7275004369296,8.25898129073171,0.2065672212491579,79.0,342.6746357562526,9.795332176196007,-0.2225881047402637,87.0,324.677052664158,10.500220429504939,0.12311056675989,59.0,381.44641638445137,8.316666913638333,-0.1446215742651012,-4.145923324033809
1113433223.9,60.0,371.55440267557856,8.279063482246604,0.15039608859847547,79.0,343.65297706458114,9.771493990375708,-0.24869209834677722,87.0,325.7276642518666,10.51201132466767,0.08763849447684277,59.0,382.27734953888967,8.301996175126142,-0.11834254913262467,-4.198190813990975
1113433224.0,60.0,372.3831741726123,8.296366458428647,0.11824286950345365,79.0,344.62886561170325,9.746276952066756,-0.24984797618259183,87.0,326.7792720369621,10.520144377241179,0.03013112854463408,59.0,383.10696504546917,8.290313956466246,-0.09105416165239526,-4.250554829820016
1113433224.1,60.0,373.21342317527,8.308613594725546,0.07190117854448144,79.0,345.6022766399383,9.721943612634577,-0.23122139863607613,87.0,327.8315388006378,10.525190896273443,0.01694700032464416,59.0,383.9355686601178,8.281758336505565,-0.023096110914149773,-4.297632709400487
1113433224.2,60.0,374.0445930013277,8.31478292642908,0.023881351789355878,79.0,346.57337868149034,9.700097218405437,-0.19285221581006368,87.0,328.8841738868989,10.527510828948932,0.004695262147032104,59.0,384.7634775303675,8.276419068489435,-0.012383264387881046,-4.333658146777442
1113433224.3,60.0,374.87610742920367,8.315505631090181,-0.015331334554173088,79.0,347.54245409040215,9.681410959831295,-0.1621625458083842,87.0,329.93691309902033,10.5272734134804,-0.006910071196899573,59.0,385.5910100340773,8.274231005705639,-0.0021563879495015105,-4.3553225285759
1113433224.4,60.0,375.70752402889553,8.312826362746739,-0.035039439390143895,79.0,348.50980309972056,9.66556922653853,-0.13880991190647204,87.0,330.9895083051555,10.52463070922312,-0.043386414919622536,59.0,386.41847378097066,8.275043932162768,0.007558275020594631,-4.36300810323634
1113433224.5,60.0,376.53862777762674,8.30924861187835,-0.03222298345066053,79.0,349.4756618306448,9.651605391945733,-0.12648489762278986,87.0,332.04172716552665,10.51974649819923,-0.06802808714208022,59.0,387.2461635069629,8.27875058768247,0.05902102777499088,-4.360427736411643
1113433224.6,60.0,377.3694192718182,8.306581271948675,-0.0179235339592784,79.0,350.44014541330654,9.638066261290666,-0.14792024130428227,87.0,333.09335313025963,10.512772796459728,-0.09105011464594936,59.0,388.0743667367682,8.285314008423036,0.09175644318466508,-4.352524173140214
1113433224.7,60.0,378.2000210305133,8.305453901954754,0.014911741199165255,79.0,351.403194693096,9.622919334497059,-0.17766454425225436,87.0,334.1441845897765,10.503856393876505,-0.11234334012755054,59.0,388.9033686444571,8.29472414535635,0.12441690669982762,-4.342915794460466
1113433224.8,60.0,379.03003913946725,8.29490827712546,-0.024107704667914013,79.0,352.36455355311165,9.604257865814631,-0.22346568909004683,87.0,335.1940349051471,10.4931499135396,-0.12244885179268511,59.0,389.7334535949451,8.306974864401852,0.15701140760923488,-4.3327943343909965
1113433224.9,60.0,379.8595648300047,8.295605533621975,-0.035723496328237195,79.0,353.3238540203994,9.581751479940763,-0.26031144393799655,87.0,336.24273403826845,10.480832748885463,-0.138419337517266,59.0,390.5649008964756,8.321971166209343,0.1687179507876663,-4.298261391780775
1113433225.0,60.0,380.68916749347596,8.296447735803556,-0.03654541512288289,79.0,354.280798097868,9.557130069432208,-0.24648416437525414,87.0,337.2901365757992,10.467218001729512,-0.14993066333244276,59.0,391.3979660514309,8.33933193289597,0.1901704568022085,-4.283082848714158
1113433225.1,60.0,381.51885525098925,8.297307414462768,0.008352046129256756,79.0,355.2352922047407,9.532752068020029,-0.23379094888830634,87.0,338.33612591821435,10.452568846574941,-0.1603273130282388,59.0,392.232851925998,8.358385558446047,0.20371337655106364,-4.26440143607279
1113433225.2,60.0,382.348629608122,8.298179728192224,0.008443251265522056,79.0,356.1874157999902,9.509719836970591,-0.2199709157104527,87.0,339.3805562253918,10.436037296972536,-0.21461207469290824,59.0,393.06969666227343,8.378509167063902,0.2122895559338285,-4.242445833816263
1113433225.3,60.0,383.1784893424793,8.299014958955002,0.007638060515306025,79.0,357.1372808471881,9.487581106985745,-0.2161879338690345,87.0,340.4230812926028,10.414464047249382,-0.3020275038073093,59.0,393.90859513563754,8.39946030021682,0.22368075031230317,-4.217716811516595
1113433225.4,60.0,384.00842727699734,8.299743731404881,0.006393531119142129,79.0,358.08493423619467,9.465486673147902,-0.22285612666904,87.0,341.4629484892215,10.382879885124181,-0.45435497991880913,59.0,394.7496394494652,8.421425976337478,0.23628422173572125,-4.19029219877007
1113433225.5,60.0,384.83843396873584,8.300390103365691,0.006730028391205106,79.0,359.03036325427036,9.443093688366197,-0.2258785993786914,87.0,342.4989254039125,10.336658408696227,-0.6525642096255602,59.0,395.59295612384017,8.444907511161013,0.2554230878605653,-4.159795882724053
1113433225.6,60.0,385.66850740396603,8.30107860123899,0.008012376758398035,79.0,359.9735429487285,9.420500200796136,-0.22687401730226361,87.0,343.5294423953557,10.273681420168078,-0.7142554005880103,59.0,396.4387317674879,8.470605361794261,0.28269424953826877,-4.125720056503656
1113433225.7,60.0,386.4986575859664,8.30192503876714,0.01011189850488611,79.0,360.91446085200306,9.397857864694497,-0.22685747882015797,87.0,344.55294647938956,10.196400260508703,-0.8307109992747814,59.0,397.2872254621357,8.499268531161505,0.3185161583274299,-4.087540428882966
1113433225.8,60.0,387.32890099314363,8.302943104779485,0.01168735782566867,79.0,361.85311574778433,9.375240050930888,-0.2286578280006936,87.0,345.56838212564503,10.112312664601589,-0.8503262793368113,59.0,398.13876088314436,8.531439889009908,0.3572766484508115,-4.044635069107888
1113433225.9,60.0,388.15925036185837,8.304044269513707,-0.0019756715194201124,79.0,362.7895092354161,9.352629701706329,-0.22898638125632836,87.0,346.57550434723834,10.030131767263347,-0.7925932324533583,59.0,398.9936977524396,8.567297496895517,0.39594967141922377,-3.996349394774057
1113433226.0,60.0,388.9897036451987,8.305021397294368,-0.001500527066652519,79.0,363.7236302315081,9.329790220133376,-0.23329557558049763,87.0,347.5747555770517,9.954892829002782,-0.7122806734822436,59.0,399.85240113541346,8.606770162582126,0.43321469463183715,-3.9421731670195403
1113433226.1,60.0,389.82022943927774,8.305494484284747,-0.00018251210140697975,79.0,364.6554348472834,9.306302095371493,-0.24211522753551168,87.0,348.56685683121424,9.887132254249316,-0.6437534243700161,59.0,400.7152278559648,8.649764248444436,0.45941142380717814,-3.881623996140334
1113433226.2,60.0,390.6507585186205,8.305087102570958,0.001631800275884595,79.0,365.58484667953667,9.281934549693585,-0.24558982129791243,87.0,349.55210347538446,9.817800629153828,-0.6016894041079978,59.0,401.58253127278374,8.69630408793529,0.49634276772953434,-3.8139427417158234
1113433226.3,60.0,391.48120495267256,8.303841578472548,-0.012358552915380138,79.0,366.51179045647336,9.256940989041315,-0.24919949468032915,87.0,350.5309238765847,9.758607394851472,-0.5837502103492079,59.0,402.4546687458559,8.746445373507294,0.533371652834549,-3.738324026546783
1113433226.4,60.0,392.3115140418568,8.302340205209907,-0.011222865678583112,79.0,367.4362350085747,9.23195005298596,-0.2455378630143551,87.0,351.50389151921587,9.700745457771834,-0.5666113913856562,59.0,403.3319810476866,8.799800663109263,0.5623463864971958,-3.654812394500843
1113433226.5,60.0,393.1416937454474,8.301253866603933,-0.005839783590415881,79.0,368.35821223841435,9.207594543807769,-0.2366201573749934,87.0,352.47112244253924,9.643873008695563,-0.5556798572754602,59.0,404.21471665441874,8.854911471531281,0.5504019519292691,-3.564955550230058
1113433226.6,60.0,393.97179711145816,8.300813453609567,-0.0010775922765640042,79.0,369.27780395640764,9.184239816056825,-0.22200849172959394,87.0,353.43273098412254,9.588297822970539,-0.5410118729903033,59.0,405.1029295448062,8.909346336219201,0.5301436531715031,-3.4714901235575915
1113433226.7,60.0,394.80187736908994,8.300791699026455,0.0008786259650038393,79.0,370.19511548904677,9.161990836726861,-0.21119386516648192,87.0,354.3888605009382,9.534292513343104,-0.5247007411230967,59.0,405.99645624581973,8.96118768405143,0.4989199971886548,-3.377255881983433
1113433226.8,60.0,395.6319615447314,8.300891813803236,0.0009988016547642878,79.0,371.1102574292059,9.140847966454496,-0.2004718161083081,87.0,355.3396723801801,9.481945071494383,-0.500741022599345,59.0,406.8950636064637,9.01095952882654,0.48906350268450044,-3.2838535548705003
1113433226.9,60.0,396.46205556860684,8.30098866370657,0.0008174006016031066,79.0,372.02334066977824,9.120816844992884,-0.1895473798174401,87.0,356.28533221506154,9.43125162613543,-0.4847475989899687,59.0,407.79869980200647,9.061764382028674,0.5421372718709151,-3.190662220423513
1113433227.0,60.0,397.29215834162267,8.30106679660929,0.0006478063767097355,79.0,372.93447739506655,9.101917660774642,-0.17680275915834867,87.0,357.22601398851145,9.382383842861948,-0.4652498619697811,59.0,408.7076407592223,9.117054762285841,0.6033797677889491,-3.095137493577242
1113433227.1,60.0,398.1222679795775,8.301125962486262,0.0001913305676029001,79.0,373.8437825627737,9.084185693367086,-0.1652974442134814,87.0,358.1619346650646,9.336029688201506,-0.4358822599010476,59.0,409.62241353054856,9.178400664241623,0.66759676875885,-2.994596072378786
1113433227.2,60.0,398.9523825890543,8.30116622704984,0.000121563137575296,79.0,374.75137698691896,9.067702789537567,-0.15270476178170622,87.0,359.09340029933213,9.293282997148369,-0.3909684891590662,59.0,410.5435853138331,9.245035001449864,0.7129466158853336,-2.8879385204238686
1113433227.3,60.0,399.7825003261031,8.30118851392823,5.1626966499205684e-05,79.0,375.65738710072463,9.05249948657565,-0.1406102954622561,87.0,360.02080837279703,9.25487847215157,-0.3477768088445077,59.0,411.4715555851286,9.31437042445908,0.6739278273278375,-2.7760030796341204
1113433227.4,60.0,400.6126192072007,8.301189108021823,-4.701029790808584e-05,79.0,376.56193088178907,9.038376134713065,-0.1326805735948829,87.0,360.94457615045985,9.220477081105015,-0.3139646365330569,59.0,412.4064191993118,9.382901859206179,0.6485292992140591,-2.661112549239314
1113433227.5,60.0,401.4427365482779,8.301157713523638,-0.0005693223845341068,79.0,377.46510116971973,9.02502962390122,-0.12639554047838697,87.0,361.8650404393858,9.188808697412805,-0.2952049743381245,59.0,413.34794852412256,9.44768463700671,0.6015896643773868,-2.5462883227026367
1113433227.6,60.0,402.2728487258531,8.301085837979915,-0.0010452111312573159,79.0,378.3669721693731,9.012390369167532,-0.1189516553055817,87.0,362.78240544956947,9.158491506260892,-0.2965235349916408,59.0,414.29570035413207,9.507351963184153,0.5498159791240569,-2.434066139607755
1113433227.7,60.0,403.10295194247436,8.300978494445992,-0.0013660364814610903,79.0,379.26762116459867,9.000589535342872,-0.11012051293513189,87.0,363.6967652031002,9.128703564352794,-0.29348713023731227,59.0,415.24915578736443,9.561756701463413,0.48939574609131503,-2.3257500745728246
1113433227.8,60.0,403.9330433486665,8.300849629397376,-0.0015286468728915646,79.0,380.1671287066899,8.989561306481665,-0.09991542035353577,87.0,364.60816399927916,9.099272359227777,-0.2894576387526504,59.0,416.20779723063254,9.611072163895946,0.4419971027817977,-2.221719934651123
1113433227.9,60.0,404.7631211697283,8.300706791836625,-0.0010193432201761321,79.0,381.06555609850943,8.978986529910557,-0.0973819269677526,87.0,365.51664660040495,9.070379663287836,-0.28282086254080196,59.0,417.1711194038337,9.655371300129504,0.3946552708148979,-2.1220845490216513
1113433228.0,60.0,405.5931840840118,8.300551493835012,-0.0010974034069979202,79.0,381.9629488500656,8.968868501209673,-0.09139371376376833,87.0,366.42227871304976,9.042262589608653,-0.27037335242582056,59.0,418.1386224947192,9.69469051757784,0.3479442334433338,-2.026959596684182
1113433228.1,60.0,406.42323206371697,8.300408100267022,-0.0008570831173343656,79.0,382.8593892862428,8.959940222336582,-0.07518434355596061,87.0,367.3251469090599,9.015101330594035,-0.2603060694101813,59.0,419.1098148174368,9.729155936776548,0.28913853313199217,-1.9364305468334577
1113433228.2,60.0,407.25326952954737,8.300341216341888,-5.455979803899696e-05,79.0,383.75504498566045,8.953173766017564,-0.01433517835382585,87.0,368.22535333682333,8.98902722467398,-0.24913244546493818,59.0,420.0842188602459,9.758924919406779,0.24739829002748578,-1.8505141024435818
1113433228.3,60.0,408.0833067880085,8.30040395288237,-0.001475363545545961,79.0,384.65015525809326,8.949031682637576,-0.0073614703034816315,87.0,369.12301219487165,8.964149936292447,-0.23692252746752504,59.0,421.0613650735492,9.783999346657554,0.20452691369139098,-1.7692215097903505
1113433228.4,60.0,408.91335461915594,8.300552670064272,-0.0018122285976029371,79.0,385.54497849639546,8.947433083407864,-0.0010121529795548945,87.0,370.01824914919285,8.940589150131807,-0.2189103974415216,59.0,422.04077306546105,9.804160491578767,0.15884447798994852,-1.6926125513208243
1113433228.5,60.0,409.74341456642645,8.30064627534738,-0.0002570413371841258,79.0,386.43976176483955,8.948232285470104,0.0051984536306813834,87.0,370.9112030756587,8.918489379184301,-0.20417978410427165,59.0,423.0219384279531,9.81914675826063,0.05677212918118239,-1.6207384101697644
1113433228.6,60.0,410.5734748164959,8.30055872603991,0.0021924358336491236,79.0,387.3347445156738,8.951422731216946,0.050684258900659265,87.0,371.80202766640326,8.898002435707147,-0.18803354044366888,59.0,424.00434007472813,9.828886177240031,0.03279970805992874,-1.5535473316018373
1113433228.7,60.0,411.40351618945374,8.3002687331177,-0.003927657828315836,79.0,388.2301666428125,8.957019811560937,0.07837942437758573,87.0,372.69089108382553,8.879265912738154,-0.17066877024172603,59.0,424.98745935329276,9.833499394055186,0.009627289546300053,-1.490888598877253
1113433228.8,60.0,412.23352153355546,8.299838148917924,-0.004935259052117365,79.0,389.1262685264686,8.965017861559083,0.106048478808128,87.0,373.57797487450785,8.862409900908688,-0.14688392618287074,59.0,425.97078968119854,9.833107164059562,-0.013234564415926891,-1.4326123389254501
1113433228.9,60.0,413.063480609922,8.299343378410688,-0.005248834750731602,79.0,390.02329066657916,8.975424940652367,0.13392948780962993,87.0,374.4634734343831,8.847561296596707,-0.12776004676931046,59.0,426.9538322001263,9.827743214497778,-0.0911796366880476,-1.3786484751012138
1113433229.0,60.0,413.8933897269497,8.298838962144442,-0.0051338022415448065,79.0,390.9214782584222,8.988326896206546,0.1472932831661052,87.0,375.3475901061162,8.834772138065532,-0.10879183621700912,59.0,427.9360898162268,9.817409107508459,-0.1488918339644805,-1.3289794322412354
1113433229.1,60.0,414.7232488839434,8.29834417773043,-0.0038519225141515935,79.0,391.8210860972136,9.003829879622653,0.17460270483516335,87.0,376.2305256342,8.823938423610752,-0.09159160165865249,59.0,428.9170657609951,9.802109787860584,-0.20652641084809287,-1.2835766402288102
1113433229.2,60.0,415.5530585933749,8.29785001089783,-0.0039057002304907188,79.0,392.722361284531,9.021673866726129,0.1959006817960344,87.0,377.11246791337186,8.814907159825903,-0.05602530217092936,59.0,429.89626435515214,9.781862095280054,-0.26384740472709384,-1.2423738280818803
1113433229.3,60.0,416.3828204411389,8.297386944384133,-0.003363697636690454,79.0,393.6254958119273,9.041016681196533,0.2057235867435763,87.0,377.99360244366665,8.807783446071024,-0.04181041698432438,59.0,430.87319239421,9.756698685875007,-0.3217219697466617,-1.2052743322882533
1113433229.4,60.0,417.2125439761876,8.297083756588005,-0.0013958620665703292,79.0,394.53058059208,9.060678921860633,0.18459251957150957,87.0,378.8741440886204,8.803049453004727,-0.023205336322717224,59.0,431.8466973603668,9.713400637261836,-0.3787051122945935,-1.1722164566340483
1113433229.5,60.0,418.04225278699124,8.297092459485638,0.0017520764530428593,79.0,395.4375863759971,9.079436756479389,0.170385209964587,87.0,379.7543594828301,8.801258431189146,-0.001392213969082429,59.0,432.8162922618359,9.678497392118292,-0.43576502584714744,-1.1494950838841353
1113433229.6,60.0,418.8719779991171,8.297411783031487,0.003979092911568573,79.0,396.3463745706299,9.096327136178283,0.14925235793051453,87.0,380.63455559603364,8.802663832881198,0.03682061737660856,59.0,433.78215002059994,9.638657783164234,-0.49389557375848325,-1.124938039951257
1113433229.7,60.0,419.70174015829895,8.297831400605773,0.003552138085564454,79.0,397.25674145666443,9.111010584510291,0.12862071519299356,87.0,381.5150498436081,8.807221118608167,0.07454458174921408,59.0,434.7437674056436,9.593689917710318,-0.4850700153880596,-1.1045029495759477
1113433229.8,60.0,420.53153705916367,8.29810661669037,0.0013873974207204928,79.0,398.16849018599623,9.123964002126595,0.12462698498628513,87.0,382.3961577354549,8.814936718328985,0.11399951023062167,59.0,435.7006232210339,9.543426390094076,-0.5392480317460604,-1.0880548537610315
1113433229.9,60.0,421.36135036649694,8.29815952997273,-0.0005321040546612583,79.0,399.0815010099675,9.136252477300449,0.12411820076066324,87.0,383.2782077991357,8.826064555287585,0.15792853048893188,59.0,436.6522182776155,9.488474741538148,-0.5806090098322947,-1.0754340765881187
1113433230.0,60.0,422.1911620102941,8.298073345970886,-0.001348256206230419,79.0,399.99575339610993,9.148795245545806,0.1297744240631138,87.0,384.16156068474345,8.840993156865736,0.1763340158797004,59.0,437.5981889804953,9.430939316058353,-0.5919026992235557,-1.0663002090187175
1113433230.1,60.0,423.0209629156249,8.297944760643425,-0.0014572150495940847,79.0,400.9112850408334,9.161837648925474,0.1342318912334132,87.0,385.0466132416711,8.860057981687365,0.22076450184457605,59.0,438.5384362934028,9.37400694209132,-0.5426660808443015,-1.05980443857969
1113433230.2,60.0,423.85075080096993,8.297812946258407,-0.0014187076982036583,79.0,401.8281388808913,9.175239152230942,0.13633854569999673,87.0,385.9337725620273,8.883128425436613,0.2597664813551477,59.0,439.4731575146134,9.32041748212238,-0.5001348164657817,-1.0546275640539673
1113433230.3,60.0,424.6805256433664,8.29768390167186,-0.0013799787417594148,79.0,402.74634870452,9.188957320346033,0.13991852724149736,87.0,386.8233702502208,8.908825338435166,0.2754708553256934,59.0,440.4027328306305,9.27108883821894,-0.45975457513105333,-1.0495639525808342
1113433230.4,60.0,425.51028710433786,8.29754531775454,-0.0016072638432111626,79.0,403.66594887691764,9.203046127607752,0.14380249313865004,87.0,387.7155228542579,8.934226742306247,0.19462269498665738,59.0,441.3275337935412,9.224930419997017,-0.4384451822117875,-1.0441308975840613
1113433230.5,60.0,426.34003306394857,8.29737387446138,-0.0020882782957251543,79.0,404.58697180426697,9.217412419377665,0.14550652247348167,87.0,388.61003119392046,8.955940050943274,0.1524466249694405,59.0,442.2477756583725,9.179906876626028,-0.4537390298642138,-1.0386762669530982
1113433230.6,60.0,427.169759808226,8.297161011085224,-0.002500093532136377,79.0,405.5094322132901,9.231795761086303,0.14265165058093457,87.0,389.5064024669982,8.971485410613504,0.09603312076674575,59.0,443.16349343642304,9.134448684385973,-0.4633100382332935,-1.033955181878607
1113433230.7,60.0,427.99946417579173,8.296926340230577,-0.0025076549558911325,79.0,406.43332101216777,9.245980216465462,0.1400345584010493,87.0,390.4039755896132,8.979977041684345,0.03969859429987699,59.0,444.0746170328714,9.088023244582045,-0.47325176086732784,-1.03057093815199
1113433230.8,60.0,428.8291448854768,8.296687853470992,-0.002531177695487601,79.0,407.35862079224404,9.260015385059758,0.13967647006574532,87.0,391.30209978398767,8.982506845808517,0.0013584489096912097,59.0,444.9810552745938,9.040741589863861,-0.48058285641002607,-1.0287446524411128
1113433230.9,60.0,429.6588005485991,8.296425408974935,-0.003013842490122167,79.0,408.28532918231207,9.274152416301423,0.14206460924559292,87.0,392.2003073041706,8.981643557848667,-0.026750246090708505,59.0,445.8827332794914,8.992818508088542,-0.48338173172965265,-1.0284416689422837
1113433231.0,60.0,430.4884273970374,8.29611155979134,-0.003617274124712974,79.0,409.213448727623,9.288238489915637,0.14923033587651588,87.0,393.09836140497015,8.979438458142491,-0.03810811763859004,59.0,446.7795933236027,8.944382374136532,-0.4880956601977624,-1.0295549662600278
1113433231.1,60.0,431.31802094229215,8.295759345303956,-0.0020941723146218685,79.0,410.1429266051236,9.301319060097743,0.1313270260884044,87.0,393.9961255377945,8.975844198345321,-0.06760946447775756,59.0,447.6715884046866,8.8955192475414,-0.4919458689857425,-1.0320068589097657
1113433231.2,60.0,432.1475774601125,8.29537101110082,-0.00239861718812622,79.0,411.07364250513444,9.312998940116636,0.11918776650446128,87.0,394.8933875431058,8.969395907878782,-0.08963743929748626,59.0,448.5586816260569,8.846345179865336,-0.49433216599827823,-1.0357721018962958
1113433231.3,60.0,432.9770908776949,8.294897340548792,-0.0030814617405430754,79.0,412.00557495587094,9.325650074613927,0.15215888513298448,87.0,395.7898114239134,8.959081708275962,-0.13316132630998215,59.0,449.44085103332014,8.797042965397397,-0.4924680377029384,-1.0408063130073966
1113433231.4,60.0,433.80655853418733,8.294455789299162,-0.0020270164806206427,79.0,412.93902890416535,9.343428891275874,0.22800817583178618,87.0,396.6850320052222,8.945329917896323,-0.16389341758282341,59.0,450.31809384129105,8.747813194021345,-0.49083790818653295,-1.0469953601523563
1113433231.5,60.0,434.6360212845789,8.294799218531564,0.013294833967465069,79.0,413.87462724995163,9.368538024448876,0.30781619354034706,87.0,397.5787748078768,8.92952613519732,-0.1774867585680757,59.0,451.1904220427077,8.698750834311351,-0.48912418941658775,-1.0543570165556262
1113433231.6,60.0,435.46563742481885,8.297523586266948,0.05654245100241455,79.0,414.8130777421178,9.400471818876074,0.3736452150523023,87.0,398.4709000153218,8.912978013702945,-0.16765957418569163,59.0,452.05785021578555,8.649812627245241,-0.4883581072549028,-1.0634946188968692
1113433231.7,60.0,436.2957335507631,8.304398932618485,0.11970230339797451,79.0,415.75497214839663,9.437416306698463,0.4147434860953528,87.0,399.3613642077424,8.896305834707949,-0.16784080520414166,59.0,452.92038905420475,8.600964141141302,-0.48620127907111316,-1.0758151915162046
1113433231.8,60.0,437.1267625825176,8.316181702472766,0.18234086256707907,79.0,416.70063547364794,9.475850198327851,0.3482581965289804,87.0,400.2501560465094,8.8795309406347,-0.16972654741898754,59.0,453.77805441157693,8.552343006300836,-0.48269435250786824,-1.092945198935414
1113433231.9,60.0,437.9591710308226,8.33198726362506,0.16240549667858584,79.0,417.64999761051246,9.511392538964962,0.3032554125380891,87.0,401.13725831139527,8.862514357078563,-0.1727044114086219,59.0,454.63088244062254,8.50421757461242,-0.4763231752351562,-1.1156699286770808
1113433232.0,60.0,438.7932541334984,8.349674789893054,0.16806135606992897,79.0,418.60264724825294,9.541600215843005,0.25047043194925667,87.0,402.0226432732431,8.8451848798812,-0.17674088681106687,59.0,455.4789274190848,8.45668199463161,-0.47094010726739893,-1.1433619202316703
1113433232.1,60.0,439.6290812864739,8.36686826961435,0.15317492339620786,79.0,419.5580471221476,9.56639726205094,0.20407512637749625,87.0,402.90627786271045,8.827506909466521,-0.18045020020302535,59.0,456.322228931303,8.409348249733148,-0.47680678034543506,-1.1743340714814094
1113433232.2,60.0,440.4665114818818,8.381735638546372,0.12460120793910519,79.0,420.51568979100364,9.586456115067234,0.1443420351234668,87.0,403.78812534803126,8.80944279694848,-0.18454305608754654,59.0,457.16076938488783,8.3614608219637,-0.48657153851534646,-1.2067763728385414
1113433232.3,60.0,441.305238841911,8.39281156203344,0.25023352638776586,79.0,421.47512547922315,9.60225764932563,0.11118852492471092,87.0,404.6681465413561,8.790981069549401,-0.1884841819464467,59.0,457.994464951282,8.312450505918486,-0.4993965553606214,-1.2393935350870968
1113433232.4,60.0,442.1448004908439,8.398421416628002,0.06830553285642478,79.0,422.4359336664431,9.6139060950712,0.07718140272805944,87.0,405.5463037472025,8.772163047376393,-0.19208000493696004,59.0,458.82321082450295,8.262466958501383,-0.5061505814205998,-1.271053042336543
1113433232.5,60.0,442.9845651145084,8.396871056661984,-0.15633815415539654,79.0,423.3976869165583,9.621158907233132,0.04010563556556645,87.0,406.4225623702959,8.753009414492338,-0.19560940832304774,59.0,459.6469569576365,8.212455704168947,-0.4737726743192953,-1.3000389606736542
1113433232.6,60.0,443.823777936158,8.387385376329641,-0.38227824639882135,79.0,424.35993175566495,9.623737874901414,0.002636049833425903,87.0,407.2968821900993,8.733386981577548,-0.2015690042276174,59.0,460.4657709852166,8.16382484743367,-0.453328822967811,-1.324153219857258
1113433232.7,60.0,444.6616873963695,8.370803827902439,-0.19981355251652733,79.0,425.3222027072768,9.621681157333342,-0.05744972492098039,87.0,408.1692060016653,8.713089249739413,-0.20927815956993231,59.0,461.2798683312028,8.11812207229106,-0.4179515555691799,-1.3417288124485411
1113433232.8,60.0,445.4976988025035,8.349424294775108,-0.23392048908052326,79.0,426.28405157456433,9.615296188419105,-0.11271637709614821,87.0,409.03947593363574,8.692309389670637,-0.188112951410864,59.0,462.08961550125343,8.076821328720744,-0.3694082355925303,-1.352495082798637
1113433232.9,60.0,446.3314711267376,8.326022189906569,-0.24084617051197785,79.0,427.2450579115398,9.604830551091103,-0.16620380766160459,87.0,409.9076971332045,8.672114601702571,-0.17574694098475055,59.0,462.8955070464557,8.041009575324066,-0.2962741845358055,-1.3576161122923291
1113433233.0,60.0,447.16290280144466,8.302611304237267,-0.23409862824668076,79.0,428.20481766354027,9.590364488916883,-0.17853772620859645,87.0,410.7740162588267,8.654267910743204,-0.14580607865388215,59.0,463.69810947876135,8.011039070790192,-0.2440198624409501,-1.3589521673410092
1113433233.1,60.0,447.99203016385,8.279935943866867,-0.21961546827385328,79.0,429.16293085524666,9.571899345211873,-0.22060076151399838,87.0,411.63874686615577,8.640344235837603,-0.10506394092326161,59.0,464.49798753654784,7.986522084939752,-0.19796073517746796,-1.3580431893231932
1113433233.2,60.0,448.81892479594,8.257956697933537,-0.21383356338110288,79.0,430.1190092965515,9.549669480883388,-0.2616604474860967,87.0,412.50230589787134,8.630836398473361,-0.0541311644289687,59.0,465.2956535659332,7.966798502767326,-0.1576066534454029,-1.3556081363470627
1113433233.3,60.0,449.6436493406273,8.236534195810231,-0.20863601674633986,79.0,431.07267665533993,9.52367769488521,-0.3022129956591124,87.0,413.36509990332354,8.625043710571006,-0.031154898894902413,59.0,466.0915646626599,7.951423431764104,-0.08752799381584811,-1.35177521769267
1113433233.4,60.0,450.4662600063929,8.21567911950334,-0.20264345379288845,79.0,432.0235637048757,9.494063295830104,-0.32266847382792035,87.0,414.2274420760941,8.621799744838796,-0.016606187412775374,59.0,466.88615055750995,7.940294465239299,-0.05933878321758148,-1.3465001023193914
1113433233.5,60.0,451.28681711705036,8.195463093647449,-0.19495916758697215,79.0,432.97132903804203,9.461243367496078,-0.35254474443022,87.0,415.08954438663255,8.62024646593115,-0.00626282357314599,59.0,467.6798417889262,7.933530163084066,-0.02992837867072308,-1.339739438783302
1113433233.6,60.0,452.105386892462,8.175932414583691,-0.18809144399603103,79.0,433.915687814304,9.425932157745756,-0.3739222768700046,87.0,415.95155775448114,8.620020891042381,0.005938409053721187,59.0,468.4730844484634,7.931323027659783,0.0008012476367334545,-1.3314155545291542
1113433233.7,60.0,452.9220391635584,8.157113007344453,-0.18100916070330525,79.0,434.8564266058794,9.388843673759183,-0.38910908560030294,87.0,416.8136154687134,8.621133393601246,0.02712706947789804,59.0,469.26634180189416,7.933824040957362,0.05877770802453463,-1.321395778147347
1113433233.8,60.0,453.73684604053983,8.139024532281963,-0.17375584325133797,79.0,435.79338073145516,9.350238837757258,-0.4040898575635015,87.0,417.67588098956537,8.624177023438676,0.06333481417905412,59.0,470.0600849575366,7.941039071890873,0.11500556733633893,-1.3095457457146638
1113433233.9,60.0,454.54988134375856,8.121681532093683,-0.1654821293489205,79.0,436.72638000603393,9.309746653819076,-0.42685131878381316,87.0,418.5386242572137,8.630688329524595,0.13019233762989146,59.0,470.85478028787,7.9528675347784015,0.1698981346744802,-1.2957888534271431
1113433234.0,60.0,455.36122031553987,8.105097903533865,-0.15799724660954126,79.0,437.65520856379317,9.266824501363336,-0.4539553057088079,87.0,419.40229268139365,8.642680154076439,0.16284002675265277,59.0,471.6508923566352,7.969373840524194,0.22767741324022028,-1.2800946126007553
1113433234.1,60.0,456.1709396913761,8.089289613188468,-0.150358423408834,79.0,438.5796202339469,9.221408901713415,-0.47801941452944435,87.0,420.26748829528185,8.661232123689288,0.23406263504764507,59.0,472.44890904482565,7.99095992328492,0.292494811760014,-1.2623697452797136
1113433234.2,60.0,456.9791175216042,8.074266991375488,-0.14267203803654482,79.0,439.4993880414376,9.173947248098703,-0.4909633660707406,87.0,421.1348224123206,8.685450217083881,0.2840616359938267,59.0,473.2493488845313,8.0178368708282,0.35541083694414455,-1.2423856258214978
1113433234.3,60.0,457.78583239859074,8.060030548353302,-0.15677424109577173,79.0,440.41433054786984,9.124902880548891,-0.5053731264283426,87.0,422.0047407136217,8.712915808937485,0.30353993635164794,59.0,474.052700745785,8.049200354245608,0.4006489066875295,-1.2199905392465809
1113433234.4,60.0,458.59116275964396,8.046576672713408,-0.14793144302986772,79.0,441.32429484442423,9.07438305053824,-0.520937390948438,87.0,422.8774430329432,8.741130577491015,0.2609793916975171,59.0,474.85955002986765,8.087785327407365,0.5294947424877979,-1.195455886709952
1113433234.5,60.0,459.39518673914364,8.033902917280694,-0.13910594477797314,79.0,442.2291254634668,9.022229330312097,-0.5385656116769139,87.0,423.75291981615123,8.768405086672178,0.246485739981955,59.0,475.6713775388917,8.148764853072867,0.8041022860190712,-1.167604014893182
1113433234.6,60.0,460.1979823623876,8.022009547598529,-0.13025713264024152,79.0,443.12865509491166,8.968363298586258,-0.5535863577738136,87.0,424.63101630252635,8.7935246408309,0.2208846450986753,59.0,476.4912831098422,8.249346565937666,1.268916400959334,-1.1301340720614792
1113433234.7,60.0,460.9992140233774,8.002623672198915,-0.1026144513593276,79.0,444.0227183283686,8.912901370552216,-0.568790919276537,87.0,425.5114510717762,8.815170744164808,0.18185927251781228,59.0,477.32284432834683,8.381877804156868,1.4625914011210104,-1.075887738031576
1113433234.8,60.0,461.7989605241242,7.992306342733124,-0.09514986530149708,79.0,444.9111644197974,8.856020458024462,-0.5823021995898456,87.0,426.39381718310545,8.832151482420612,0.11551796517326046,59.0,478.1678026268386,8.517288165675676,1.3282559790213728,-1.0008811393385142
1113433234.9,60.0,462.59771427565886,7.982768687961663,-0.0876695149149877,79.0,445.79385711702747,8.797833486576648,-0.5952214979875099,87.0,427.27763099569785,8.844124769426806,0.07641207807029322,59.0,479.02542460811156,8.635151459784947,0.935706781920359,-0.9304849092628231
1113433235.0,60.0,463.3955537666089,7.974021131040608,-0.08000513603805601,79.0,446.67066745141256,8.738373201123489,-0.5989389367460111,87.0,428.1624273074676,8.851801465968798,0.046644247106776046,59.0,479.8937737135571,8.731830649124499,0.7578230468242977,-0.8658093884544243
1113433235.1,60.0,464.1925588119329,7.966079775437529,-0.07052668474110405,79.0,447.54147510853966,8.677779941421432,-0.6088668372255328,87.0,429.0478345410481,8.856343205641735,0.026159176997013506,59.0,480.77080162174974,8.808727514728178,0.589179721056166,-0.808446230686811
1113433235.2,60.0,464.98881023645123,7.958948714929698,-0.06296497220386327,79.0,448.40619382342504,8.616594356283334,-0.6107457628720343,87.0,429.9335829427881,8.858624829155348,0.021122766487358082,59.0,481.6545673929345,8.86658790896935,0.4243610856030512,-0.7580731466156978
1113433235.3,60.0,465.784388882523,7.952624206503985,-0.05542823287185049,79.0,449.26481403119067,8.555809799030591,-0.6008731462139151,87.0,430.81946447228194,8.859005760723399,-0.00873846250207032,59.0,482.54318971454927,8.905858523325334,-0.3389016030860367,-0.7145562042737359
1113433235.4,60.0,466.5793755228684,7.947108600405109,-0.047822524345298996,79.0,450.1174260577831,8.496430732817739,-0.5803823347769448,87.0,431.7052915538377,8.857535870391768,-0.039048516101327084,59.0,483.43483520988,8.927051383291012,-0.13848744554846143,-0.6778358349258221
1113433235.5,60.0,467.37385122958966,7.942405534021316,-0.037830796087591996,79.0,450.96418838772695,8.438815866059016,-0.5634281645083711,87.0,432.59087825291226,8.854198111099771,-0.06946395482084798,59.0,484.3277248447173,8.930741313452259,0.05536830768512576,-0.6478228350071088
1113433235.6,60.0,468.16789680285,7.938505931183893,-0.030836302070837877,79.0,451.805255388543,8.382524150263233,-0.5541142194677772,87.0,433.4760387590903,8.849012012461657,-0.06694298305380991,59.0,485.2201373286753,8.917508365709615,0.24271625210162426,-0.6244086465074509
1113433235.7,60.0,468.961591343807,7.935384887956658,-0.02412134120106603,79.0,452.6407250011341,8.326868101557665,-0.5508084582979559,87.0,434.3605915557706,8.842043921142995,-0.08602431942998766,59.0,486.11040915068276,8.88792807444056,-0.4216949621219141,-0.6074859151260247
1113433235.8,60.0,469.75501101923913,7.9330086206841965,-0.017721734838086617,79.0,453.47064627696756,8.271557415112634,-0.5464540352275606,87.0,435.24436302426966,8.833385448839344,-0.10405113902063093,59.0,486.9969342635039,8.84257418198067,-0.5953312971444227,-0.5969587834447247
1113433235.9,60.0,470.54822917610335,7.931354516601558,0.027033844413380137,79.0,454.29506304250265,8.216777895590791,-0.5394698238605186,87.0,436.1271866866568,8.823087798903272,-0.12200843175801365,59.0,487.8781644128588,8.782028805118225,-0.7623523504222177,-0.5927542501368658
1113433236.0,60.0,471.34131851780677,7.930432317467757,0.011457866140984499,79.0,455.1140423960519,8.16280917539295,-0.5303811244288544,87.0,437.0088965428588,8.811109325135414,-0.14554905020639958,59.0,488.75261001313106,8.706883200325663,-0.922730212448712,-0.5948386207752878
1113433236.1,60.0,472.13435412910786,7.930279908553257,-0.005096463697834307,79.0,455.9276732600101,8.109808103773004,-0.5202876059966589,87.0,437.8890486315092,8.7919324478741,-0.16484573738225922,59.0,489.61884003275867,8.617717192226833,-1.0115896450589863,-0.6032372287231589
1113433236.2,60.0,472.92741513373454,7.9309401839821145,-0.022462801716996165,79.0,456.73605857300697,8.057898156161276,-0.5051520039705076,87.0,438.76747891677593,8.776673257460075,-0.18127925215789265,59.0,490.47548068072496,8.515095767099815,-1.1503595412543384,-0.6180444263985351
1113433236.3,60.0,473.72058453098947,7.932447761115511,0.030729569571547113,79.0,457.53931521770005,8.007234737700708,-0.49207100730803066,87.0,439.64431895174926,8.760127442005906,-0.1940303183776043,59.0,491.32121514945374,8.399593607474753,-1.2829510438377036,-0.6394160166656175
1113433236.4,60.0,474.5139496505906,7.934854630907822,0.04556681134949312,79.0,458.3375753722484,7.957968353267337,-0.47765377108785684,87.0,440.5194522683157,8.742538889322997,-0.18578894633937768,59.0,492.154784714997,8.271797703390414,-1.4093546857635542,-0.6675592681239885
1113433236.5,60.0,475.30761281190814,7.938408595442954,0.06709180974356713,79.0,459.13098583950546,7.91024099187266,-0.46177796282518263,87.0,441.39277639406515,8.723943625664491,-0.19660807783654444,59.0,492.97498918519835,8.132291700635374,-1.4972306990369262,-0.7027569674215702
1113433236.6,60.0,476.1017512830601,7.944360827595099,0.12159050828673117,79.0,459.91970952318115,7.864232681642116,-0.443651115548431,87.0,442.2641852882035,8.70423425710523,-0.20869964050814846,59.0,493.7806864527481,7.981653650361345,-1.6090354838685332,-0.7455116012382769
1113433236.7,60.0,476.8969166059903,7.958945631010645,0.2496977785989405,79.0,460.7039273115646,7.820123086026514,-0.4242462020927733,87.0,443.1335647657396,8.68335529361427,-0.2206598810045568,59.0,494.5707919378446,7.820456051570046,-1.714976271329397,-0.7971768907412142
1113433236.8,60.0,477.694751802785,7.997758304881065,0.6519093168007448,79.0,461.48382854942264,7.777901671134235,-0.40649940372430843,87.0,444.00080069215795,8.661363234754136,-0.22894254938667596,59.0,495.3442779867575,7.649264926686514,-1.8151092619860132,-0.8631445021025494
1113433236.9,60.0,478.49841840734405,8.075573786301067,1.1557216239187609,79.0,462.2595830071383,7.737187483180478,-0.39459011028861646,87.0,444.8657856711881,8.638336345847012,-0.23917501746057865,59.0,496.1001740595424,7.468656529013288,-1.8872888564679786,-0.9571916392962732
1113433237.0,60.0,479.3115264877975,8.186587822768672,1.4231020691441625,79.0,463.03130908122125,7.6973339984767035,-0.38527538106307063,87.0,445.72841936310954,8.614337492581788,-0.2487017792251467,59.0,496.8375674559137,7.279211398410331,-1.9744403871622764,-1.095596887980666
