t1,ID1,Y1,v1,a1,ID2,Y2,v2,a2,ID3,Y3,v3,a3,ID4,Y4,v4,a4,ID5,Y5,v5,a5,ID6,Y6,v6,a6
0.0,94,86.4516,6.2969,0.0125,102,73.3643,6.035,-0.0059,109,56.8519,6.3699,-0.2075,123,34.3674,6.6856,-0.5362,126,21.1104,6.9217,-0.3775,150,0.0,7.3885,0.3056
0.1,94,87.0816,6.3022,0.087,102,73.9679,6.036,0.0313,109,57.4878,6.3486,-0.2383,123,35.0332,6.6297,-0.603,126,21.8007,6.8847,-0.3318,150,0.7404,7.4191,0.2751
0.2,94,87.7123,6.3124,0.1387,102,74.5717,6.0403,0.0785,109,58.1215,6.3249,-0.2592,123,35.6931,6.5692,-0.6303,126,22.4876,6.8533,-0.2519,150,1.4837,7.4474,0.2616
0.3,94,88.3443,6.3266,0.1754,102,75.1761,6.0476,0.1069,109,58.7527,6.3,-0.2392,123,36.3471,6.5107,-0.4056,126,23.1717,6.8285,-0.1958,150,2.2298,7.4741,0.231
0.4,94,88.9778,6.3434,0.1985,102,75.7812,6.056,0.092,109,59.3815,6.2754,-0.2285,123,36.9958,6.4632,-0.2925,126,23.8536,6.8089,-0.1549,150,2.9784,7.4982,0.2024
0.5,94,89.613,6.3622,0.2039,102,76.3872,6.064,0.0813,109,60.0079,6.2525,-0.2081,123,37.6406,6.4324,-0.1603,126,24.5337,6.7933,-0.1259,150,3.7292,7.5187,0.165
0.6,94,90.2503,6.3826,0.22,102,76.994,6.0715,0.0823,109,60.6321,6.2319,-0.1833,123,38.2831,6.4189,-0.0372,126,25.2124,6.7805,-0.1177,150,4.4819,7.5348,0.1244
0.7,94,90.8896,6.4044,0.2328,102,77.6016,6.0803,0.1089,109,61.2544,6.2141,-0.1201,123,38.9251,6.4211,0.1056,126,25.8899,6.7695,-0.105,150,5.236,7.5464,0.0165
0.8,94,91.5312,6.4275,0.2483,102,78.2102,6.0925,0.1529,109,61.8753,6.2049,-0.0928,123,39.568,6.4361,0.2315,126,26.5663,6.759,-0.1073,150,5.991,7.5535,0.0087
0.9,94,92.1752,6.4527,0.2723,102,78.8203,6.1095,0.2066,109,62.4953,6.1943,-0.0624,123,40.2128,6.4606,0.3219,126,27.2417,6.7477,-0.1191,150,6.7464,7.5561,0.0008
1.0,94,92.8219,6.4808,0.3063,102,79.4324,6.1312,0.2514,109,63.1144,6.1875,-0.0386,123,40.8604,6.4915,0.3719,126,27.9158,6.7356,-0.1197,150,7.502,7.5544,-0.007
1.1,94,93.4716,6.512,0.3356,102,80.0467,6.156,0.2719,109,63.7329,6.1827,-0.0489,123,41.5112,6.5242,0.305,126,28.5888,6.7233,-0.1153,150,8.2571,7.5483,-0.097
1.2,94,94.1244,6.5454,0.3521,102,80.6636,6.1808,0.1728,109,64.3509,6.1775,-0.0679,123,42.1652,6.5547,0.2694,126,29.2605,6.7119,-0.1041,150,9.0114,7.5376,-0.1503
1.3,94,94.7807,6.5793,0.2781,102,81.2827,6.2018,0.1326,109,64.9683,6.17,-0.1028,123,42.822,6.5818,0.2391,126,29.9312,6.7016,-0.0927,150,9.7644,7.5221,-0.208
1.4,94,95.4402,6.6109,0.2418,102,81.9036,6.2163,0.0767,109,65.5848,6.1595,-0.1323,123,43.4814,6.6059,0.2156,126,30.6009,6.6924,-0.09,150,10.5156,7.5016,-0.2685
1.5,94,96.1025,6.6358,0.1689,102,82.5255,6.2225,0.013,109,66.2001,6.1475,-0.1275,123,44.143,6.6271,0.1493,126,31.2697,6.6842,-0.0813,150,11.2644,7.4759,-0.3059
1.6,94,96.7669,6.651,0.0813,102,83.1477,6.2203,-0.0585,109,66.8143,6.1358,-0.1148,123,44.8066,6.6441,0.1115,126,31.9378,6.6767,-0.0735,150,12.0105,7.4451,-0.3607
1.7,94,97.4322,6.6564,0.0667,102,83.7693,6.212,-0.0972,109,67.4273,6.1252,-0.1052,123,45.4716,6.6557,0.0665,126,32.6051,6.6695,-0.0757,150,12.7532,7.4089,-0.4212
1.8,94,98.0978,6.6549,-0.304,102,84.39,6.2021,-0.0902,109,68.0393,6.1142,-0.1213,123,46.1374,6.6614,0.0217,126,33.2716,6.6604,-0.13,150,13.492,7.3667,-0.4918
1.9,94,98.7632,6.6524,-0.1278,102,85.0098,6.1942,-0.0584,109,68.65,6.1006,-0.1433,123,46.8036,6.662,-0.0188,126,33.9368,6.645,-0.2343,150,14.2262,7.3179,-0.5212
2.0,94,99.4285,6.6542,0.4324,102,85.629,6.1898,-0.0473,109,69.2593,6.0839,-0.168,123,47.4697,6.6592,-0.0451,126,34.6001,6.6191,-0.3808,150,14.9553,7.2635,-0.5684
2.1,94,100.0943,6.6631,0.1318,102,86.248,6.1887,0.0073,109,69.8668,6.0665,-0.1568,123,48.1354,6.6551,-0.0506,126,35.2601,6.5811,-0.5214,150,15.6788,7.2061,-0.5831
2.2,94,100.7614,6.6784,0.1875,102,86.8669,6.1905,0.0562,109,70.4727,6.052,-0.1133,123,48.8007,6.6506,-0.0527,126,35.9158,6.5337,-0.4894,150,16.3965,7.1487,-0.5663
2.3,94,101.4302,6.6973,0.2063,102,87.4862,6.1949,0.1035,109,71.0774,6.0425,-0.0663,123,49.4655,6.6453,-0.0687,126,36.5666,6.4825,-0.4956,150,17.1086,7.094,-0.5136
2.4,94,102.1009,6.7167,0.2,102,88.106,6.2018,0.0898,109,71.6814,6.0372,-0.035,123,50.1296,6.6375,-0.106,126,37.2124,6.4326,-0.4652,150,17.8155,7.0436,-0.4684
2.5,94,102.7735,6.7356,0.1925,102,88.7267,6.2112,0.116,109,72.285,6.0338,-0.0302,123,50.7928,6.6261,-0.1494,126,37.8533,6.3868,-0.4167,150,18.5176,6.9975,-0.429
2.6,94,103.448,6.7546,0.2007,102,89.3484,6.2229,0.1412,109,72.8882,6.0301,-0.0415,123,51.4547,6.6114,-0.1799,126,38.49,6.347,-0.3267,150,19.2152,6.9545,-0.4096
2.7,94,104.1245,6.7749,0.2182,102,89.9714,6.2369,0.1651,109,73.4909,6.0252,-0.0429,123,52.115,6.5949,-0.1596,126,39.1231,6.315,-0.2527,150,19.9085,6.912,-0.4366
2.8,94,104.8031,6.7969,0.2365,102,90.5959,6.253,0.1807,109,74.0932,6.0196,-0.0436,123,52.7736,6.5781,-0.1557,126,39.7534,6.2902,-0.1963,150,20.5975,6.8677,-0.4651
2.9,94,105.484,6.8204,0.2596,102,91.2221,6.2714,0.2045,109,74.6949,6.0147,-0.0312,123,53.4306,6.5623,-0.1423,126,40.3814,6.27,-0.1679,150,21.2818,6.8198,-0.4927
3.0,94,106.1672,6.8452,0.2704,102,91.8503,6.292,0.2277,109,75.2962,6.0121,-0.0086,123,54.0862,6.5484,-0.1186,126,41.0075,6.2527,-0.1096,150,21.9614,6.771,-0.5014
3.1,94,106.8531,6.8709,0.2799,102,92.4806,6.3146,0.2475,109,75.8975,6.0126,0.0241,123,54.7405,6.5373,-0.1059,126,41.6321,6.2389,-0.0778,150,22.6361,6.7224,-0.4613
3.2,94,107.5415,6.898,0.2988,102,93.1133,6.3391,0.2789,109,76.4989,6.0155,0.0487,123,55.3937,6.5282,-0.0923,126,42.2556,6.2307,-0.0331,150,23.306,6.6759,-0.4352
3.3,94,108.233,6.9313,0.3039,102,93.7485,6.3654,0.3024,109,77.1006,6.0199,0.0606,123,56.0461,6.5187,-0.1152,126,42.8786,6.2287,0.0052,150,23.9714,6.6323,-0.4043
3.4,94,108.9277,6.9628,0.3223,102,94.3865,6.3941,0.329,109,77.7029,6.0256,0.0807,123,56.6973,6.5061,-0.16,126,43.5015,6.2311,0.046,150,24.6326,6.592,-0.3704
3.5,94,109.6256,6.9952,0.3195,102,95.0274,6.4248,0.3468,109,78.3059,6.034,0.1107,123,57.3471,6.4899,-0.1949,126,44.1249,6.2365,0.0718,150,25.29,6.5553,-0.3488
3.6,94,110.3266,7.0264,0.3019,102,95.6719,6.4648,0.3173,109,78.9099,6.047,0.1685,123,57.9952,6.4713,-0.2129,126,44.749,6.2442,0.0958,150,25.9438,6.5214,-0.3264
3.7,94,111.0308,7.0561,0.2904,102,96.3199,6.4961,0.3109,109,79.5155,6.0648,0.2125,123,58.6413,6.4506,-0.2381,126,45.3739,6.2536,0.1107,150,26.5943,6.4887,-0.3245
3.8,94,111.7378,7.0845,0.2821,102,96.9711,6.527,0.3099,109,80.123,6.0851,0.2223,123,59.2851,6.4263,-0.2933,126,45.9997,6.2636,0.0868,150,27.2415,6.4556,-0.3352
3.9,94,112.4476,7.1123,0.279,102,97.6253,6.5582,0.3168,109,80.7325,6.1054,0.2112,123,59.9262,6.396,-0.3424,126,46.6265,6.2725,0.0723,150,27.8854,6.4218,-0.3169
4.0,94,113.1603,7.1403,0.2849,102,98.2828,6.5902,0.3274,109,81.3441,6.1253,0.2142,123,60.564,6.3593,-0.4012,126,47.2541,6.2798,0.0567,150,28.5259,6.3888,-0.2984
4.1,94,113.8758,7.1697,0.3356,102,98.9434,6.6231,0.3346,109,81.9577,6.147,0.2482,123,61.1979,6.3186,-0.4221,126,47.8824,6.2855,0.0442,150,29.1633,6.359,-0.2582
4.2,94,114.5944,7.2029,0.3927,102,99.6074,6.6566,0.3405,109,82.5737,6.1726,0.2996,123,61.8277,6.2776,-0.4076,126,48.5112,6.2896,0.0478,150,29.798,6.3339,-0.2097
4.3,94,115.3167,7.2429,0.4839,102,100.2748,6.6906,0.3454,109,83.1924,6.2027,0.3224,123,62.4535,6.2387,-0.3432,126,49.1402,6.291,-0.0052,150,30.4303,6.3135,-0.1843
4.4,94,116.0434,7.2919,0.5897,102,100.9455,6.725,0.3471,109,83.8144,6.2356,0.3398,123,63.076,6.2103,-0.3236,126,49.7691,6.2882,-0.0789,150,31.0608,6.2965,-0.1601
4.5,94,116.7755,7.3499,0.6091,102,101.6198,6.7598,0.35,109,84.4396,6.2693,0.3399,123,63.6953,6.1756,-0.308,126,50.3976,6.2812,-0.136,150,31.6897,6.2808,-0.1572
4.6,94,117.5137,7.4145,0.6553,102,102.2975,6.7949,0.3516,109,85.0682,6.303,0.3372,123,64.3112,6.1428,-0.2893,126,51.0253,6.2723,-0.0571,150,32.317,6.2646,-0.1702
4.7,94,118.2585,7.4809,0.6434,102,102.9788,6.83,0.3521,109,85.7002,6.3366,0.3431,123,64.924,6.1123,-0.2955,126,51.6522,6.2651,-0.0352,150,32.9425,6.2463,-0.2092
4.8,94,119.0097,7.5436,0.5824,102,103.6635,6.8651,0.3479,109,86.3356,6.3709,0.3524,123,65.5338,6.0841,-0.2739,126,52.2785,6.2618,-0.008,150,33.566,6.2236,-0.2693
4.9,94,119.7668,7.5989,0.5022,102,104.3518,6.9001,0.3463,109,86.9744,6.4062,0.3636,123,66.1408,6.0573,-0.2663,126,52.9047,6.2618,0.0081,150,34.1869,6.1948,-0.3402
5.0,94,120.5291,7.6464,0.43,102,105.0435,6.9349,0.3447,109,87.6169,6.4426,0.3741,123,66.7452,6.0303,-0.2801,126,53.5309,6.2631,0.0298,150,34.8047,6.1609,-0.3746
5.1,94,121.2959,7.689,0.4066,102,105.7388,6.9695,0.3401,109,88.263,6.4799,0.3825,123,67.3468,6.0007,-0.336,126,54.1573,6.264,0.0042,150,35.4191,6.127,-0.2379
5.2,94,122.0669,7.7316,0.4311,102,106.4374,7.003,0.3182,109,88.9129,6.5182,0.3916,123,67.9451,5.9664,-0.3961,126,54.7837,6.2633,-0.0298,150,36.0304,6.0988,-0.1774
5.3,94,122.8423,7.7759,0.406,102,107.1393,7.0346,0.2945,109,89.5667,6.5574,0.4009,123,68.5398,5.9262,-0.4643,126,55.4099,6.2611,-0.0633,150,36.6393,6.0799,-0.1014
5.4,94,123.622,7.8176,0.3529,102,107.8442,7.0639,0.2751,109,90.2244,6.5975,0.41,123,69.1301,5.8798,-0.5253,126,56.0358,6.2572,-0.0584,150,37.2469,6.0715,-0.0223
5.5,94,124.4054,7.8518,0.2693,102,108.552,7.0917,0.2648,109,90.8862,6.6384,0.42,123,69.7155,5.8285,-0.5291,126,56.6612,6.2513,-0.0891,150,37.8541,6.0731,0.0592
5.6,94,125.1919,7.878,0.2078,102,109.2625,7.1183,0.247,109,91.5522,6.6804,0.4304,123,70.2956,5.7738,-0.5553,126,57.2859,6.242,-0.1407,150,38.4619,6.0817,0.1053
5.7,94,125.9808,7.8995,0.1758,102,109.9755,7.1428,0.2213,109,92.2224,6.7235,0.443,123,70.8702,5.7176,-0.556,126,57.9094,6.2276,-0.2145,150,39.0706,6.0924,0.0972
5.8,94,126.7717,7.919,0.164,102,110.6909,7.1645,0.1915,109,92.8969,6.7679,0.4568,123,71.4392,5.6629,-0.5276,126,58.5311,6.207,-0.2473,150,39.6802,6.1006,0.0593
5.9,94,127.5645,7.9362,0.1363,102,111.4083,7.1836,0.1731,109,93.576,6.8135,0.4557,123,72.0029,5.6117,-0.4702,126,59.1504,6.1803,-0.3027,150,40.2905,6.1052,0.0257
6.0,94,128.3587,7.9491,0.0883,102,112.1275,7.2016,0.1872,109,94.2596,6.8595,0.4556,123,72.5617,5.5648,-0.4312,126,59.7669,6.1496,-0.3312,150,40.9011,6.1075,0.0157
6.1,94,129.154,7.9559,0.053,102,112.8486,7.2196,0.1926,109,94.9479,6.905,0.4451,123,73.1161,5.5216,-0.3984,126,60.3803,6.1174,-0.3339,150,41.512,6.1093,0.0176
6.2,94,129.9496,7.9563,-0.0424,102,113.5715,7.2386,0.2073,109,95.6406,6.9493,0.4302,123,73.6662,5.4816,-0.3682,126,60.9904,6.0854,-0.3225,150,42.123,6.1112,0.0166
6.3,94,130.7449,7.9499,-0.1444,102,114.2964,7.2596,0.2358,109,96.3377,6.9921,0.4191,123,74.2125,5.4449,-0.3184,126,61.5974,6.0541,-0.32,150,42.7342,6.1127,0.0194
6.4,94,131.5392,7.9366,-0.2422,102,115.0236,7.2839,0.277,109,97.039,7.034,0.4114,123,74.7554,5.4119,-0.2822,126,62.2012,6.0221,-0.335,150,43.3455,6.1138,0.0127
6.5,94,132.332,7.9183,-0.1247,102,115.7534,7.3122,0.3222,109,97.7444,7.0752,0.406,123,75.2951,5.3833,-0.2367,126,62.8017,5.9881,-0.3627,150,43.957,6.1151,0.0282
6.6,94,133.1229,7.9003,-0.1026,102,116.4862,7.3448,0.3661,109,98.454,7.1158,0.4006,123,75.8323,5.3602,-0.184,126,63.3987,5.9514,-0.3704,150,44.5687,6.1188,0.0833
6.7,94,133.9124,7.8884,-0.0471,102,117.2225,7.3812,0.4047,109,99.1676,7.1558,0.3931,123,76.3675,5.3428,0.0761,126,63.9919,5.913,-0.3818,150,45.181,6.1271,0.1059
6.8,94,134.7011,7.886,0.0158,102,117.9627,7.4209,0.4114,109,99.8851,7.1952,0.3863,123,76.9012,5.3311,0.0463,126,64.5813,5.8742,-0.3768,150,45.7944,6.141,0.1582
6.9,94,135.49,7.8925,0.1022,102,118.7068,7.4624,0.4226,109,100.6066,7.2339,0.3785,123,77.434,5.3261,0.0056,126,65.1668,5.837,-0.3517,150,46.4094,6.1586,0.1755
7.0,94,136.2799,7.9055,0.15,102,119.4551,7.5042,0.4181,109,101.3318,7.2717,0.3698,123,77.9669,5.331,-0.0572,126,65.7489,5.8034,-0.2722,150,47.026,6.175,0.135
7.1,94,137.0712,7.9216,0.1622,102,120.2076,7.5456,0.4132,109,102.0609,7.3086,0.3574,123,78.5009,5.3499,0.2965,126,66.3278,5.775,-0.2211,150,47.644,6.1846,0.0665
7.2,94,137.8642,7.9369,0.1339,102,120.9643,7.5874,0.4137,109,102.7935,7.3445,0.3464,123,79.0377,5.3848,0.4794,126,66.9042,5.7526,-0.1688,150,48.2624,6.1842,-0.0772
7.3,94,138.6584,7.9473,0.1078,102,121.7252,7.6309,0.4348,109,103.5297,7.3791,0.3345,123,79.5786,5.4346,0.6246,126,67.4786,5.7361,-0.1185,150,48.8804,6.1746,-0.1822
7.4,94,139.4532,7.9495,-0.0396,102,122.4905,7.6754,0.4312,109,104.2693,7.4125,0.3219,123,80.1251,5.4947,0.7082,126,68.0517,5.7253,0.0335,150,49.4971,6.1596,-0.2245
7.5,94,140.2478,7.9423,-0.1846,102,123.2602,7.7175,0.3883,109,105.0121,7.4446,0.3005,123,80.6779,5.5607,0.6969,126,68.6239,5.7198,0.0121,150,50.1122,6.1428,-0.1794
7.6,94,141.0413,7.927,-0.2941,102,124.0337,7.7542,0.3046,109,105.7581,7.4753,0.2852,123,81.2375,5.6316,0.7506,126,69.1959,5.719,-0.0051,150,50.7256,6.1256,-0.187
7.7,94,141.833,7.9063,-0.2437,102,124.8107,7.7852,0.2574,109,106.5071,7.504,0.2643,123,81.8045,5.7081,0.8114,126,69.7679,5.7218,-0.0182,150,51.3372,6.1066,-0.2151
7.8,94,142.6224,7.8824,-0.2679,102,125.5905,7.8115,0.2197,109,107.2588,7.5302,0.2368,123,82.3793,5.7891,0.8429,126,70.3404,5.7275,0.0813,150,51.9468,6.0845,-0.2534
7.9,94,143.4093,7.8559,-0.3017,102,126.3728,7.8334,0.1759,109,108.013,7.5533,0.1908,123,82.9623,5.8709,0.7843,126,70.9136,5.7362,0.1163,150,52.554,6.0594,-0.2614
8.0,94,144.1934,7.8253,-0.3549,102,127.157,7.8499,0.091,109,108.7693,7.5731,0.1599,123,83.5534,5.9497,0.7387,126,71.4878,5.7481,0.1562,150,53.1586,6.0326,-0.2669
8.1,94,144.9741,7.7895,-0.3966,102,127.9425,7.861,0.0552,109,109.5274,7.5892,0.1273,123,84.152,6.0229,0.6778,126,72.0634,5.7636,0.198,150,53.7605,6.0061,-0.2584
8.2,94,145.751,7.7487,-0.4417,102,128.7289,7.8671,0.0254,109,110.287,7.6017,0.0936,123,84.7576,6.0902,0.6233,126,72.6407,5.7827,0.2579,150,54.3599,5.9806,-0.2459
8.3,94,146.5237,7.7043,-0.4725,102,129.5157,7.8691,0.001,109,111.0476,7.6105,0.0528,123,85.3698,6.1533,0.6075,126,73.2209,5.8208,0.3038,150,54.9567,5.9561,-0.2515
8.4,94,147.2917,7.6574,-0.4926,102,130.3025,7.8672,-0.0445,109,111.8089,7.6162,0.0328,123,85.9882,6.2151,0.6051,126,73.8043,5.8477,0.3557,150,55.5511,5.9317,-0.2578
8.5,94,148.0551,7.6091,-0.485,102,131.0889,7.8605,-0.1102,109,112.5707,7.6197,0.0186,123,86.6128,6.2761,0.5935,126,74.3906,5.8793,0.4186,150,56.1429,5.9058,-0.2825
8.6,94,148.8135,7.5605,-0.4841,102,131.8743,7.8477,-0.1857,109,113.3328,7.6214,0.0072,123,87.2433,6.3348,0.5597,126,74.9804,5.9163,0.4166,150,56.7321,5.877,-0.318
8.7,94,149.5672,7.5119,-0.4824,102,132.6582,7.8296,-0.2309,109,114.0949,7.6216,-0.0062,123,87.8796,6.3899,0.5338,126,75.5742,5.9594,0.48,150,57.3182,5.8451,-0.3304
8.8,94,150.3159,7.4634,-0.483,102,133.4402,7.8101,-0.1467,109,114.857,7.6203,-0.0242,123,88.5212,6.4421,0.5126,126,76.1726,6.0082,0.5351,150,57.901,5.8112,-0.3424
8.9,94,151.0599,7.4157,-0.4441,102,134.2203,7.7933,-0.1114,109,115.6189,7.6174,-0.0406,123,89.1679,6.493,0.5066,126,76.7761,6.0613,0.5708,150,58.4804,5.7768,-0.3391
9.0,94,151.7992,7.3707,-0.4043,102,134.9991,7.7819,-0.0637,109,116.3804,7.6135,-0.0482,123,89.8198,6.544,0.5143,126,77.385,6.1166,0.5407,150,59.0564,5.7432,-0.3274
9.1,94,152.5343,7.3306,-0.3516,102,135.777,7.7766,-0.018,109,117.1416,7.6097,-0.0575,123,90.4768,6.5966,0.5578,126,77.9994,6.1716,0.527,150,59.6291,5.7112,-0.2673
9.2,94,153.2656,7.2959,-0.3039,102,136.5547,7.7761,0.0127,109,117.9025,7.6081,0.0003,123,91.1393,6.6529,0.6058,126,78.6192,6.2244,0.5,150,60.1988,5.6822,-0.2335
9.3,94,153.9936,7.2653,-0.2771,102,137.3324,7.7779,0.0216,109,118.6634,7.6106,0.0898,123,91.8077,6.7144,0.6648,126,79.2441,6.2741,0.4643,150,60.7658,5.6582,-0.1797
9.4,94,154.7188,7.237,-0.2639,102,138.1103,7.7799,0.0168,109,119.4249,7.6185,0.188,123,92.4824,6.7811,0.7141,126,79.8738,6.3198,0.4262,150,61.3308,5.6412,-0.114
9.5,94,155.4411,7.2101,-0.2508,102,138.8883,7.7814,0.0106,109,120.1874,7.6318,0.1589,123,93.164,6.8509,0.6852,126,80.5078,6.3614,0.3881,150,61.8944,5.6317,-0.1203
9.6,94,156.1609,7.1853,-0.2241,102,139.6665,7.7823,0.0015,109,120.9515,7.6495,0.1995,123,93.8526,6.9199,0.6555,126,81.1459,6.3998,0.3657,150,62.4575,5.629,0.0082
9.7,94,156.8783,7.1637,-0.1841,102,140.4448,7.7828,0.0009,109,121.7174,7.6704,0.2222,123,94.5478,6.9845,0.6008,126,81.7877,6.4369,0.3595,150,63.0205,5.6315,0.0952
9.8,94,157.5938,7.1454,-0.1546,102,141.2231,7.783,0.0001,109,122.4856,7.692,0.2145,123,95.2492,7.0441,0.5567,126,82.4333,6.4737,0.3888,150,63.5839,5.637,0.1342
9.9,94,158.3076,7.1299,-0.133,102,142.0014,7.7829,-0.0006,109,123.2557,7.7113,0.1415,123,95.9565,7.1007,0.5427,126,83.0825,6.5113,0.4003,150,64.1479,5.6434,0.0687
10.0,94,159.0199,7.1165,-0.1171,102,142.7796,7.7825,-0.0066,109,124.0276,7.7259,0.0978,123,96.6694,7.157,0.5481,126,83.7356,6.5508,0.4305,150,64.7126,5.6497,0.0633
10.1,94,159.7309,7.1048,-0.0832,102,143.5578,7.7816,-0.0105,109,124.8007,7.7356,0.0603,123,97.3879,7.2131,0.5377,126,84.3929,6.5945,0.4859,150,65.2779,5.6557,0.0655
10.2,94,160.4409,7.0953,-0.0638,102,144.3359,7.7805,-0.0126,109,125.5745,7.7414,0.035,123,98.1118,7.2661,0.4897,126,85.0548,6.6443,0.5652,150,65.8438,5.6625,0.08
10.3,94,161.1501,7.0885,-0.0413,102,145.1139,7.7793,-0.0107,109,126.3488,7.7447,0.0016,123,98.8407,7.3125,0.3933,126,85.7221,6.7018,0.6526,150,66.4105,5.6712,0.1102
10.4,94,161.8588,7.0847,-0.0179,102,145.8918,7.7784,-0.0091,109,127.1234,7.7466,0.0009,123,99.5739,7.3505,0.3113,126,86.3956,6.7677,0.7435,150,66.9781,5.6825,0.144
10.5,94,162.5672,7.0842,0.0147,102,146.6696,7.7779,-0.0071,109,127.8981,7.7479,0.0009,123,100.3105,7.3807,0.25,126,87.0761,6.8418,0.8249,150,67.5471,5.6972,0.1857
10.6,94,163.2758,7.0876,0.0639,102,147.4474,7.777,-0.0169,109,128.673,7.7498,0.0016,123,101.0498,7.4061,0.2231,126,87.7643,6.9229,0.8542,150,68.1178,5.7157,0.232
10.7,94,163.9849,7.0948,0.1003,102,148.225,7.7751,-0.04,109,129.4477,7.7452,0.0381,123,101.7916,7.4303,0.2357,126,88.461,7.0099,0.9109,150,68.6905,5.7384,0.2594
10.8,94,164.6949,7.1038,0.1059,102,149.0023,7.7711,-0.0537,109,130.2225,7.7499,0.0525,123,102.5359,7.4554,0.2505,126,89.1666,7.1021,0.9593,150,69.2656,5.7649,0.2976
10.9,94,165.4057,7.1126,0.0932,102,149.7791,7.7648,-0.079,109,130.9978,7.7555,0.0567,123,103.2827,7.4813,0.2523,126,89.8815,7.1976,0.98,150,69.8436,5.7948,0.3322
11.0,94,166.1174,7.1211,0.0971,102,150.5551,7.7565,-0.0932,109,131.7736,7.7608,0.0453,123,104.0321,7.506,0.2255,126,90.6061,7.2933,0.9088,150,70.4248,5.8278,0.3633
11.1,94,166.83,7.1313,0.13,102,151.3304,7.7477,-0.0919,109,132.5498,7.7645,0.0239,123,104.7837,7.5267,0.1692,126,91.34,7.3856,0.8614,150,71.0093,5.8636,0.382
11.2,94,167.5438,7.1449,0.1751,102,152.1047,7.7393,-0.0791,109,133.3264,7.7662,0.0086,123,105.5372,7.5423,0.1221,126,92.0829,7.472,0.7957,150,71.5976,5.902,0.4065
11.3,94,168.2592,7.1622,0.2,102,152.8783,7.7318,-0.0731,109,134.103,7.767,0.0056,123,106.292,7.5541,0.0963,126,92.8341,7.551,0.7195,150,72.1898,5.9426,0.4304
11.4,94,168.9764,7.1825,0.2283,102,153.6511,7.7244,-0.0744,109,134.8798,7.7679,0.0113,123,107.0479,7.5644,0.0965,126,93.5927,7.6219,0.6378,150,72.7862,5.9856,0.4545
11.5,94,169.6958,7.2056,0.2568,102,154.4231,7.7168,-0.0787,109,135.6567,7.7694,0.0176,123,107.8049,7.5751,0.0849,126,94.358,7.6846,0.5612,150,73.3871,6.031,0.4787
11.6,94,170.4176,7.2314,0.2871,102,155.1944,7.7088,-0.0836,109,136.4337,7.7713,0.019,123,108.5629,7.5854,0.0725,126,95.1293,7.7399,0.4964,150,73.9926,6.0785,0.5012
11.7,94,171.1422,7.2594,0.2413,102,155.9649,7.7004,-0.087,109,137.2109,7.7732,0.0173,123,109.3218,7.5927,0.0402,126,95.9057,7.7898,0.457,150,74.6029,6.1283,0.5249
11.8,94,171.8695,7.2869,0.2199,102,156.7345,7.6917,-0.0905,109,137.9883,7.7749,0.015,123,110.0813,7.5957,0.0067,126,96.6871,7.8371,0.4613,150,75.2184,6.1808,0.5567
11.9,94,172.5993,7.3096,0.1616,102,157.5032,7.6827,-0.094,109,138.7659,7.7763,0.0114,123,110.8408,7.5956,-0.0141,126,97.4731,7.8842,0.4662,150,75.8393,6.2371,0.5977
12.0,94,173.331,7.3242,0.0843,102,158.271,7.6733,-0.0971,109,139.5436,7.7775,0.0094,123,111.6003,7.5943,-0.0142,126,98.2639,7.9313,0.4638,150,76.466,6.2982,0.651
12.1,94,174.0637,7.3301,0.0179,102,159.0379,7.6636,-0.1006,109,140.3214,7.7784,0.0073,123,112.3597,7.5932,-0.012,126,99.0594,7.9774,0.4432,150,77.0991,6.3641,0.6949
12.2,94,174.7967,7.3296,-0.0294,102,159.8037,7.6535,-0.1046,109,141.0992,7.7792,0.0051,123,113.1189,7.5919,-0.019,126,99.8593,8.0206,0.3968,150,77.739,6.4331,0.7154
12.3,94,175.5295,7.3263,-0.0368,102,160.5685,7.6429,-0.1095,109,141.8772,7.7796,0.4375,123,113.878,7.5896,-0.0239,126,100.6633,8.06,0.3585,150,78.3858,6.503,0.6964
12.4,94,176.262,7.3237,-0.017,102,161.3323,7.6321,-0.1053,109,142.6552,7.7798,0.1059,123,114.6368,7.5862,-0.0341,126,101.4711,8.0956,0.3233,150,79.0396,6.5725,0.6879
12.5,94,176.9944,7.3236,0.0182,102,162.095,7.6218,-0.0962,109,143.4331,7.7798,-0.191,123,115.3952,7.5819,-0.0377,126,102.2822,8.128,0.2972,150,79.7003,6.6412,0.6813
12.6,94,177.7268,7.3251,0.0233,102,162.8567,7.6126,-0.0824,109,144.2111,7.7796,-0.3552,123,116.1532,7.5783,-0.0242,126,103.0965,8.1581,0.2916,150,80.3678,6.7094,0.6775
12.7,94,178.4593,7.3249,-0.0283,102,163.6175,7.6044,-0.0761,109,144.989,7.7793,-0.0042,123,116.911,7.5776,0.0208,126,103.9138,8.1868,0.278,150,81.0421,6.7773,0.6817
12.8,94,179.1916,7.3214,-0.0656,102,164.3776,7.5961,-0.0839,109,145.767,7.7792,-0.0014,123,117.669,7.5825,0.1018,126,104.7338,8.2138,0.2594,150,81.7234,6.8475,0.6787
12.9,94,179.9236,7.3183,-0.0174,102,165.1367,7.5866,-0.1004,109,146.5449,7.779,-0.0047,123,118.4278,7.5934,0.1756,126,105.5565,8.2393,0.2467,150,82.4115,6.9148,0.6745
13.0,94,180.6556,7.3212,0.0955,102,165.8948,7.5759,-0.1083,109,147.3228,7.7782,-0.0259,123,119.188,7.6096,0.2369,126,106.3817,8.2657,0.313,150,83.1063,6.9815,0.6685
13.1,94,181.3883,7.3319,0.1981,102,166.6519,7.5654,-0.0939,109,148.1004,7.7757,-0.0432,123,119.95,7.6311,0.2491,126,107.2099,8.2988,0.427,150,83.8078,7.0477,0.6443
13.2,94,182.1224,7.3518,0.254,102,167.408,7.5575,-0.0601,109,148.8777,7.7702,-0.0839,123,120.7145,7.6593,0.322,126,108.0421,8.3441,0.5838,150,84.5158,7.1131,0.638
13.3,94,182.8586,7.3714,0.2205,102,168.1636,7.5533,-0.0207,109,149.6543,7.7611,-0.1289,123,121.4822,7.6933,0.3667,126,108.8794,8.4025,0.7184,150,85.2304,7.1778,0.6271
13.4,94,183.5968,7.393,0.244,102,168.9189,7.5527,0.0091,109,150.4298,7.7484,-0.1641,123,122.2532,7.7286,0.349,126,109.723,8.4699,0.661,150,85.9513,7.2403,0.5985
13.5,94,184.3373,7.4174,0.281,102,169.674,7.5495,0.0266,109,151.2039,7.7337,-0.1495,123,123.0277,7.7598,0.2649,126,110.5736,8.5402,0.6549,150,86.6782,7.2985,0.5057
13.6,94,185.0805,7.4458,0.3299,102,170.4291,7.553,0.0461,109,151.9765,7.7188,-0.1422,123,123.8049,7.7846,0.2012,126,111.4309,8.6067,0.5921,150,87.4106,7.3491,0.4243
13.7,94,185.8267,7.4789,0.3573,102,171.1847,7.558,0.0646,109,152.7477,7.705,-0.129,123,124.5843,7.8039,0.1614,126,112.2944,8.6643,0.487,150,88.1476,7.3907,0.3383
13.8,94,186.5765,7.5164,0.398,102,171.9408,7.5648,0.0865,109,153.5176,7.6921,-0.1235,123,125.3655,7.8207,0.1562,126,113.1631,8.7094,0.2405,150,88.8883,7.4242,0.2763
13.9,94,187.3302,7.5572,0.4216,102,172.6977,7.5736,0.1065,109,154.2861,7.6793,-0.1201,123,126.1485,7.8382,0.1571,126,114.0356,8.7405,0.1506,150,89.6322,7.4529,0.2546
14.0,94,188.088,7.5989,0.4174,102,173.4556,7.5834,0.0208,109,155.0534,7.6663,-0.1208,123,126.9333,7.8573,0.1697,126,114.9105,8.7576,0.0657,150,90.3788,7.4801,0.2504
14.1,94,188.8498,7.6383,0.3074,102,174.2143,7.5918,0.0148,109,155.8194,7.654,-0.1082,123,127.72,7.8769,0.1658,126,115.7865,8.7618,-0.0138,150,91.1281,7.5063,0.237
14.2,94,189.6153,7.6719,0.2452,102,174.9737,7.5959,0.0024,109,156.5843,7.6436,-0.0832,123,128.5086,7.8955,0.1519,126,116.6623,8.7537,-0.1455,150,91.8799,7.5294,0.1937
14.3,94,190.3838,7.6969,0.1677,102,175.7332,7.5937,-0.0117,109,157.3483,7.6361,-0.0555,123,129.2985,7.9027,0.1552,126,117.5367,8.7352,-0.243,150,92.6337,7.5465,0.0425
14.4,94,191.1542,7.7125,0.0887,102,176.4922,7.586,-0.1004,109,158.1116,7.6309,-0.0375,123,130.0896,7.919,0.1505,126,118.409,8.7098,-0.2892,150,93.3888,7.5558,0.0167
14.5,94,191.9258,7.7192,0.0258,102,177.2503,7.5759,-0.1044,109,158.8745,7.6272,-0.0299,123,130.8823,7.9345,0.1399,126,119.2786,8.6827,-0.2771,150,94.1445,7.5578,-0.0034
14.6,94,192.6978,7.7193,-0.0247,102,178.0074,7.5664,-0.0899,109,159.6371,7.624,-0.0294,123,131.6764,7.948,0.1134,126,120.1456,8.6582,-0.2184,150,94.9001,7.5552,-0.0138
14.7,94,193.4695,7.7161,-0.0372,102,178.7636,7.5574,-0.0925,109,160.3993,7.6208,-0.0254,123,132.4717,7.9586,0.1054,126,121.0104,8.6372,-0.1888,150,95.6554,7.5507,-0.0502
14.8,94,194.241,7.7135,-0.0131,102,179.5188,7.5473,-0.0942,109,161.1613,7.6185,-0.0145,123,133.268,7.9678,0.1084,126,121.8732,8.6182,-0.1794,150,96.4103,7.5465,-0.0406
14.9,94,195.0124,7.7143,0.0341,102,180.273,7.5356,-0.1006,109,161.9231,7.6177,0.0002,123,134.0654,7.9795,0.1657,126,122.7341,8.5997,-0.1794,150,97.1648,7.5427,-0.0401
15.0,94,195.7841,7.7192,0.0805,102,181.026,7.5251,-0.0753,109,162.6849,7.6179,0.0029,123,134.8642,7.9973,0.2467,126,123.5932,8.5816,-0.1526,150,97.9188,7.5383,-0.0569
15.1,94,196.5564,7.7278,0.1163,102,181.7782,7.5187,-0.0313,109,163.4467,7.6172,-0.0147,123,135.6651,8.0212,0.2709,126,124.4505,8.565,-0.1339,150,98.6723,7.5319,-0.0817
15.2,94,197.3298,7.7389,0.1401,102,182.53,7.5171,0.0084,109,164.2082,7.6141,-0.038,123,136.4687,8.049,0.296,126,125.3063,8.5511,-0.1069,150,99.4251,7.5237,-0.0975
15.3,94,198.1043,7.7514,0.1276,102,183.2818,7.5193,0.0501,109,164.9694,7.6093,-0.0427,123,137.275,8.0784,0.3047,126,126.1609,8.5407,-0.0714,150,100.177,7.5145,-0.1048
15.4,94,198.88,7.7642,0.1254,102,184.034,7.5248,0.1028,109,165.7301,7.6057,-0.02,123,138.0844,8.1086,0.311,126,127.0147,8.5352,-0.0391,150,100.9279,7.5042,-0.1193
15.5,94,199.6571,7.7766,0.1208,102,184.787,7.5351,0.18,109,166.4907,7.6056,0.0279,123,138.8968,8.1394,0.3145,126,127.8682,8.5352,0.0412,150,101.6777,7.4916,-0.1587
15.6,94,200.4353,7.7887,0.1181,102,185.5413,7.5513,0.1956,109,167.2515,7.6105,0.0906,123,139.7123,8.171,0.3213,126,128.722,8.5407,0.105,150,102.426,7.4743,-0.2224
15.7,94,201.2148,7.8006,0.1169,102,186.2975,7.5725,0.2393,109,168.013,7.6203,0.1507,123,140.531,8.2031,0.3266,126,129.5765,8.5495,0.1333,150,103.1723,7.4509,-0.2942
15.8,94,201.9955,7.8123,0.1156,102,187.056,7.5967,0.2554,109,168.7758,7.6348,0.203,123,141.3529,8.2357,0.3309,126,130.432,8.5592,0.0619,150,103.9159,7.4217,-0.3514
15.9,94,202.7773,7.8239,0.1145,102,187.8169,7.6214,0.2506,109,169.5402,7.6529,0.1939,123,142.1782,8.2688,0.3353,126,131.2883,8.5677,0.0492,150,104.6565,7.3889,-0.3091
16.0,94,203.5602,7.8354,0.1131,102,188.5802,7.6454,0.2289,109,170.3065,7.6731,0.2069,123,143.0067,8.3025,0.3432,126,132.1454,8.5738,0.0294,150,105.3937,7.3562,-0.289
16.1,94,204.3443,7.8466,0.0761,102,189.3459,7.6682,0.2184,109,171.0748,7.6939,0.2039,123,143.8387,8.3371,0.3521,126,133.0029,8.5761,0.0012,150,106.1279,7.3272,-0.2421
16.2,94,205.1295,7.8568,0.0659,102,190.1138,7.69,0.2092,109,171.8452,7.7138,0.1908,123,144.6742,8.3723,0.3564,126,133.8603,8.5734,-0.0661,150,106.8594,7.3038,-0.1873
16.3,94,205.9156,7.8646,0.0417,102,190.8838,7.7108,0.2003,109,172.6175,7.7324,0.177,123,145.5132,8.4075,0.3453,126,134.7172,8.5643,-0.1447,150,107.5889,7.2862,-0.0997
16.4,94,206.7022,7.8678,0.0029,102,191.6559,7.731,0.1984,109,173.3916,7.7498,0.1682,123,146.3556,8.4419,0.3339,126,135.5729,8.5488,-0.2174,150,108.317,7.2743,-0.0616
16.5,94,207.4888,7.8653,-0.0536,102,192.4301,7.7513,0.2041,109,174.1674,7.7666,0.1665,123,147.2015,8.4751,0.3222,126,136.4267,8.5279,-0.269,150,109.0441,7.2679,-0.0251
16.6,94,208.275,7.858,-0.0877,102,193.2062,7.7723,0.2139,109,174.9449,7.7834,0.1683,123,148.0506,8.5074,0.3149,126,137.2783,8.5037,-0.244,150,109.7708,7.2663,0.0035
16.7,94,209.0603,7.849,-0.0856,102,193.9845,7.7937,0.2112,109,175.7241,7.8004,0.1689,123,148.9029,8.5391,0.3061,126,138.1274,8.4778,-0.2519,150,110.4975,7.2679,0.0275
16.8,94,209.8449,7.8414,-0.0622,102,194.7649,7.8138,0.1787,109,176.505,7.8173,0.1678,123,149.7584,8.5703,0.2997,126,138.9738,8.4519,-0.245,150,111.2244,7.2709,0.0342
16.9,94,210.6288,7.8363,-0.0637,102,195.5472,7.8312,0.149,109,177.2876,7.8341,0.1672,123,150.6169,8.6003,0.283,126,139.8178,8.4278,-0.2167,150,111.9517,7.2745,0.0376
17.0,94,211.4123,7.8343,-0.0088,102,196.331,7.8459,0.1276,109,178.0718,7.8509,0.1657,123,151.4784,8.6282,0.2589,126,140.6596,8.4079,-0.0064,150,112.6793,7.2783,0.0398
17.1,94,212.1958,7.8353,0.0464,102,197.1162,7.8589,0.118,109,178.8578,7.8673,0.1834,123,152.3425,8.6539,0.2426,126,141.4997,8.3944,-0.0037,150,113.4073,7.2818,0.0439
17.2,94,212.9794,7.8383,0.0565,102,197.9028,7.8711,0.1154,109,179.6453,7.8839,0.189,123,153.2091,8.6781,0.2343,126,142.3389,8.389,-0.0003,150,114.1356,7.2839,0.0164
17.3,94,213.7633,7.8394,-0.0129,102,198.6904,7.8827,0.1087,109,180.4346,7.9024,0.2288,123,154.0781,8.7018,0.2328,126,143.178,8.3932,0.0034,150,114.864,7.2847,0.0067
17.4,94,214.547,7.8345,-0.1081,102,199.4793,7.8936,0.1017,109,181.2261,7.9264,0.3115,123,154.9494,8.7251,0.2263,126,144.018,8.4072,0.2022,150,115.5926,7.2866,0.0495
17.5,94,215.3298,7.8219,-0.2027,102,200.2691,7.9037,0.095,109,182.0203,7.9586,0.3745,123,155.823,8.7475,0.2307,126,144.8599,8.4298,0.284,150,116.3216,7.2934,0.113
17.6,94,216.1111,7.8027,-0.2686,102,201.06,7.9132,0.0825,109,182.8182,7.9988,0.4471,123,156.6989,8.7693,0.2324,126,145.7043,8.4587,0.3378,150,117.0517,7.3075,0.2013
17.7,94,216.8902,7.7801,-0.2226,102,201.8517,7.9219,0.075,109,183.6203,8.0441,0.4787,123,157.577,8.7928,0.265,126,146.5518,8.4917,0.3707,150,117.7835,7.3287,0.2716
17.8,94,217.6671,7.758,-0.1992,102,202.6443,7.9296,0.0634,109,184.4271,8.0907,0.4748,123,158.4576,8.8202,0.3175,126,147.4027,8.5267,0.2255,150,118.5176,7.3547,0.3088
17.9,94,218.442,7.7392,-0.1582,102,203.4376,7.9357,0.0468,109,185.2384,8.1361,0.4273,123,159.3412,8.852,0.3278,126,148.2571,8.5608,0.2086,150,119.2545,7.3829,0.2822
18.0,94,219.2151,7.7237,-0.1358,102,204.2314,7.94,0.0388,109,186.0542,8.179,0.4007,123,160.2281,8.8858,0.3286,126,149.1147,8.5901,0.1639,150,119.9943,7.4117,0.2849
18.1,94,219.9867,7.7086,-0.1609,102,205.0255,7.9429,0.0288,109,186.8741,8.2191,0.3735,123,161.1183,8.9181,0.2989,126,149.9747,8.6105,0.0955,150,120.7369,7.4408,0.2866
18.2,94,220.7567,7.6905,-0.201,102,205.8199,7.9458,0.0407,109,187.6979,8.2564,0.3463,123,162.0116,8.9473,0.268,126,150.835,8.596,0.0274,150,121.4824,7.4695,0.2785
18.3,94,221.5247,7.6694,-0.223,102,206.6148,7.9506,0.0716,109,188.5252,8.2909,0.3184,123,162.9077,8.9744,0.2625,126,151.6944,8.5928,-0.1017,150,122.2307,7.4961,0.2142
18.4,94,222.2905,7.648,-0.2064,102,207.4102,7.958,0.0596,109,189.3559,8.3225,0.2917,123,163.8065,9.0016,0.2743,126,152.5531,8.581,-0.1724,150,122.9814,7.5181,0.164
18.5,94,223.0544,7.6294,-0.1516,102,208.2064,7.9664,0.0584,109,190.1896,8.3516,0.2685,123,164.7081,9.0299,0.2849,126,153.4105,8.5663,-0.1702,150,123.734,7.5341,0.1106
18.6,94,223.8166,7.6146,-0.1196,102,209.0034,7.973,0.0337,109,191.0261,8.3786,0.2507,123,165.6125,9.0581,0.2698,126,154.2665,8.5543,-0.1644,150,124.4879,7.5447,0.0717
18.7,94,224.5775,7.6025,-0.1006,102,209.8008,7.9752,-0.0034,109,191.8652,8.4038,0.2416,123,166.5195,9.0835,0.2156,126,155.1217,8.5498,0.0038,150,125.2428,7.5522,0.0798
18.8,94,225.3372,7.5923,-0.0868,102,210.5982,7.9728,-2.5762,109,192.7068,8.4274,0.2247,123,167.429,9.1052,0.1818,126,155.977,8.5562,0.2246,150,125.9984,7.5595,0.0947
18.9,94,226.096,7.5836,-0.0701,102,211.3953,7.9689,-2.1069,109,193.5506,8.4494,0.2094,123,168.3404,9.1237,0.1569,126,156.8336,8.5755,0.4647,150,126.7548,7.5692,0.1361
19.0,94,226.854,7.5764,-0.0568,102,212.1921,7.9678,0.8044,109,194.3966,8.4705,0.2074,123,169.2536,9.1395,0.1324,126,157.6928,8.6072,0.3838,150,127.5124,7.5832,0.1981
19.1,94,227.6113,7.5706,-0.0446,102,212.9891,7.9718,3.4138,109,195.2448,8.4921,0.1984,123,170.1682,9.1522,0.0483,126,158.5555,8.6477,0.4488,150,128.2717,7.6031,0.2473
19.2,94,228.3682,7.5662,-0.033,102,213.7866,7.9791,0.5119,109,196.0951,8.5148,0.2054,123,171.0838,9.1608,0.0279,126,159.4225,8.692,0.4614,150,129.0334,7.63,0.326
19.3,94,229.1247,7.5631,-0.0068,102,214.5848,7.9854,0.2745,109,196.9477,8.5366,0.1824,123,172.0001,9.1645,0.0057,126,160.2939,8.7368,0.4587,150,129.7981,7.6639,0.3966
19.4,94,229.8809,7.5611,-0.0039,102,215.3834,7.9859,-0.2086,109,197.8022,8.5536,0.1208,123,172.9165,9.1636,-0.014,126,161.1699,8.7824,0.479,150,130.5664,7.703,0.4361
19.5,94,230.6369,7.5601,-0.0015,102,216.1816,7.9784,-0.7329,109,198.658,8.5628,0.0909,123,173.8326,9.159,-0.0611,126,162.0506,8.8311,0.5222,150,131.3387,7.7437,0.3809
19.6,94,231.3929,7.5602,0.0018,102,216.9787,7.9636,-0.1852,109,199.5144,8.5644,-0.0335,123,174.7482,9.1524,-0.0712,126,162.9363,8.884,0.5651,150,132.115,7.7818,0.3404
19.7,94,232.1491,7.5621,0.038,102,217.7741,7.9442,-0.2157,109,200.3706,8.5611,-0.088,123,175.6631,9.1454,-0.0687,126,163.8275,8.9403,0.591,150,132.8949,7.8151,0.2885
19.8,94,232.9055,7.5672,0.0886,102,218.5675,7.9231,-0.2201,109,201.2265,8.5559,-0.1065,123,176.5773,9.1389,-0.0637,126,164.7245,8.9982,0.5827,150,133.6778,7.8437,0.2513
19.9,94,233.6627,7.5771,0.1517,102,219.3587,7.9016,-0.222,109,202.0817,8.5491,-0.0929,123,177.4909,9.1325,-0.0749,126,165.6272,9.0565,0.583,150,134.4635,7.8698,0.2603
20.0,94,234.4212,7.592,0.2121,102,220.1477,7.8793,-0.235,109,202.9361,8.5389,-0.149,123,178.4037,9.1253,-0.0949,126,166.5358,9.1147,0.5788,150,135.2518,7.8958,0.27
20.1,94,235.1813,7.6111,0.218,102,220.9344,7.8547,-0.2635,109,203.7892,8.523,-0.2241,123,179.3158,9.1151,-0.145,126,167.4501,9.1724,0.573,150,136.0427,7.9229,0.2848
20.2,94,235.9435,7.6329,0.236,102,221.7186,7.8277,-0.2819,109,204.6404,8.5008,-0.2992,123,180.2265,9.0998,-0.213,126,168.3702,9.2299,0.5566,150,136.8364,7.9514,0.2966
20.3,94,236.708,7.656,0.2467,102,222.5,7.8001,-0.2769,109,205.4891,8.4726,-0.3353,123,181.1355,9.0797,-0.2159,126,169.2962,9.2888,0.5779,150,137.633,7.9809,0.2942
20.4,94,237.4748,7.6806,0.2667,102,223.2786,7.7736,-0.2752,109,206.3347,8.4389,-0.392,123,182.0424,9.0583,-0.205,126,170.2281,9.3496,0.5934,150,138.4326,8.0112,0.2999
20.5,94,238.2442,7.7078,0.3015,102,224.0547,7.7478,-0.2773,109,207.1766,8.4002,-0.4432,123,182.9473,9.0396,-0.1613,126,171.166,9.4086,0.5447,150,139.2353,8.0416,0.2967
20.6,94,239.0165,7.7385,0.3391,102,224.8281,7.7199,-0.3197,109,208.0143,8.3527,-0.4798,123,183.8505,9.024,-0.144,126,172.1093,9.4572,-0.6389,150,140.0409,8.0709,0.28
20.7,94,239.7921,7.7724,0.3701,102,225.5984,7.6869,-0.3879,109,208.8473,8.3076,-0.4501,123,184.752,9.0071,-0.1979,126,173.0564,9.4858,-0.2616,150,140.8493,8.098,0.2439
20.8,94,240.5712,7.8091,0.3974,102,226.3652,7.6476,-0.4249,109,209.6758,8.2622,-0.4437,123,185.6516,8.9842,-0.2744,126,174.0052,9.4897,0.1373,150,141.6604,8.1222,0.2144
20.9,94,241.3541,7.8486,0.4133,102,227.1277,7.6028,-0.4691,109,210.4998,8.2179,-0.4296,123,186.5486,8.9555,-0.3187,126,174.9532,9.4699,0.4883,150,142.4736,8.1434,0.1884
21.0,94,242.1411,7.8914,0.4456,102,227.8856,7.5553,-0.4796,109,211.3194,8.175,-0.4146,123,187.4426,8.9251,-0.3079,126,175.8982,9.4297,-0.5276,150,143.2889,8.1623,0.1697
21.1,94,242.9324,7.9365,0.4632,102,228.6388,7.5084,-0.4575,109,212.1349,8.1338,-0.399,123,188.3337,8.8972,-0.2515,126,176.8383,9.373,-0.6861,150,144.106,8.1797,0.1627
21.2,94,243.7284,7.9823,0.4564,102,229.3874,7.4644,-0.4026,109,212.9463,8.0944,-0.3795,123,189.2222,8.8731,-0.2159,126,177.7721,9.3031,-0.81,150,144.9248,8.1961,0.1569
21.3,94,244.5288,8.0265,0.4222,102,230.1318,7.424,-0.3697,109,213.7538,8.0568,-0.3648,123,190.1085,8.8517,-0.199,126,178.6984,9.2234,-0.8952,150,145.7452,8.212,0.1505
21.4,94,245.3336,8.0684,0.3986,102,230.8724,7.3868,-0.3421,109,214.5577,8.0202,-0.3607,123,190.9926,8.8313,-0.1983,126,179.6165,9.1378,-0.8385,150,146.5672,8.227,0.1399
21.5,94,246.1424,8.1082,0.3817,102,231.6093,7.3524,-0.3138,109,215.3579,7.9834,-0.3775,123,191.8747,8.8107,-0.2154,126,180.5259,9.0507,-0.8314,150,147.3906,8.2407,0.1139
21.6,94,246.9551,8.1466,0.3698,102,232.343,7.3216,-0.2358,109,216.1543,7.9456,-0.391,123,192.7547,8.7901,-0.2168,126,181.4268,8.9666,-0.7788,150,148.2152,8.2529,0.1005
21.7,94,247.7717,8.1837,0.3588,102,233.0739,7.2957,-0.1885,109,216.9469,7.9063,-0.4071,123,193.6327,8.7687,-0.2292,126,182.3196,8.8902,-0.6859,150,149.0411,8.2634,0.0839
21.8,94,248.5918,8.2197,0.3464,102,233.8025,7.2763,-0.1298,109,217.7355,7.8656,-0.4219,123,194.5084,8.7453,-0.2603,126,183.2054,8.8243,-0.5859,150,149.8678,8.2716,0.0588
21.9,94,249.4155,8.2544,0.3338,102,234.5295,7.2643,-0.0678,109,218.52,7.8236,-0.4224,123,195.3816,8.7186,-0.2917,126,184.085,8.7686,-0.5004,150,150.6952,8.2764,0.0464
22.0,94,250.2426,8.2878,0.3222,102,235.2557,7.2594,-0.0201,109,219.3002,7.7814,-0.4213,123,196.2519,8.6887,-0.3185,126,184.9594,8.7188,-0.4699,150,151.5229,8.2773,-0.0179
22.1,94,251.073,8.3199,0.2958,102,235.9817,7.2608,0.0603,109,220.0763,7.7396,-0.412,123,197.1192,8.6569,-0.3306,126,185.8288,8.6703,-0.4772,150,152.3505,8.2746,-0.0683
22.2,94,251.9065,8.3496,0.2675,102,236.7082,7.2676,0.1321,109,220.8482,7.6987,-0.405,123,197.9833,8.6242,-0.3376,126,186.6934,8.621,-0.4827,150,153.1777,8.2693,-0.1028
22.3,94,252.7428,8.3759,0.2299,102,237.4355,7.2797,0.213,109,221.616,7.6576,-0.4178,123,198.844,8.5907,-0.3321,126,187.5531,8.5723,-0.4666,150,154.0042,8.2621,-0.1162
22.4,94,253.5815,8.3986,0.2002,102,238.1644,7.298,0.2385,109,222.3796,7.6145,-0.4463,123,199.7014,8.5567,-0.3361,126,188.408,8.5259,-0.436,150,154.83,8.253,-0.1444
22.5,94,254.4224,8.4192,0.1972,102,238.8955,7.3233,0.3185,109,223.1388,7.5688,-0.4717,123,200.5554,8.5229,-0.3294,126,189.2584,8.4826,-0.4077,150,155.6547,8.2418,-0.1767
22.6,94,255.2653,8.4394,0.1997,102,239.6294,7.3558,0.3937,109,223.8933,7.522,-0.468,123,201.406,8.4904,-0.3083,126,190.1046,8.4417,-0.4054,150,156.4783,8.2283,-0.211
22.7,94,256.1103,8.4597,0.1974,102,240.3669,7.3946,0.4602,109,224.6433,7.4772,-0.417,123,202.2536,8.4601,-0.2976,126,190.9468,8.4021,-0.397,150,157.2995,8.1973,-0.1569
22.8,94,256.9572,8.4791,0.1843,102,241.1086,7.4391,0.48,109,225.3889,7.4362,-0.3761,123,203.0981,8.4311,-0.2961,126,191.785,8.3627,-0.4011,150,158.1184,8.1799,-0.1678
22.9,94,257.806,8.4971,0.0489,102,241.855,7.4876,0.5131,109,226.1307,7.3988,-0.3472,123,203.9397,8.4008,-0.3227,126,192.6193,8.3222,-0.4202,150,158.9355,8.1623,-0.1598
23.0,94,258.6565,8.5133,0.044,102,242.6063,7.5384,0.5263,109,226.8688,7.3638,-0.331,123,204.7781,8.3677,-0.3532,126,193.4494,8.2793,-0.4439,150,159.751,8.1469,-0.1274
23.1,94,259.5067,8.4899,0.039,102,243.3627,7.5905,0.5381,109,227.6035,7.3301,-0.3273,123,205.6132,8.3332,-0.3175,126,194.275,8.2342,-0.4648,150,160.5651,8.1361,2.7648
23.2,94,260.3563,8.5026,0.0342,102,244.1245,7.6448,0.5329,109,228.3349,7.2972,-0.3203,123,206.4449,8.3008,-0.2782,126,195.0961,8.1876,-0.4733,150,161.3785,8.1314,0.4833
23.3,94,261.2071,8.5137,0.0702,102,244.8919,7.704,0.5926,109,229.063,7.2648,-0.318,123,207.2736,8.2738,-0.2186,126,195.9125,8.1406,-0.4719,150,162.1917,8.1327,-1.3505
23.4,94,262.059,8.5232,0.059,102,245.6645,7.7485,0.6626,109,229.7879,7.2328,-0.3144,123,208.0999,8.2527,-0.169,126,196.7243,8.094,-0.4586,150,163.0052,8.1373,-1.8507
23.5,94,262.9117,8.5305,0.039,102,246.443,7.8205,0.7096,109,230.5096,7.2021,-0.2421,123,208.9243,8.2348,-0.191,126,197.5314,8.048,-0.4511,150,163.8191,8.1408,0.0221
23.6,94,263.7649,8.5337,0.0038,102,247.2288,7.8946,0.7087,109,231.2285,7.1755,-0.1942,123,209.7468,8.2148,-0.2475,126,198.3339,8.0028,-0.4419,150,164.6331,8.1392,-0.0639
23.7,94,264.6181,8.5309,-0.064,102,248.0217,7.965,0.6471,109,231.9451,7.156,-0.1255,123,210.5669,8.1878,-0.3456,126,199.132,7.9587,-0.4316,150,165.4466,8.1313,-0.1405
23.8,94,265.4707,8.5221,-0.1196,102,248.8214,8.0283,0.5732,109,232.6601,7.1447,-0.0601,123,211.384,8.1528,-0.4223,126,199.9257,7.9156,-0.4175,150,166.2591,8.119,-0.1793
23.9,94,266.3223,8.5099,-0.1364,102,249.6271,8.0855,0.5278,109,233.3743,7.1399,-0.0026,123,212.1973,8.1142,-0.3858,126,200.7152,7.8738,-0.405,150,167.0703,8.1046,-0.1536
24.0,94,267.1727,8.4976,-0.122,102,250.4384,8.1402,0.5545,109,234.0882,7.1383,-0.0008,123,213.007,8.0787,-0.3241,126,201.5005,7.8333,-0.3916,150,167.88,8.0893,-0.1635
24.1,94,268.0219,8.4867,-0.112,102,251.2552,8.1968,0.5911,109,234.802,7.1377,-0.0006,123,213.8134,8.0498,-0.2548,126,202.2819,7.7941,-0.3778,150,168.6881,8.0729,-0.1745
24.2,94,268.8701,8.4763,-0.116,102,252.0779,8.2574,0.6346,109,235.5158,7.1376,0.0004,123,214.6168,8.0194,-0.2295,126,203.0594,7.7564,-0.3552,150,169.4945,8.0555,-0.1846
24.3,94,269.7171,8.4649,-0.1354,102,252.9068,8.3208,0.6494,109,236.2297,7.1395,0.0427,123,215.4176,7.9948,-0.2668,126,203.8333,7.7205,-0.3365,150,170.2992,8.037,-0.2015
24.4,94,270.563,8.4513,-0.165,102,253.742,8.3832,0.5913,109,236.9439,7.1457,0.1102,123,216.2156,7.9657,-0.3245,126,204.6036,7.6869,-0.3109,150,171.1019,8.017,-0.2211
24.5,94,271.4072,8.4338,-0.2112,102,254.5832,8.4402,0.5201,109,237.6591,7.1578,0.192,123,217.0105,7.9323,-0.3546,126,205.3708,7.6561,-0.2814,150,171.9024,7.9947,-0.248
24.6,94,272.2494,8.41,-0.2922,102,255.4297,8.4904,0.4588,109,238.3758,7.1766,0.2726,123,217.802,7.8981,-0.3411,126,206.135,7.628,-0.2666,150,172.7007,7.9698,-0.2766
24.7,94,273.0888,8.3788,-0.3651,102,256.2811,8.537,0.4516,109,239.0947,7.2013,0.2791,123,218.5902,7.8661,-0.3179,126,206.8965,7.6016,-0.2589,150,173.4963,7.9423,-0.3192
24.8,94,273.9249,8.3432,-0.3859,102,257.1372,8.5854,0.4984,109,239.8163,7.2306,0.317,123,219.3753,7.8363,-0.3054,126,207.6553,7.5752,-0.2648,150,174.289,7.9117,-0.3584
24.9,94,274.7575,8.3084,-0.3044,102,257.9984,8.6376,0.5348,109,240.541,7.2626,0.3323,123,220.1574,7.8057,-0.3338,126,208.4115,7.5484,-0.2691,150,175.0784,7.8762,-0.4302
25.0,94,275.5869,8.2785,-0.2466,102,258.8648,8.6913,0.5286,109,241.2688,7.2951,0.3289,123,220.9363,7.7711,-0.3902,126,209.165,7.5221,-0.2048,150,175.8638,7.8323,-0.5428
